/*******************************************************************************
 * Size: 19 px
 * Bpp: 4
 * Opts: --font /Users/micahsimrose/Library/Fonts/ABCDiatypeEdu-Regular.otf --size 19 --bpp 4 -r 0x20-0x7F,0xA0-0xFF,0x2013-0x2014,0x2018-0x2019,0x201C-0x201D,0x2026,0x2039-0x203A --no-compress --format lvgl -o diatype_regular_19.c
 ******************************************************************************/

#ifdef LV_LVGL_H_INCLUDE_SIMPLE
#include "lvgl.h"
#else
#include "lvgl/lvgl.h"
#endif

#ifndef DIATYPE_REGULAR_19
#define DIATYPE_REGULAR_19 1
#endif

#if DIATYPE_REGULAR_19

/*-----------------
 *    BITMAPS
 *----------------*/

/*Store the image of the glyphs*/
static LV_ATTRIBUTE_LARGE_CONST const uint8_t glyph_bitmap[] = {
    /* U+0020 " " */

    /* U+0021 "!" */
    0x8f, 0x48, 0xf4, 0x8f, 0x48, 0xf4, 0x8f, 0x47,
    0xf2, 0x5f, 0x14, 0xf0, 0x2e, 0x1, 0xd0, 0x3,
    0x1, 0x21, 0x9f, 0x59, 0xf5,

    /* U+0022 "\"" */
    0xf8, 0x1f, 0x6f, 0x81, 0xf6, 0xe6, 0xf, 0x4c,
    0x40, 0xe2, 0x51, 0x6, 0x0,

    /* U+0023 "#" */
    0x0, 0x0, 0xf4, 0x0, 0xe7, 0x0, 0x0, 0x2,
    0xf2, 0x0, 0xf5, 0x0, 0x0, 0x4, 0xf0, 0x2,
    0xf3, 0x0, 0x0, 0x6, 0xe0, 0x4, 0xf0, 0x0,
    0xb, 0xff, 0xff, 0xff, 0xff, 0xf0, 0x3, 0x5d,
    0xb5, 0x5b, 0xd5, 0x50, 0x0, 0xd, 0x70, 0xa,
    0xa0, 0x0, 0x0, 0xf, 0x60, 0xc, 0x80, 0x0,
    0x0, 0x2f, 0x50, 0xe, 0x70, 0x0, 0x4f, 0xff,
    0xff, 0xff, 0xff, 0x50, 0x13, 0x8f, 0x43, 0x6f,
    0x53, 0x10, 0x0, 0x7d, 0x0, 0x4f, 0x0, 0x0,
    0x0, 0x9b, 0x0, 0x7e, 0x0, 0x0, 0x0, 0xb9,
    0x0, 0x9c, 0x0, 0x0,

    /* U+0024 "$" */
    0x0, 0x0, 0x6, 0x40, 0x0, 0x0, 0x0, 0x0,
    0xd8, 0x0, 0x0, 0x0, 0x2, 0x7e, 0xc4, 0x0,
    0x0, 0x8, 0xff, 0xff, 0xfd, 0x20, 0x6, 0xf9,
    0x1d, 0x84, 0xfc, 0x0, 0xce, 0x0, 0xd8, 0x9,
    0xf2, 0xd, 0xd0, 0xd, 0x80, 0x37, 0x20, 0x9f,
    0x60, 0xd8, 0x0, 0x0, 0x1, 0xdf, 0xce, 0xa0,
    0x0, 0x0, 0x0, 0x8e, 0xff, 0xe9, 0x0, 0x0,
    0x0, 0xd, 0xce, 0xfd, 0x0, 0x0, 0x0, 0xd8,
    0x9, 0xf6, 0x4f, 0x60, 0xd, 0x80, 0x1f, 0x91,
    0xfa, 0x0, 0xd8, 0x2, 0xf8, 0xa, 0xf5, 0xd,
    0x80, 0xaf, 0x30, 0x1d, 0xfb, 0xed, 0xdf, 0x70,
    0x0, 0x8, 0xcf, 0xfb, 0x40, 0x0, 0x0, 0x0,
    0xd8, 0x0, 0x0, 0x0, 0x0, 0xd, 0x80, 0x0,
    0x0,

    /* U+0025 "%" */
    0x3, 0xcf, 0xc3, 0x0, 0x0, 0x1e, 0x90, 0x0,
    0xec, 0x5b, 0xf1, 0x0, 0xb, 0xd0, 0x0, 0x4f,
    0x30, 0x2f, 0x60, 0x6, 0xf3, 0x0, 0x5, 0xf2,
    0x1, 0xf6, 0x2, 0xf8, 0x0, 0x0, 0x1f, 0xa3,
    0xaf, 0x30, 0xcd, 0x0, 0x0, 0x0, 0x6f, 0xff,
    0x70, 0x7f, 0x20, 0x0, 0x0, 0x0, 0x13, 0x10,
    0x3f, 0x70, 0x0, 0x0, 0x0, 0x0, 0x0, 0xd,
    0xc0, 0x0, 0x0, 0x0, 0x0, 0x0, 0x8, 0xf2,
    0x9, 0xef, 0xa1, 0x0, 0x0, 0x3, 0xf6, 0x7,
    0xf6, 0x5f, 0xa0, 0x0, 0x0, 0xda, 0x0, 0xcb,
    0x0, 0x9e, 0x0, 0x0, 0x9e, 0x10, 0xc, 0xb0,
    0x9, 0xe0, 0x0, 0x4f, 0x40, 0x0, 0x7f, 0x76,
    0xe9, 0x0, 0x1e, 0x90, 0x0, 0x0, 0x8e, 0xe9,
    0x0,

    /* U+0026 "&" */
    0x0, 0x5, 0xcf, 0xd8, 0x0, 0x0, 0x0, 0x4f,
    0xe8, 0xbf, 0x80, 0x0, 0x0, 0xaf, 0x30, 0xd,
    0xd0, 0x0, 0x0, 0x9f, 0x20, 0xe, 0xc0, 0x0,
    0x0, 0x4f, 0x90, 0x8f, 0x60, 0x0, 0x0, 0x9,
    0xfc, 0xf7, 0x0, 0x0, 0x0, 0x8, 0xff, 0x70,
    0x0, 0x0, 0x0, 0xcf, 0x9e, 0xe1, 0xa, 0xe0,
    0x9, 0xf6, 0x3, 0xfc, 0xd, 0xd0, 0xf, 0xb0,
    0x0, 0x6f, 0xbf, 0x90, 0x2f, 0x90, 0x0, 0x9,
    0xff, 0x20, 0xf, 0xe0, 0x0, 0x6, 0xff, 0x30,
    0x6, 0xfd, 0x88, 0xcf, 0x9e, 0xd0, 0x0, 0x4c,
    0xee, 0xa4, 0x5, 0xf9,

    /* U+0027 "'" */
    0xf8, 0xf8, 0xe6, 0xc4, 0x51,

    /* U+0028 "(" */
    0x0, 0xd, 0xc0, 0x7, 0xf4, 0x0, 0xed, 0x0,
    0x4f, 0x60, 0x9, 0xf1, 0x0, 0xdd, 0x0, 0xf,
    0xb0, 0x0, 0xfa, 0x0, 0x1f, 0x90, 0x0, 0xfa,
    0x0, 0xf, 0xb0, 0x0, 0xdd, 0x0, 0x9, 0xf1,
    0x0, 0x4f, 0x60, 0x0, 0xed, 0x0, 0x7, 0xf4,
    0x0, 0xd, 0xc0,

    /* U+0029 ")" */
    0x5f, 0x30, 0x0, 0xed, 0x0, 0x7, 0xf4, 0x0,
    0xf, 0xb0, 0x0, 0xbf, 0x0, 0x7, 0xf3, 0x0,
    0x5f, 0x50, 0x3, 0xf6, 0x0, 0x3f, 0x70, 0x3,
    0xf6, 0x0, 0x5f, 0x50, 0x7, 0xf3, 0x0, 0xbf,
    0x0, 0xf, 0xb0, 0x7, 0xf4, 0x0, 0xed, 0x0,
    0x5f, 0x30, 0x0,

    /* U+002A "*" */
    0x0, 0x30, 0x21, 0x0, 0xe, 0x2b, 0x60, 0x0,
    0x5d, 0xd0, 0x3, 0xff, 0xff, 0xfa, 0x0, 0x5d,
    0xd0, 0x0, 0xe, 0x2a, 0x60, 0x0, 0x30, 0x11,
    0x0,

    /* U+002B "+" */
    0x0, 0x0, 0x6b, 0x0, 0x0, 0x0, 0x0, 0x8d,
    0x0, 0x0, 0x0, 0x0, 0x8d, 0x0, 0x0, 0x1,
    0x11, 0x9d, 0x11, 0x11, 0x5f, 0xff, 0xff, 0xff,
    0xfa, 0x14, 0x44, 0xae, 0x44, 0x43, 0x0, 0x0,
    0x8d, 0x0, 0x0, 0x0, 0x0, 0x8d, 0x0, 0x0,
    0x0, 0x0, 0x8d, 0x0, 0x0, 0x0, 0x0, 0x8d,
    0x0, 0x0,

    /* U+002C "," */
    0x35, 0x2b, 0xf6, 0xbf, 0x60, 0xc6, 0x1e, 0x3b,
    0xa0, 0x20, 0x0,

    /* U+002D "-" */
    0x12, 0x22, 0x20, 0xcf, 0xff, 0xf2, 0x45, 0x55,
    0x50,

    /* U+002E "." */
    0x45, 0x1c, 0xf5, 0xcf, 0x50,

    /* U+002F "/" */
    0x0, 0x0, 0x6, 0xf1, 0x0, 0x0, 0xc, 0xb0,
    0x0, 0x0, 0x2f, 0x50, 0x0, 0x0, 0x8f, 0x0,
    0x0, 0x0, 0xe9, 0x0, 0x0, 0x4, 0xf3, 0x0,
    0x0, 0xa, 0xd0, 0x0, 0x0, 0xf, 0x70, 0x0,
    0x0, 0x6f, 0x10, 0x0, 0x0, 0xcb, 0x0, 0x0,
    0x2, 0xf5, 0x0, 0x0, 0x8, 0xe0, 0x0, 0x0,
    0xe, 0x90, 0x0, 0x0, 0x4f, 0x30, 0x0, 0x0,

    /* U+0030 "0" */
    0x0, 0x4a, 0xed, 0x91, 0x0, 0x5, 0xfd, 0x8a,
    0xfd, 0x10, 0xf, 0xc0, 0x0, 0x3f, 0xa0, 0x6f,
    0x40, 0x0, 0xa, 0xf1, 0xbf, 0x0, 0x0, 0x5,
    0xf5, 0xdd, 0x0, 0x0, 0x3, 0xf7, 0xfc, 0x0,
    0x0, 0x2, 0xf9, 0xfc, 0x0, 0x0, 0x2, 0xf9,
    0xdd, 0x0, 0x0, 0x3, 0xf7, 0xbf, 0x0, 0x0,
    0x5, 0xf6, 0x7f, 0x40, 0x0, 0xa, 0xf2, 0x1f,
    0xc0, 0x0, 0x3f, 0xa0, 0x6, 0xfd, 0x89, 0xee,
    0x20, 0x0, 0x4b, 0xed, 0x91, 0x0,

    /* U+0031 "1" */
    0x0, 0x3, 0xf5, 0x0, 0xc, 0xf5, 0x4, 0xdf,
    0xf5, 0x7f, 0xe6, 0xf5, 0x59, 0x24, 0xf5, 0x0,
    0x4, 0xf5, 0x0, 0x4, 0xf5, 0x0, 0x4, 0xf5,
    0x0, 0x4, 0xf5, 0x0, 0x4, 0xf5, 0x0, 0x4,
    0xf5, 0x0, 0x4, 0xf5, 0x0, 0x4, 0xf5, 0x0,
    0x4, 0xf5,

    /* U+0032 "2" */
    0x0, 0x8, 0xdf, 0xd7, 0x0, 0x0, 0xdf, 0xa8,
    0xbf, 0xb0, 0x8, 0xf6, 0x0, 0x9, 0xf5, 0xc,
    0xe0, 0x0, 0x2, 0xf9, 0xf, 0xc0, 0x0, 0x1,
    0xf9, 0x1, 0x10, 0x0, 0x5, 0xf6, 0x0, 0x0,
    0x0, 0x1e, 0xe0, 0x0, 0x0, 0x1, 0xdf, 0x40,
    0x0, 0x0, 0x3e, 0xf4, 0x0, 0x0, 0x6, 0xfd,
    0x20, 0x0, 0x0, 0x7f, 0xb1, 0x0, 0x0, 0x5,
    0xfa, 0x0, 0x0, 0x0, 0xd, 0xfa, 0x99, 0x99,
    0x98, 0x1f, 0xff, 0xff, 0xff, 0xfe,

    /* U+0033 "3" */
    0x0, 0x19, 0xdf, 0xda, 0x20, 0x0, 0x1e, 0xfa,
    0x79, 0xff, 0x20, 0xa, 0xf3, 0x0, 0x3, 0xfa,
    0x0, 0xab, 0x0, 0x0, 0xf, 0xc0, 0x0, 0x0,
    0x0, 0x5, 0xf7, 0x0, 0x0, 0x2, 0x8b, 0xf9,
    0x0, 0x0, 0x0, 0x4f, 0xfd, 0x40, 0x0, 0x0,
    0x0, 0x2, 0xbf, 0x60, 0x0, 0x0, 0x0, 0x0,
    0xde, 0x0, 0x64, 0x0, 0x0, 0x9, 0xf1, 0xf,
    0xb0, 0x0, 0x0, 0xbf, 0x0, 0xbf, 0x30, 0x0,
    0x3f, 0xb0, 0x2, 0xef, 0x97, 0x9f, 0xe2, 0x0,
    0x1, 0x9d, 0xfd, 0x91, 0x0,

    /* U+0034 "4" */
    0x0, 0x0, 0x4, 0xff, 0x40, 0x0, 0x0, 0x0,
    0xdf, 0xf4, 0x0, 0x0, 0x0, 0x8f, 0x8f, 0x40,
    0x0, 0x0, 0x2f, 0x76, 0xf4, 0x0, 0x0, 0xc,
    0xd0, 0x6f, 0x40, 0x0, 0x6, 0xf4, 0x6, 0xf4,
    0x0, 0x1, 0xea, 0x0, 0x6f, 0x40, 0x0, 0x9e,
    0x10, 0x6, 0xf4, 0x0, 0x3f, 0x60, 0x0, 0x6f,
    0x40, 0x7, 0xff, 0xff, 0xff, 0xff, 0xfb, 0x49,
    0x99, 0x99, 0xcf, 0xb9, 0x70, 0x0, 0x0, 0x6,
    0xf4, 0x0, 0x0, 0x0, 0x0, 0x6f, 0x40, 0x0,
    0x0, 0x0, 0x6, 0xf4, 0x0,

    /* U+0035 "5" */
    0x0, 0xff, 0xff, 0xff, 0xf4, 0x0, 0x2f, 0xb9,
    0x99, 0x99, 0x20, 0x4, 0xf2, 0x0, 0x0, 0x0,
    0x0, 0x6f, 0x0, 0x0, 0x0, 0x0, 0x8, 0xe2,
    0xae, 0xd9, 0x0, 0x0, 0xae, 0xea, 0x7a, 0xfd,
    0x0, 0xc, 0xf4, 0x0, 0x7, 0xf7, 0x0, 0x54,
    0x0, 0x0, 0xe, 0xd0, 0x0, 0x0, 0x0, 0x0,
    0xcf, 0x0, 0x21, 0x0, 0x0, 0xc, 0xe0, 0xf,
    0xa0, 0x0, 0x0, 0xfc, 0x0, 0xcf, 0x20, 0x0,
    0x8f, 0x50, 0x3, 0xfe, 0x87, 0xbf, 0xb0, 0x0,
    0x2, 0xad, 0xfc, 0x60, 0x0,

    /* U+0036 "6" */
    0x0, 0x1, 0xae, 0xfd, 0x80, 0x0, 0x2, 0xed,
    0x87, 0xbf, 0xb0, 0x0, 0xdb, 0x0, 0x0, 0x9f,
    0x20, 0x4f, 0x20, 0x0, 0x0, 0x0, 0xa, 0xd0,
    0x9e, 0xeb, 0x20, 0x0, 0xcb, 0xcd, 0x89, 0xff,
    0x30, 0xe, 0xfc, 0x0, 0x3, 0xfc, 0x0, 0xff,
    0x30, 0x0, 0xa, 0xf1, 0xe, 0xf0, 0x0, 0x0,
    0x7f, 0x30, 0xcf, 0x0, 0x0, 0x7, 0xf3, 0x8,
    0xf3, 0x0, 0x0, 0xaf, 0x0, 0x2f, 0xa0, 0x0,
    0x3f, 0xa0, 0x0, 0x7f, 0xb6, 0x8f, 0xe1, 0x0,
    0x0, 0x5d, 0xfd, 0x91, 0x0,

    /* U+0037 "7" */
    0x8f, 0xff, 0xff, 0xff, 0xf3, 0x59, 0x99, 0x99,
    0x9c, 0xf3, 0x0, 0x0, 0x0, 0x1e, 0xa0, 0x0,
    0x0, 0x0, 0xce, 0x10, 0x0, 0x0, 0x7, 0xf4,
    0x0, 0x0, 0x0, 0xe, 0xc0, 0x0, 0x0, 0x0,
    0x7f, 0x40, 0x0, 0x0, 0x0, 0xed, 0x0, 0x0,
    0x0, 0x3, 0xf8, 0x0, 0x0, 0x0, 0x8, 0xf3,
    0x0, 0x0, 0x0, 0xd, 0xe0, 0x0, 0x0, 0x0,
    0xf, 0xc0, 0x0, 0x0, 0x0, 0x2f, 0xa0, 0x0,
    0x0, 0x0, 0x4f, 0x80, 0x0, 0x0,

    /* U+0038 "8" */
    0x0, 0x18, 0xdf, 0xeb, 0x40, 0x0, 0x1d, 0xf9,
    0x67, 0xdf, 0x60, 0x8, 0xf4, 0x0, 0x0, 0xde,
    0x0, 0xaf, 0x10, 0x0, 0xa, 0xf0, 0x5, 0xf9,
    0x0, 0x3, 0xfb, 0x0, 0x7, 0xfe, 0xcd, 0xfb,
    0x10, 0x0, 0x2c, 0xff, 0xff, 0x60, 0x0, 0x2f,
    0xd4, 0x2, 0x9f, 0x80, 0xb, 0xf2, 0x0, 0x0,
    0xaf, 0x20, 0xfc, 0x0, 0x0, 0x5, 0xf6, 0xe,
    0xd0, 0x0, 0x0, 0x6f, 0x50, 0xaf, 0x40, 0x0,
    0xc, 0xf1, 0x1, 0xef, 0x96, 0x7d, 0xf7, 0x0,
    0x1, 0x8d, 0xfe, 0xb4, 0x0,

    /* U+0039 "9" */
    0x0, 0x19, 0xdf, 0xd7, 0x0, 0x0, 0x2e, 0xf8,
    0x69, 0xf9, 0x0, 0xb, 0xf3, 0x0, 0x4, 0xf4,
    0x0, 0xfb, 0x0, 0x0, 0xd, 0xa0, 0xf, 0xb0,
    0x0, 0x0, 0xcf, 0x0, 0xde, 0x10, 0x0, 0x2f,
    0xf1, 0x5, 0xfc, 0x42, 0x5d, 0xdf, 0x20, 0x5,
    0xef, 0xff, 0x77, 0xf2, 0x0, 0x0, 0x23, 0x0,
    0x9f, 0x0, 0x0, 0x0, 0x0, 0xb, 0xe0, 0x9,
    0xb0, 0x0, 0x1, 0xf9, 0x0, 0x9f, 0x40, 0x0,
    0xaf, 0x30, 0x1, 0xff, 0x87, 0xcf, 0x70, 0x0,
    0x2, 0xae, 0xfc, 0x50, 0x0,

    /* U+003A ":" */
    0xcf, 0x5c, 0xf5, 0x45, 0x10, 0x0, 0x0, 0x0,
    0x0, 0x45, 0x1c, 0xf5, 0xcf, 0x50,

    /* U+003B ";" */
    0xcf, 0x5c, 0xf5, 0x45, 0x10, 0x0, 0x0, 0x0,
    0x0, 0x45, 0x1c, 0xf5, 0xcf, 0x50, 0xc5, 0x1f,
    0x2b, 0xa0, 0x20, 0x0,

    /* U+003C "<" */
    0x0, 0x0, 0x0, 0x0, 0x40, 0x0, 0x0, 0x0,
    0x6d, 0xf1, 0x0, 0x1, 0x8e, 0xfd, 0x60, 0x2,
    0xaf, 0xfa, 0x40, 0x0, 0x5f, 0xe8, 0x10, 0x0,
    0x0, 0x4f, 0xf8, 0x20, 0x0, 0x0, 0x2, 0x9f,
    0xfb, 0x40, 0x0, 0x0, 0x1, 0x7e, 0xfd, 0x60,
    0x0, 0x0, 0x0, 0x6d, 0xf1, 0x0, 0x0, 0x0,
    0x0, 0x40,

    /* U+003D "=" */
    0x11, 0x11, 0x11, 0x11, 0x10, 0xbf, 0xff, 0xff,
    0xff, 0xf4, 0x34, 0x44, 0x44, 0x44, 0x41, 0x0,
    0x0, 0x0, 0x0, 0x0, 0x11, 0x11, 0x11, 0x11,
    0x10, 0xbf, 0xff, 0xff, 0xff, 0xf4, 0x34, 0x44,
    0x44, 0x44, 0x41,

    /* U+003E ">" */
    0x50, 0x0, 0x0, 0x0, 0xd, 0xe8, 0x10, 0x0,
    0x0, 0x4b, 0xff, 0xa2, 0x0, 0x0, 0x2, 0x9f,
    0xfb, 0x40, 0x0, 0x0, 0x6, 0xdf, 0x90, 0x0,
    0x1, 0x7d, 0xf8, 0x0, 0x39, 0xff, 0xb4, 0x5,
    0xcf, 0xf9, 0x20, 0x0, 0xde, 0x71, 0x0, 0x0,
    0x4, 0x0, 0x0, 0x0, 0x0,

    /* U+003F "?" */
    0x0, 0x3b, 0xee, 0xb3, 0x0, 0x5, 0xfe, 0x88,
    0xef, 0x40, 0xe, 0xd0, 0x0, 0x1e, 0xd0, 0x3f,
    0x70, 0x0, 0xb, 0xf0, 0x28, 0x20, 0x0, 0xe,
    0xe0, 0x0, 0x0, 0x0, 0x9f, 0x60, 0x0, 0x0,
    0xa, 0xf8, 0x0, 0x0, 0x0, 0x8f, 0x80, 0x0,
    0x0, 0x0, 0xfc, 0x0, 0x0, 0x0, 0x2, 0xf8,
    0x0, 0x0, 0x0, 0x1, 0x41, 0x0, 0x0, 0x0,
    0x1, 0x21, 0x0, 0x0, 0x0, 0x6, 0xf8, 0x0,
    0x0, 0x0, 0x6, 0xf8, 0x0, 0x0,

    /* U+0040 "@" */
    0x0, 0x0, 0x0, 0x0, 0x0, 0x0, 0x0, 0x0,
    0x0, 0x2a, 0xef, 0xeb, 0x60, 0x0, 0x0, 0x7,
    0xfb, 0x74, 0x59, 0xfc, 0x10, 0x0, 0x7f, 0x50,
    0x0, 0x0, 0x1c, 0xb0, 0x2, 0xf6, 0x3, 0xce,
    0xbd, 0x72, 0xf5, 0xa, 0xc0, 0x2f, 0x50, 0x9f,
    0x60, 0xb9, 0xe, 0x80, 0xaa, 0x0, 0x2f, 0x40,
    0x8c, 0xf, 0x50, 0xd7, 0x0, 0xf, 0x30, 0x8c,
    0x1f, 0x40, 0xd8, 0x0, 0x3f, 0x10, 0xb9, 0xf,
    0x70, 0x9e, 0x21, 0xcf, 0x45, 0xf3, 0xc, 0xa0,
    0x1c, 0xff, 0x89, 0xff, 0x60, 0x5, 0xf3, 0x0,
    0x10, 0x0, 0x10, 0x0, 0x0, 0xbd, 0x20, 0x0,
    0x0, 0x12, 0x0, 0x0, 0x1c, 0xf7, 0x41, 0x37,
    0xea, 0x0, 0x0, 0x0, 0x7d, 0xff, 0xfe, 0x70,
    0x0, 0x0, 0x0, 0x0, 0x3, 0x10, 0x0, 0x0,

    /* U+0041 "A" */
    0x0, 0x0, 0xc, 0xfa, 0x0, 0x0, 0x0, 0x0,
    0x2, 0xff, 0xf1, 0x0, 0x0, 0x0, 0x0, 0x8f,
    0x6f, 0x70, 0x0, 0x0, 0x0, 0xe, 0xc0, 0xed,
    0x0, 0x0, 0x0, 0x4, 0xf6, 0x9, 0xf3, 0x0,
    0x0, 0x0, 0xaf, 0x10, 0x3f, 0x90, 0x0, 0x0,
    0x1f, 0xb0, 0x0, 0xdf, 0x0, 0x0, 0x6, 0xf5,
    0x0, 0x7, 0xf5, 0x0, 0x0, 0xdf, 0x98, 0x88,
    0xaf, 0xb0, 0x0, 0x3f, 0xff, 0xff, 0xff, 0xff,
    0x20, 0x9, 0xf3, 0x0, 0x0, 0x6, 0xf8, 0x0,
    0xed, 0x0, 0x0, 0x0, 0xf, 0xe0, 0x5f, 0x70,
    0x0, 0x0, 0x0, 0xaf, 0x4b, 0xf1, 0x0, 0x0,
    0x0, 0x4, 0xfa,

    /* U+0042 "B" */
    0x4f, 0xff, 0xff, 0xec, 0x50, 0x4, 0xfb, 0x88,
    0x8a, 0xef, 0x60, 0x4f, 0x60, 0x0, 0x1, 0xee,
    0x4, 0xf6, 0x0, 0x0, 0xb, 0xf0, 0x4f, 0x60,
    0x0, 0x0, 0xde, 0x4, 0xf6, 0x0, 0x1, 0x9f,
    0x70, 0x4f, 0xff, 0xff, 0xff, 0x60, 0x4, 0xfb,
    0x88, 0x8a, 0xef, 0x40, 0x4f, 0x60, 0x0, 0x0,
    0xcf, 0x14, 0xf6, 0x0, 0x0, 0x6, 0xf5, 0x4f,
    0x60, 0x0, 0x0, 0x6f, 0x54, 0xf6, 0x0, 0x0,
    0xc, 0xf2, 0x4f, 0xb8, 0x88, 0xae, 0xf9, 0x4,
    0xff, 0xff, 0xfe, 0xb5, 0x0,

    /* U+0043 "C" */
    0x0, 0x0, 0x5a, 0xdf, 0xc9, 0x10, 0x0, 0x0,
    0xaf, 0xeb, 0x9c, 0xff, 0x50, 0x0, 0xaf, 0x90,
    0x0, 0x3, 0xef, 0x20, 0x4f, 0xa0, 0x0, 0x0,
    0x5, 0xf9, 0xb, 0xf2, 0x0, 0x0, 0x0, 0xa,
    0x90, 0xde, 0x0, 0x0, 0x0, 0x0, 0x0, 0xf,
    0xc0, 0x0, 0x0, 0x0, 0x0, 0x0, 0xfc, 0x0,
    0x0, 0x0, 0x0, 0x0, 0xd, 0xf0, 0x0, 0x0,
    0x0, 0x0, 0x0, 0xbf, 0x30, 0x0, 0x0, 0x0,
    0x99, 0x4, 0xfb, 0x0, 0x0, 0x0, 0x4f, 0x90,
    0xb, 0xfa, 0x0, 0x0, 0x3e, 0xf3, 0x0, 0x1b,
    0xfe, 0xb9, 0xcf, 0xf5, 0x0, 0x0, 0x5, 0xad,
    0xfd, 0x92, 0x0,

    /* U+0044 "D" */
    0x4f, 0xff, 0xfe, 0xc9, 0x20, 0x0, 0x4f, 0xb8,
    0x8a, 0xcf, 0xf9, 0x0, 0x4f, 0x60, 0x0, 0x2,
    0xbf, 0x90, 0x4f, 0x60, 0x0, 0x0, 0xe, 0xf2,
    0x4f, 0x60, 0x0, 0x0, 0x6, 0xf8, 0x4f, 0x60,
    0x0, 0x0, 0x2, 0xfb, 0x4f, 0x60, 0x0, 0x0,
    0x0, 0xfc, 0x4f, 0x60, 0x0, 0x0, 0x0, 0xfc,
    0x4f, 0x60, 0x0, 0x0, 0x2, 0xf9, 0x4f, 0x60,
    0x0, 0x0, 0x6, 0xf7, 0x4f, 0x60, 0x0, 0x0,
    0xe, 0xf1, 0x4f, 0x60, 0x0, 0x2, 0xbf, 0x70,
    0x4f, 0xb8, 0x8a, 0xcf, 0xf8, 0x0, 0x4f, 0xff,
    0xfe, 0xc9, 0x30, 0x0,

    /* U+0045 "E" */
    0x4f, 0xff, 0xff, 0xff, 0xf5, 0x4f, 0xb8, 0x88,
    0x88, 0x83, 0x4f, 0x60, 0x0, 0x0, 0x0, 0x4f,
    0x60, 0x0, 0x0, 0x0, 0x4f, 0x60, 0x0, 0x0,
    0x0, 0x4f, 0x60, 0x0, 0x0, 0x0, 0x4f, 0xff,
    0xff, 0xff, 0xf0, 0x4f, 0xb8, 0x88, 0x88, 0x80,
    0x4f, 0x60, 0x0, 0x0, 0x0, 0x4f, 0x60, 0x0,
    0x0, 0x0, 0x4f, 0x60, 0x0, 0x0, 0x0, 0x4f,
    0x60, 0x0, 0x0, 0x0, 0x4f, 0xb8, 0x88, 0x88,
    0x85, 0x4f, 0xff, 0xff, 0xff, 0xf9,

    /* U+0046 "F" */
    0x4f, 0xff, 0xff, 0xff, 0xf5, 0x4f, 0xb8, 0x88,
    0x88, 0x83, 0x4f, 0x60, 0x0, 0x0, 0x0, 0x4f,
    0x60, 0x0, 0x0, 0x0, 0x4f, 0x60, 0x0, 0x0,
    0x0, 0x4f, 0x60, 0x0, 0x0, 0x0, 0x4f, 0xff,
    0xff, 0xff, 0xf0, 0x4f, 0xb8, 0x88, 0x88, 0x80,
    0x4f, 0x60, 0x0, 0x0, 0x0, 0x4f, 0x60, 0x0,
    0x0, 0x0, 0x4f, 0x60, 0x0, 0x0, 0x0, 0x4f,
    0x60, 0x0, 0x0, 0x0, 0x4f, 0x60, 0x0, 0x0,
    0x0, 0x4f, 0x60, 0x0, 0x0, 0x0,

    /* U+0047 "G" */
    0x0, 0x0, 0x4a, 0xdf, 0xd9, 0x20, 0x0, 0x0,
    0xaf, 0xeb, 0x9b, 0xff, 0x50, 0x0, 0x9f, 0x90,
    0x0, 0x2, 0xef, 0x30, 0x4f, 0xb0, 0x0, 0x0,
    0x4, 0xf9, 0xb, 0xf3, 0x0, 0x0, 0x0, 0x1,
    0x10, 0xff, 0x0, 0x0, 0x0, 0x0, 0x0, 0x1f,
    0xc0, 0x0, 0x7, 0x88, 0x88, 0x70, 0xfc, 0x0,
    0x0, 0xef, 0xff, 0xfd, 0xe, 0xe0, 0x0, 0x0,
    0x0, 0xc, 0xd0, 0xbf, 0x30, 0x0, 0x0, 0x0,
    0xed, 0x4, 0xfb, 0x0, 0x0, 0x0, 0x4f, 0xd0,
    0xb, 0xfa, 0x0, 0x0, 0x2d, 0xfd, 0x0, 0x1a,
    0xfe, 0xa9, 0xbf, 0xc9, 0xd0, 0x0, 0x6, 0xce,
    0xfc, 0x70, 0x9d,

    /* U+0048 "H" */
    0x4f, 0x60, 0x0, 0x0, 0x7, 0xf3, 0x4f, 0x60,
    0x0, 0x0, 0x7, 0xf3, 0x4f, 0x60, 0x0, 0x0,
    0x7, 0xf3, 0x4f, 0x60, 0x0, 0x0, 0x7, 0xf3,
    0x4f, 0x60, 0x0, 0x0, 0x7, 0xf3, 0x4f, 0x60,
    0x0, 0x0, 0x7, 0xf3, 0x4f, 0xff, 0xff, 0xff,
    0xff, 0xf3, 0x4f, 0xb8, 0x88, 0x88, 0x8c, 0xf3,
    0x4f, 0x60, 0x0, 0x0, 0x7, 0xf3, 0x4f, 0x60,
    0x0, 0x0, 0x7, 0xf3, 0x4f, 0x60, 0x0, 0x0,
    0x7, 0xf3, 0x4f, 0x60, 0x0, 0x0, 0x7, 0xf3,
    0x4f, 0x60, 0x0, 0x0, 0x7, 0xf3, 0x4f, 0x60,
    0x0, 0x0, 0x7, 0xf3,

    /* U+0049 "I" */
    0x4f, 0x64, 0xf6, 0x4f, 0x64, 0xf6, 0x4f, 0x64,
    0xf6, 0x4f, 0x64, 0xf6, 0x4f, 0x64, 0xf6, 0x4f,
    0x64, 0xf6, 0x4f, 0x64, 0xf6,

    /* U+004A "J" */
    0x0, 0x0, 0x0, 0xd, 0xe0, 0x0, 0x0, 0x0,
    0xde, 0x0, 0x0, 0x0, 0xd, 0xe0, 0x0, 0x0,
    0x0, 0xde, 0x0, 0x0, 0x0, 0xd, 0xe0, 0x0,
    0x0, 0x0, 0xde, 0x0, 0x0, 0x0, 0xd, 0xe0,
    0x0, 0x0, 0x0, 0xde, 0x0, 0x0, 0x0, 0xd,
    0xe5, 0x81, 0x0, 0x0, 0xde, 0x7f, 0x40, 0x0,
    0xf, 0xb3, 0xfb, 0x0, 0x6, 0xf8, 0xa, 0xfc,
    0x9a, 0xfd, 0x0, 0x7, 0xcf, 0xd9, 0x10,

    /* U+004B "K" */
    0x4f, 0x60, 0x0, 0x5, 0xfc, 0x0, 0x4f, 0x60,
    0x0, 0x4f, 0xc0, 0x0, 0x4f, 0x60, 0x3, 0xfd,
    0x10, 0x0, 0x4f, 0x60, 0x3f, 0xe1, 0x0, 0x0,
    0x4f, 0x62, 0xee, 0x20, 0x0, 0x0, 0x4f, 0x8d,
    0xf3, 0x0, 0x0, 0x0, 0x4f, 0xff, 0x90, 0x0,
    0x0, 0x0, 0x4f, 0xfe, 0xf5, 0x0, 0x0, 0x0,
    0x4f, 0x82, 0xef, 0x40, 0x0, 0x0, 0x4f, 0x60,
    0x3f, 0xf3, 0x0, 0x0, 0x4f, 0x60, 0x4, 0xfe,
    0x20, 0x0, 0x4f, 0x60, 0x0, 0x6f, 0xd1, 0x0,
    0x4f, 0x60, 0x0, 0x8, 0xfc, 0x0, 0x4f, 0x60,
    0x0, 0x0, 0xaf, 0xa0,

    /* U+004C "L" */
    0x4f, 0x60, 0x0, 0x0, 0x0, 0x4f, 0x60, 0x0,
    0x0, 0x0, 0x4f, 0x60, 0x0, 0x0, 0x0, 0x4f,
    0x60, 0x0, 0x0, 0x0, 0x4f, 0x60, 0x0, 0x0,
    0x0, 0x4f, 0x60, 0x0, 0x0, 0x0, 0x4f, 0x60,
    0x0, 0x0, 0x0, 0x4f, 0x60, 0x0, 0x0, 0x0,
    0x4f, 0x60, 0x0, 0x0, 0x0, 0x4f, 0x60, 0x0,
    0x0, 0x0, 0x4f, 0x60, 0x0, 0x0, 0x0, 0x4f,
    0x60, 0x0, 0x0, 0x0, 0x4f, 0xb8, 0x88, 0x88,
    0x83, 0x4f, 0xff, 0xff, 0xff, 0xf5,

    /* U+004D "M" */
    0x4f, 0xf9, 0x0, 0x0, 0x0, 0x0, 0xbf, 0xf1,
    0x4f, 0xfe, 0x0, 0x0, 0x0, 0x1, 0xff, 0xf1,
    0x4f, 0xbf, 0x50, 0x0, 0x0, 0x7, 0xfb, 0xf1,
    0x4f, 0x7e, 0xb0, 0x0, 0x0, 0xd, 0xc9, 0xf1,
    0x4f, 0x69, 0xf1, 0x0, 0x0, 0x3f, 0x69, 0xf1,
    0x4f, 0x63, 0xf7, 0x0, 0x0, 0x9f, 0x19, 0xf1,
    0x4f, 0x60, 0xdd, 0x0, 0x0, 0xea, 0x9, 0xf1,
    0x4f, 0x60, 0x7f, 0x30, 0x4, 0xf4, 0x9, 0xf1,
    0x4f, 0x60, 0x1f, 0x90, 0xa, 0xe0, 0x9, 0xf1,
    0x4f, 0x60, 0xb, 0xe0, 0x1f, 0x80, 0x9, 0xf1,
    0x4f, 0x60, 0x5, 0xf5, 0x6f, 0x30, 0x9, 0xf1,
    0x4f, 0x60, 0x0, 0xeb, 0xcd, 0x0, 0x9, 0xf1,
    0x4f, 0x60, 0x0, 0x9f, 0xf7, 0x0, 0x9, 0xf1,
    0x4f, 0x60, 0x0, 0x3f, 0xf1, 0x0, 0x9, 0xf1,

    /* U+004E "N" */
    0x4f, 0xf9, 0x0, 0x0, 0x0, 0xec, 0x4f, 0xff,
    0x20, 0x0, 0x0, 0xec, 0x4f, 0x9f, 0xb0, 0x0,
    0x0, 0xec, 0x4f, 0x69, 0xf4, 0x0, 0x0, 0xec,
    0x4f, 0x61, 0xed, 0x0, 0x0, 0xec, 0x4f, 0x60,
    0x7f, 0x60, 0x0, 0xec, 0x4f, 0x60, 0xd, 0xe1,
    0x0, 0xec, 0x4f, 0x60, 0x4, 0xf8, 0x0, 0xec,
    0x4f, 0x60, 0x0, 0xbf, 0x20, 0xec, 0x4f, 0x60,
    0x0, 0x2f, 0xa0, 0xec, 0x4f, 0x60, 0x0, 0x9,
    0xf4, 0xec, 0x4f, 0x60, 0x0, 0x1, 0xfc, 0xfc,
    0x4f, 0x60, 0x0, 0x0, 0x7f, 0xfc, 0x4f, 0x60,
    0x0, 0x0, 0xd, 0xfc,

    /* U+004F "O" */
    0x0, 0x0, 0x5b, 0xef, 0xd8, 0x0, 0x0, 0x0,
    0xa, 0xfe, 0xb9, 0xdf, 0xd3, 0x0, 0x0, 0xaf,
    0x90, 0x0, 0x4, 0xef, 0x10, 0x3, 0xfb, 0x0,
    0x0, 0x0, 0x4f, 0xa0, 0xa, 0xf2, 0x0, 0x0,
    0x0, 0xc, 0xf1, 0xd, 0xe0, 0x0, 0x0, 0x0,
    0x8, 0xf4, 0xf, 0xc0, 0x0, 0x0, 0x0, 0x6,
    0xf6, 0xf, 0xc0, 0x0, 0x0, 0x0, 0x6, 0xf6,
    0xd, 0xe0, 0x0, 0x0, 0x0, 0x8, 0xf4, 0xb,
    0xf2, 0x0, 0x0, 0x0, 0xc, 0xf1, 0x4, 0xfa,
    0x0, 0x0, 0x0, 0x4f, 0xa0, 0x0, 0xaf, 0x80,
    0x0, 0x4, 0xef, 0x10, 0x0, 0xa, 0xfe, 0xa9,
    0xcf, 0xe3, 0x0, 0x0, 0x0, 0x5a, 0xde, 0xb8,
    0x0, 0x0,

    /* U+0050 "P" */
    0x4f, 0xff, 0xff, 0xec, 0x60, 0x4, 0xfb, 0x88,
    0x89, 0xdf, 0x90, 0x4f, 0x60, 0x0, 0x0, 0xcf,
    0x24, 0xf6, 0x0, 0x0, 0x6, 0xf5, 0x4f, 0x60,
    0x0, 0x0, 0x6f, 0x54, 0xf6, 0x0, 0x0, 0xc,
    0xf2, 0x4f, 0xb8, 0x88, 0x9d, 0xf9, 0x4, 0xff,
    0xff, 0xfe, 0xc6, 0x0, 0x4f, 0x60, 0x0, 0x0,
    0x0, 0x4, 0xf6, 0x0, 0x0, 0x0, 0x0, 0x4f,
    0x60, 0x0, 0x0, 0x0, 0x4, 0xf6, 0x0, 0x0,
    0x0, 0x0, 0x4f, 0x60, 0x0, 0x0, 0x0, 0x4,
    0xf6, 0x0, 0x0, 0x0, 0x0,

    /* U+0051 "Q" */
    0x0, 0x0, 0x5b, 0xef, 0xd8, 0x0, 0x0, 0x0,
    0xa, 0xfe, 0xb9, 0xdf, 0xd3, 0x0, 0x0, 0xaf,
    0x90, 0x0, 0x4, 0xef, 0x10, 0x3, 0xfb, 0x0,
    0x0, 0x0, 0x4f, 0xa0, 0xa, 0xf2, 0x0, 0x0,
    0x0, 0xc, 0xf1, 0xd, 0xe0, 0x0, 0x0, 0x0,
    0x8, 0xf4, 0xf, 0xc0, 0x0, 0x0, 0x0, 0x6,
    0xf6, 0xf, 0xc0, 0x0, 0x0, 0x0, 0x6, 0xf7,
    0xd, 0xe0, 0x0, 0x0, 0x0, 0x8, 0xf5, 0xb,
    0xf2, 0x0, 0x1, 0x91, 0xc, 0xf1, 0x4, 0xfa,
    0x0, 0x3, 0xfc, 0x5f, 0xa0, 0x0, 0xaf, 0x80,
    0x0, 0x4f, 0xfe, 0x10, 0x0, 0xa, 0xfe, 0xa9,
    0xdf, 0xfc, 0x0, 0x0, 0x0, 0x5a, 0xdf, 0xd8,
    0x6f, 0xa0, 0x0, 0x0, 0x0, 0x0, 0x0, 0x6,
    0x30,

    /* U+0052 "R" */
    0x4f, 0xff, 0xff, 0xfd, 0x80, 0x4, 0xfb, 0x88,
    0x89, 0xdf, 0xc0, 0x4f, 0x60, 0x0, 0x0, 0xbf,
    0x44, 0xf6, 0x0, 0x0, 0x5, 0xf7, 0x4f, 0x60,
    0x0, 0x0, 0x5f, 0x64, 0xf6, 0x0, 0x0, 0xc,
    0xf1, 0x4f, 0xb8, 0x88, 0x9e, 0xe4, 0x4, 0xff,
    0xff, 0xff, 0xfa, 0x10, 0x4f, 0x60, 0x0, 0x17,
    0xfc, 0x4, 0xf6, 0x0, 0x0, 0xb, 0xf1, 0x4f,
    0x60, 0x0, 0x0, 0x8f, 0x34, 0xf6, 0x0, 0x0,
    0x7, 0xf3, 0x4f, 0x60, 0x0, 0x0, 0x7f, 0x34,
    0xf6, 0x0, 0x0, 0x7, 0xf3,

    /* U+0053 "S" */
    0x0, 0x6, 0xce, 0xec, 0x70, 0x0, 0x0, 0xcf,
    0xd9, 0x9d, 0xfc, 0x0, 0x8, 0xf8, 0x0, 0x0,
    0x8f, 0x80, 0xc, 0xf1, 0x0, 0x0, 0xe, 0xd0,
    0xa, 0xf3, 0x0, 0x0, 0x1, 0x10, 0x3, 0xfe,
    0x72, 0x0, 0x0, 0x0, 0x0, 0x4e, 0xff, 0xea,
    0x50, 0x0, 0x0, 0x0, 0x48, 0xcf, 0xfd, 0x20,
    0x0, 0x0, 0x0, 0x1, 0x7f, 0xd0, 0x29, 0x50,
    0x0, 0x0, 0xa, 0xf3, 0xf, 0xc0, 0x0, 0x0,
    0x9, 0xf3, 0xb, 0xf7, 0x0, 0x0, 0x3f, 0xe0,
    0x1, 0xdf, 0xd9, 0x9b, 0xff, 0x30, 0x0, 0x7,
    0xce, 0xfc, 0x91, 0x0,

    /* U+0054 "T" */
    0xdf, 0xff, 0xff, 0xff, 0xff, 0xf1, 0x78, 0x88,
    0xaf, 0xc8, 0x88, 0x80, 0x0, 0x0, 0x3f, 0x70,
    0x0, 0x0, 0x0, 0x0, 0x3f, 0x70, 0x0, 0x0,
    0x0, 0x0, 0x3f, 0x70, 0x0, 0x0, 0x0, 0x0,
    0x3f, 0x70, 0x0, 0x0, 0x0, 0x0, 0x3f, 0x70,
    0x0, 0x0, 0x0, 0x0, 0x3f, 0x70, 0x0, 0x0,
    0x0, 0x0, 0x3f, 0x70, 0x0, 0x0, 0x0, 0x0,
    0x3f, 0x70, 0x0, 0x0, 0x0, 0x0, 0x3f, 0x70,
    0x0, 0x0, 0x0, 0x0, 0x3f, 0x70, 0x0, 0x0,
    0x0, 0x0, 0x3f, 0x70, 0x0, 0x0, 0x0, 0x0,
    0x3f, 0x70, 0x0, 0x0,

    /* U+0055 "U" */
    0x6f, 0x40, 0x0, 0x0, 0x2f, 0x96, 0xf4, 0x0,
    0x0, 0x2, 0xf9, 0x6f, 0x40, 0x0, 0x0, 0x2f,
    0x96, 0xf4, 0x0, 0x0, 0x2, 0xf9, 0x6f, 0x40,
    0x0, 0x0, 0x2f, 0x96, 0xf4, 0x0, 0x0, 0x2,
    0xf9, 0x6f, 0x40, 0x0, 0x0, 0x2f, 0x96, 0xf4,
    0x0, 0x0, 0x2, 0xf9, 0x6f, 0x50, 0x0, 0x0,
    0x2f, 0x94, 0xf7, 0x0, 0x0, 0x4, 0xf6, 0x2f,
    0xb0, 0x0, 0x0, 0x8f, 0x40, 0xbf, 0x40, 0x0,
    0x3f, 0xd0, 0x2, 0xef, 0xb8, 0xaf, 0xf4, 0x0,
    0x1, 0x9d, 0xfd, 0xa2, 0x0,

    /* U+0056 "V" */
    0xaf, 0x30, 0x0, 0x0, 0x0, 0xbf, 0x24, 0xf9,
    0x0, 0x0, 0x0, 0x1f, 0xc0, 0xe, 0xe0, 0x0,
    0x0, 0x6, 0xf6, 0x0, 0x9f, 0x40, 0x0, 0x0,
    0xbf, 0x10, 0x3, 0xf9, 0x0, 0x0, 0x1f, 0xa0,
    0x0, 0xd, 0xf0, 0x0, 0x6, 0xf4, 0x0, 0x0,
    0x8f, 0x50, 0x0, 0xce, 0x0, 0x0, 0x2, 0xfa,
    0x0, 0x2f, 0x90, 0x0, 0x0, 0xc, 0xf0, 0x7,
    0xf3, 0x0, 0x0, 0x0, 0x6f, 0x50, 0xdd, 0x0,
    0x0, 0x0, 0x1, 0xfb, 0x2f, 0x70, 0x0, 0x0,
    0x0, 0xb, 0xfa, 0xf1, 0x0, 0x0, 0x0, 0x0,
    0x5f, 0xfb, 0x0, 0x0, 0x0, 0x0, 0x0, 0xff,
    0x50, 0x0, 0x0,

    /* U+0057 "W" */
    0x9f, 0x30, 0x0, 0x0, 0xff, 0x60, 0x0, 0x0,
    0xce, 0x5, 0xf7, 0x0, 0x0, 0x4f, 0xfa, 0x0,
    0x0, 0x1f, 0x90, 0x1f, 0xb0, 0x0, 0x8, 0xfa,
    0xe0, 0x0, 0x5, 0xf5, 0x0, 0xdf, 0x0, 0x0,
    0xcb, 0x5f, 0x20, 0x0, 0x9f, 0x10, 0x8, 0xf3,
    0x0, 0xf, 0x71, 0xf6, 0x0, 0xd, 0xd0, 0x0,
    0x4f, 0x70, 0x4, 0xf3, 0xd, 0xa0, 0x1, 0xf9,
    0x0, 0x0, 0xfb, 0x0, 0x8f, 0x0, 0x9e, 0x0,
    0x5f, 0x50, 0x0, 0xc, 0xf0, 0xc, 0xb0, 0x5,
    0xf2, 0x9, 0xf1, 0x0, 0x0, 0x8f, 0x31, 0xf6,
    0x0, 0x1f, 0x60, 0xed, 0x0, 0x0, 0x4, 0xf7,
    0x5f, 0x20, 0x0, 0xda, 0x2f, 0x80, 0x0, 0x0,
    0xf, 0xb9, 0xe0, 0x0, 0x9, 0xe6, 0xf4, 0x0,
    0x0, 0x0, 0xcf, 0xda, 0x0, 0x0, 0x5f, 0xdf,
    0x0, 0x0, 0x0, 0x7, 0xff, 0x60, 0x0, 0x1,
    0xff, 0xc0, 0x0, 0x0, 0x0, 0x3f, 0xf2, 0x0,
    0x0, 0xd, 0xf8, 0x0, 0x0,

    /* U+0058 "X" */
    0x3f, 0xc0, 0x0, 0x0, 0x2f, 0xd0, 0x9, 0xf6,
    0x0, 0x0, 0xbf, 0x30, 0x0, 0xef, 0x10, 0x5,
    0xf9, 0x0, 0x0, 0x4f, 0xa0, 0xe, 0xe0, 0x0,
    0x0, 0xa, 0xf4, 0x8f, 0x40, 0x0, 0x0, 0x1,
    0xee, 0xfa, 0x0, 0x0, 0x0, 0x0, 0x6f, 0xf1,
    0x0, 0x0, 0x0, 0x0, 0xbf, 0xf6, 0x0, 0x0,
    0x0, 0x6, 0xf7, 0xde, 0x10, 0x0, 0x0, 0x1e,
    0xc0, 0x4f, 0xa0, 0x0, 0x0, 0xaf, 0x30, 0xa,
    0xf5, 0x0, 0x5, 0xf9, 0x0, 0x1, 0xee, 0x10,
    0xe, 0xe1, 0x0, 0x0, 0x6f, 0xa0, 0x9f, 0x50,
    0x0, 0x0, 0xc, 0xf4,

    /* U+0059 "Y" */
    0x8f, 0x50, 0x0, 0x0, 0x1f, 0xc0, 0x1e, 0xe0,
    0x0, 0x0, 0xaf, 0x30, 0x6, 0xf7, 0x0, 0x3,
    0xf9, 0x0, 0x0, 0xde, 0x10, 0xc, 0xf1, 0x0,
    0x0, 0x4f, 0x80, 0x5f, 0x70, 0x0, 0x0, 0xa,
    0xf2, 0xdd, 0x0, 0x0, 0x0, 0x2, 0xfe, 0xf4,
    0x0, 0x0, 0x0, 0x0, 0x8f, 0xb0, 0x0, 0x0,
    0x0, 0x0, 0x4f, 0x70, 0x0, 0x0, 0x0, 0x0,
    0x4f, 0x70, 0x0, 0x0, 0x0, 0x0, 0x4f, 0x70,
    0x0, 0x0, 0x0, 0x0, 0x4f, 0x70, 0x0, 0x0,
    0x0, 0x0, 0x4f, 0x70, 0x0, 0x0, 0x0, 0x0,
    0x4f, 0x70, 0x0, 0x0,

    /* U+005A "Z" */
    0xf, 0xff, 0xff, 0xff, 0xff, 0x70, 0x88, 0x88,
    0x88, 0x8d, 0xf6, 0x0, 0x0, 0x0, 0x3, 0xfc,
    0x0, 0x0, 0x0, 0x1, 0xef, 0x20, 0x0, 0x0,
    0x0, 0xaf, 0x50, 0x0, 0x0, 0x0, 0x6f, 0xa0,
    0x0, 0x0, 0x0, 0x2f, 0xd0, 0x0, 0x0, 0x0,
    0xd, 0xf3, 0x0, 0x0, 0x0, 0x9, 0xf6, 0x0,
    0x0, 0x0, 0x5, 0xfb, 0x0, 0x0, 0x0, 0x1,
    0xee, 0x10, 0x0, 0x0, 0x0, 0xcf, 0x30, 0x0,
    0x0, 0x0, 0x5f, 0xd8, 0x88, 0x88, 0x88, 0x55,
    0xff, 0xff, 0xff, 0xff, 0xfa,

    /* U+005B "[" */
    0x1, 0x11, 0x6f, 0xfc, 0x6f, 0x63, 0x6f, 0x20,
    0x6f, 0x20, 0x6f, 0x20, 0x6f, 0x20, 0x6f, 0x20,
    0x6f, 0x20, 0x6f, 0x20, 0x6f, 0x20, 0x6f, 0x20,
    0x6f, 0x20, 0x6f, 0x20, 0x6f, 0x20, 0x6f, 0x20,
    0x6f, 0x31, 0x6f, 0xfc, 0x14, 0x43,

    /* U+005C "\\" */
    0x4f, 0x30, 0x0, 0x0, 0xe, 0x90, 0x0, 0x0,
    0x8, 0xf0, 0x0, 0x0, 0x2, 0xf5, 0x0, 0x0,
    0x0, 0xcb, 0x0, 0x0, 0x0, 0x6f, 0x20, 0x0,
    0x0, 0xf, 0x70, 0x0, 0x0, 0xa, 0xd0, 0x0,
    0x0, 0x3, 0xf4, 0x0, 0x0, 0x0, 0xda, 0x0,
    0x0, 0x0, 0x7f, 0x0, 0x0, 0x0, 0x1f, 0x60,
    0x0, 0x0, 0xb, 0xc0, 0x0, 0x0, 0x5, 0xf2,

    /* U+005D "]" */
    0x1, 0x10, 0x8f, 0xfa, 0x24, 0xea, 0x0, 0xea,
    0x0, 0xea, 0x0, 0xea, 0x0, 0xea, 0x0, 0xea,
    0x0, 0xea, 0x0, 0xea, 0x0, 0xea, 0x0, 0xea,
    0x0, 0xea, 0x0, 0xea, 0x0, 0xea, 0x0, 0xea,
    0x1, 0xea, 0x8f, 0xfa, 0x24, 0x42,

    /* U+005E "^" */
    0x0, 0x7, 0xf7, 0x0, 0x0, 0x0, 0xdf, 0xe0,
    0x0, 0x0, 0x5f, 0x6f, 0x50, 0x0, 0xc, 0xc0,
    0xcc, 0x0, 0x3, 0xf6, 0x6, 0xf3, 0x0, 0xaf,
    0x0, 0xf, 0xa0, 0x1f, 0x90, 0x0, 0x9f, 0x10,

    /* U+005F "_" */
    0x22, 0x22, 0x22, 0x22, 0x1f, 0xff, 0xff, 0xff,
    0xfc, 0x55, 0x55, 0x55, 0x55, 0x40,

    /* U+0060 "`" */
    0x7, 0x70, 0x0, 0x4f, 0x70, 0x0, 0x7f, 0x10,

    /* U+0061 "a" */
    0x0, 0x3b, 0xee, 0x91, 0x0, 0x3f, 0xc7, 0x8e,
    0xb0, 0xb, 0xf0, 0x0, 0x5f, 0x20, 0x33, 0x0,
    0x8, 0xf5, 0x0, 0x4a, 0xdf, 0xff, 0x50, 0x8f,
    0xd7, 0x34, 0xf5, 0xf, 0xb0, 0x0, 0x4f, 0x51,
    0xfb, 0x0, 0xa, 0xf5, 0xb, 0xf9, 0x6b, 0xdf,
    0x50, 0x1a, 0xee, 0x93, 0xf5,

    /* U+0062 "b" */
    0x9f, 0x0, 0x0, 0x0, 0x0, 0x9f, 0x0, 0x0,
    0x0, 0x0, 0x9f, 0x0, 0x0, 0x0, 0x0, 0x9f,
    0x0, 0x0, 0x0, 0x0, 0x9f, 0x18, 0xde, 0xa2,
    0x0, 0x9f, 0xcc, 0x78, 0xff, 0x20, 0x9f, 0xa0,
    0x0, 0x3f, 0xb0, 0x9f, 0x20, 0x0, 0xb, 0xf0,
    0x9f, 0x0, 0x0, 0x8, 0xf3, 0x9f, 0x0, 0x0,
    0x8, 0xf3, 0x9f, 0x30, 0x0, 0xa, 0xf0, 0x9f,
    0xa0, 0x0, 0x3f, 0xb0, 0x9f, 0xcb, 0x68, 0xff,
    0x20, 0x9f, 0x19, 0xde, 0xa2, 0x0,

    /* U+0063 "c" */
    0x0, 0x8, 0xcf, 0xd6, 0x0, 0x0, 0xdf, 0x96,
    0xaf, 0x90, 0x8, 0xf4, 0x0, 0xb, 0xf2, 0xe,
    0xc0, 0x0, 0x3, 0x72, 0x1f, 0x90, 0x0, 0x0,
    0x0, 0x1f, 0x90, 0x0, 0x0, 0x0, 0xf, 0xc0,
    0x0, 0x1, 0x73, 0x9, 0xf4, 0x0, 0x7, 0xf3,
    0x1, 0xef, 0x86, 0x9f, 0xb0, 0x0, 0x19, 0xdf,
    0xd7, 0x0,

    /* U+0064 "d" */
    0x0, 0x0, 0x0, 0x0, 0xfa, 0x0, 0x0, 0x0,
    0x0, 0xfa, 0x0, 0x0, 0x0, 0x0, 0xfa, 0x0,
    0x0, 0x0, 0x0, 0xfa, 0x0, 0x1a, 0xde, 0xa1,
    0xfa, 0x1, 0xef, 0x97, 0xbd, 0xfa, 0x9, 0xf4,
    0x0, 0xa, 0xfa, 0xf, 0xc0, 0x0, 0x2, 0xfa,
    0x1f, 0x90, 0x0, 0x0, 0xfa, 0x1f, 0x90, 0x0,
    0x0, 0xfa, 0xf, 0xc0, 0x0, 0x2, 0xfa, 0xa,
    0xf3, 0x0, 0x9, 0xfa, 0x2, 0xef, 0x86, 0xbc,
    0xfa, 0x0, 0x1a, 0xee, 0x91, 0xfa,

    /* U+0065 "e" */
    0x0, 0x9, 0xde, 0xb4, 0x0, 0x1, 0xde, 0x87,
    0xcf, 0x50, 0x9, 0xf1, 0x0, 0xc, 0xe0, 0xf,
    0xa0, 0x0, 0x6, 0xf3, 0x1f, 0xff, 0xff, 0xff,
    0xf5, 0x1f, 0x93, 0x33, 0x33, 0x31, 0xf, 0xa0,
    0x0, 0x1, 0x41, 0xa, 0xf2, 0x0, 0x9, 0xf1,
    0x2, 0xef, 0x86, 0xaf, 0x80, 0x0, 0x1a, 0xdf,
    0xc6, 0x0,

    /* U+0066 "f" */
    0x0, 0x1b, 0xf8, 0x0, 0xaf, 0xc6, 0x0, 0xed,
    0x0, 0x0, 0xeb, 0x0, 0xaf, 0xff, 0xf9, 0x46,
    0xfd, 0x64, 0x0, 0xeb, 0x0, 0x0, 0xeb, 0x0,
    0x0, 0xeb, 0x0, 0x0, 0xeb, 0x0, 0x0, 0xeb,
    0x0, 0x0, 0xeb, 0x0, 0x0, 0xeb, 0x0, 0x0,
    0xeb, 0x0,

    /* U+0067 "g" */
    0x0, 0x19, 0xee, 0xa1, 0xfa, 0x1, 0xef, 0x97,
    0xbc, 0xfa, 0x9, 0xf4, 0x0, 0xa, 0xfa, 0xe,
    0xc0, 0x0, 0x2, 0xfa, 0x1f, 0x90, 0x0, 0x0,
    0xfa, 0x1f, 0x90, 0x0, 0x0, 0xfa, 0xf, 0xc0,
    0x0, 0x2, 0xfa, 0xa, 0xf4, 0x0, 0xa, 0xfa,
    0x2, 0xef, 0x86, 0xbd, 0xfa, 0x0, 0x1a, 0xee,
    0xa1, 0xf9, 0x1, 0x20, 0x0, 0x1, 0xf7, 0x9,
    0xf1, 0x0, 0x6, 0xf3, 0x3, 0xfd, 0x76, 0x9f,
    0xa0, 0x0, 0x3b, 0xef, 0xc7, 0x0,

    /* U+0068 "h" */
    0x9f, 0x0, 0x0, 0x0, 0x9, 0xf0, 0x0, 0x0,
    0x0, 0x9f, 0x0, 0x0, 0x0, 0x9, 0xf0, 0x0,
    0x0, 0x0, 0x9f, 0x19, 0xee, 0x80, 0x9, 0xfc,
    0xa6, 0xaf, 0x90, 0x9f, 0x80, 0x0, 0xbf, 0x9,
    0xf2, 0x0, 0x7, 0xf2, 0x9f, 0x0, 0x0, 0x6f,
    0x39, 0xf0, 0x0, 0x6, 0xf3, 0x9f, 0x0, 0x0,
    0x6f, 0x39, 0xf0, 0x0, 0x6, 0xf3, 0x9f, 0x0,
    0x0, 0x6f, 0x39, 0xf0, 0x0, 0x6, 0xf3,

    /* U+0069 "i" */
    0xbf, 0x2b, 0xf2, 0x0, 0x0, 0x0, 0x9f, 0x9,
    0xf0, 0x9f, 0x9, 0xf0, 0x9f, 0x9, 0xf0, 0x9f,
    0x9, 0xf0, 0x9f, 0x9, 0xf0,

    /* U+006A "j" */
    0x0, 0x9f, 0x40, 0x9, 0xf4, 0x0, 0x0, 0x0,
    0x0, 0x0, 0x0, 0x7f, 0x20, 0x7, 0xf2, 0x0,
    0x7f, 0x20, 0x7, 0xf2, 0x0, 0x7f, 0x20, 0x7,
    0xf2, 0x0, 0x7f, 0x20, 0x7, 0xf2, 0x0, 0x7f,
    0x20, 0x7, 0xf2, 0x0, 0x7f, 0x20, 0x9, 0xf2,
    0x2a, 0xfe, 0x4, 0xfd, 0x30,

    /* U+006B "k" */
    0x9f, 0x0, 0x0, 0x0, 0x9, 0xf0, 0x0, 0x0,
    0x0, 0x9f, 0x0, 0x0, 0x0, 0x9, 0xf0, 0x0,
    0x0, 0x0, 0x9f, 0x0, 0x9, 0xf7, 0x9, 0xf0,
    0x7, 0xf8, 0x0, 0x9f, 0x6, 0xf9, 0x0, 0x9,
    0xf5, 0xfa, 0x0, 0x0, 0x9f, 0xff, 0x30, 0x0,
    0x9, 0xfc, 0xfd, 0x10, 0x0, 0x9f, 0x16, 0xfb,
    0x0, 0x9, 0xf0, 0xa, 0xf7, 0x0, 0x9f, 0x0,
    0xd, 0xf4, 0x9, 0xf0, 0x0, 0x2f, 0xe2,

    /* U+006C "l" */
    0x9f, 0x9, 0xf0, 0x9f, 0x9, 0xf0, 0x9f, 0x9,
    0xf0, 0x9f, 0x9, 0xf0, 0x9f, 0x9, 0xf0, 0x9f,
    0x9, 0xf0, 0x9f, 0x9, 0xf0,

    /* U+006D "m" */
    0x9f, 0x1a, 0xec, 0x40, 0x4c, 0xfc, 0x30, 0x9f,
    0xca, 0x7d, 0xf6, 0xe8, 0x7e, 0xf1, 0x9f, 0x80,
    0x1, 0xff, 0x50, 0x4, 0xf7, 0x9f, 0x20, 0x0,
    0xdf, 0x0, 0x0, 0xf9, 0x9f, 0x0, 0x0, 0xcd,
    0x0, 0x0, 0xfa, 0x9f, 0x0, 0x0, 0xcd, 0x0,
    0x0, 0xfa, 0x9f, 0x0, 0x0, 0xcd, 0x0, 0x0,
    0xfa, 0x9f, 0x0, 0x0, 0xcd, 0x0, 0x0, 0xfa,
    0x9f, 0x0, 0x0, 0xcd, 0x0, 0x0, 0xfa, 0x9f,
    0x0, 0x0, 0xcd, 0x0, 0x0, 0xfa,

    /* U+006E "n" */
    0x9f, 0x1a, 0xfe, 0x80, 0x9, 0xfc, 0xa6, 0x9f,
    0x90, 0x9f, 0x90, 0x0, 0xbf, 0x9, 0xf2, 0x0,
    0x7, 0xf2, 0x9f, 0x0, 0x0, 0x6f, 0x39, 0xf0,
    0x0, 0x6, 0xf3, 0x9f, 0x0, 0x0, 0x6f, 0x39,
    0xf0, 0x0, 0x6, 0xf3, 0x9f, 0x0, 0x0, 0x6f,
    0x39, 0xf0, 0x0, 0x6, 0xf3,

    /* U+006F "o" */
    0x0, 0x9, 0xdf, 0xc5, 0x0, 0x1, 0xdf, 0x97,
    0xbf, 0x80, 0x9, 0xf4, 0x0, 0x9, 0xf3, 0xf,
    0xc0, 0x0, 0x1, 0xf9, 0x1f, 0x90, 0x0, 0x0,
    0xfb, 0x1f, 0x90, 0x0, 0x0, 0xfb, 0xf, 0xc0,
    0x0, 0x1, 0xf9, 0x9, 0xf3, 0x0, 0x9, 0xf3,
    0x1, 0xdf, 0x86, 0xbf, 0x90, 0x0, 0x9, 0xdf,
    0xc5, 0x0,

    /* U+0070 "p" */
    0x9f, 0x19, 0xee, 0xa2, 0x0, 0x9f, 0xcc, 0x78,
    0xff, 0x30, 0x9f, 0xb0, 0x0, 0x3f, 0xb0, 0x9f,
    0x30, 0x0, 0xb, 0xf0, 0x9f, 0x0, 0x0, 0x8,
    0xf3, 0x9f, 0x0, 0x0, 0x8, 0xf3, 0x9f, 0x30,
    0x0, 0xa, 0xf0, 0x9f, 0xb0, 0x0, 0x3f, 0xb0,
    0x9f, 0xcb, 0x68, 0xff, 0x20, 0x9f, 0x19, 0xde,
    0xa2, 0x0, 0x9f, 0x0, 0x0, 0x0, 0x0, 0x9f,
    0x0, 0x0, 0x0, 0x0, 0x9f, 0x0, 0x0, 0x0,
    0x0, 0x9f, 0x0, 0x0, 0x0, 0x0,

    /* U+0071 "q" */
    0x0, 0x19, 0xdf, 0xb1, 0xda, 0x1, 0xef, 0x97,
    0xbd, 0xea, 0x9, 0xf4, 0x0, 0xa, 0xfa, 0xf,
    0xc0, 0x0, 0x2, 0xfa, 0x1f, 0x90, 0x0, 0x0,
    0xfa, 0x1f, 0x90, 0x0, 0x0, 0xfa, 0xf, 0xc0,
    0x0, 0x1, 0xfa, 0xa, 0xf3, 0x0, 0x9, 0xfa,
    0x2, 0xef, 0x86, 0xbd, 0xfa, 0x0, 0x1a, 0xee,
    0xa1, 0xea, 0x0, 0x0, 0x0, 0x0, 0xea, 0x0,
    0x0, 0x0, 0x0, 0xea, 0x0, 0x0, 0x0, 0x0,
    0xea, 0x0, 0x0, 0x0, 0x0, 0xea,

    /* U+0072 "r" */
    0x9f, 0x1a, 0xe5, 0x9f, 0xaf, 0xb3, 0x9f, 0xc1,
    0x0, 0x9f, 0x40, 0x0, 0x9f, 0x10, 0x0, 0x9f,
    0x0, 0x0, 0x9f, 0x0, 0x0, 0x9f, 0x0, 0x0,
    0x9f, 0x0, 0x0, 0x9f, 0x0, 0x0,

    /* U+0073 "s" */
    0x0, 0x7d, 0xfd, 0x80, 0x0, 0x9f, 0xa7, 0xbf,
    0xa0, 0xf, 0xc0, 0x0, 0xbf, 0x0, 0xde, 0x30,
    0x0, 0x0, 0x4, 0xef, 0xeb, 0x60, 0x0, 0x0,
    0x59, 0xdf, 0xc0, 0x16, 0x20, 0x0, 0x8f, 0x42,
    0xf8, 0x0, 0x5, 0xf3, 0xa, 0xf9, 0x69, 0xed,
    0x0, 0x7, 0xdf, 0xd9, 0x10,

    /* U+0074 "t" */
    0x0, 0xfa, 0x0, 0x0, 0xfa, 0x0, 0x0, 0xfa,
    0x0, 0xaf, 0xff, 0xf9, 0x46, 0xfd, 0x64, 0x0,
    0xfa, 0x0, 0x0, 0xfa, 0x0, 0x0, 0xfa, 0x0,
    0x0, 0xfa, 0x0, 0x0, 0xfb, 0x0, 0x0, 0xec,
    0x0, 0x0, 0xaf, 0xb6, 0x0, 0x1b, 0xfa,

    /* U+0075 "u" */
    0xbe, 0x0, 0x0, 0xaf, 0xbe, 0x0, 0x0, 0xaf,
    0xbe, 0x0, 0x0, 0xaf, 0xbe, 0x0, 0x0, 0xaf,
    0xbe, 0x0, 0x0, 0xaf, 0xbe, 0x0, 0x0, 0xaf,
    0xaf, 0x0, 0x0, 0xcf, 0x8f, 0x30, 0x2, 0xff,
    0x2f, 0xe7, 0x7d, 0xdf, 0x4, 0xcf, 0xc5, 0x9f,

    /* U+0076 "v" */
    0x8f, 0x30, 0x0, 0xe, 0xc3, 0xf8, 0x0, 0x3,
    0xf7, 0xd, 0xd0, 0x0, 0x8f, 0x10, 0x8f, 0x20,
    0xd, 0xc0, 0x2, 0xf8, 0x2, 0xf6, 0x0, 0xc,
    0xd0, 0x7f, 0x10, 0x0, 0x7f, 0x2c, 0xb0, 0x0,
    0x1, 0xf9, 0xf6, 0x0, 0x0, 0xb, 0xff, 0x10,
    0x0, 0x0, 0x6f, 0xa0, 0x0,

    /* U+0077 "w" */
    0x9f, 0x20, 0x0, 0xbf, 0x90, 0x0, 0x3f, 0x74,
    0xf6, 0x0, 0xf, 0xfe, 0x0, 0x7, 0xf2, 0xf,
    0xb0, 0x3, 0xf8, 0xf2, 0x0, 0xbd, 0x0, 0xbf,
    0x0, 0x8e, 0x1f, 0x70, 0xf, 0x80, 0x6, 0xf3,
    0xc, 0xa0, 0xcc, 0x4, 0xf4, 0x0, 0x1f, 0x81,
    0xf6, 0x8, 0xf1, 0x8f, 0x0, 0x0, 0xcc, 0x5f,
    0x10, 0x3f, 0x5c, 0xa0, 0x0, 0x7, 0xfa, 0xd0,
    0x0, 0xeb, 0xf6, 0x0, 0x0, 0x3f, 0xf8, 0x0,
    0xa, 0xff, 0x10, 0x0, 0x0, 0xef, 0x40, 0x0,
    0x6f, 0xc0, 0x0,

    /* U+0078 "x" */
    0x3f, 0xc0, 0x0, 0x4f, 0x90, 0x8, 0xf5, 0x0,
    0xed, 0x0, 0x0, 0xde, 0x18, 0xf3, 0x0, 0x0,
    0x3f, 0xbf, 0x80, 0x0, 0x0, 0x8, 0xfd, 0x0,
    0x0, 0x0, 0xb, 0xfe, 0x10, 0x0, 0x0, 0x6f,
    0x8f, 0xa0, 0x0, 0x1, 0xfb, 0x8, 0xf5, 0x0,
    0xb, 0xf2, 0x0, 0xde, 0x10, 0x6f, 0x70, 0x0,
    0x4f, 0xb0,

    /* U+0079 "y" */
    0x8f, 0x40, 0x0, 0xe, 0xb2, 0xf9, 0x0, 0x4,
    0xf5, 0xc, 0xf0, 0x0, 0x9f, 0x0, 0x5f, 0x50,
    0xe, 0xa0, 0x0, 0xfb, 0x3, 0xf5, 0x0, 0x9,
    0xf1, 0x9f, 0x0, 0x0, 0x3f, 0x6e, 0x90, 0x0,
    0x0, 0xde, 0xf4, 0x0, 0x0, 0x6, 0xfe, 0x0,
    0x0, 0x0, 0x2f, 0x80, 0x0, 0x0, 0x7, 0xf3,
    0x0, 0x0, 0x0, 0xdd, 0x0, 0x0, 0x0, 0x2f,
    0x80, 0x0, 0x0, 0x8, 0xf2, 0x0, 0x0,

    /* U+007A "z" */
    0x1f, 0xff, 0xff, 0xff, 0x0, 0x55, 0x55, 0x6f,
    0xd0, 0x0, 0x0, 0xa, 0xf2, 0x0, 0x0, 0x6,
    0xf6, 0x0, 0x0, 0x3, 0xf9, 0x0, 0x0, 0x1,
    0xec, 0x0, 0x0, 0x0, 0xbf, 0x20, 0x0, 0x0,
    0x7f, 0x50, 0x0, 0x0, 0x3f, 0xc5, 0x55, 0x55,
    0x4, 0xff, 0xff, 0xff, 0xf1,

    /* U+007B "{" */
    0x0, 0x8, 0xe9, 0x0, 0x6f, 0xb3, 0x0, 0xae,
    0x0, 0x0, 0xcc, 0x0, 0x0, 0xcc, 0x0, 0x0,
    0xcc, 0x0, 0x0, 0xdc, 0x0, 0x17, 0xf7, 0x0,
    0xbf, 0x80, 0x0, 0x7e, 0xe3, 0x0, 0x1, 0xfa,
    0x0, 0x0, 0xcc, 0x0, 0x0, 0xcc, 0x0, 0x0,
    0xcc, 0x0, 0x0, 0xbd, 0x0, 0x0, 0x8f, 0x61,
    0x0, 0x1c, 0xf9, 0x0, 0x0, 0x22,

    /* U+007C "|" */
    0x6f, 0x26, 0xf2, 0x6f, 0x26, 0xf2, 0x6f, 0x26,
    0xf2, 0x6f, 0x26, 0xf2, 0x6f, 0x26, 0xf2, 0x6f,
    0x26, 0xf2, 0x6f, 0x26, 0xf2, 0x6f, 0x26, 0xf2,
    0x6f, 0x20,

    /* U+007D "}" */
    0x7e, 0x90, 0x0, 0x29, 0xf8, 0x0, 0x0, 0xcc,
    0x0, 0x0, 0xbe, 0x0, 0x0, 0xae, 0x0, 0x0,
    0xae, 0x0, 0x0, 0xaf, 0x0, 0x0, 0x7f, 0x81,
    0x0, 0x6, 0xfd, 0x0, 0x2d, 0xf9, 0x0, 0x7f,
    0x20, 0x0, 0xaf, 0x0, 0x0, 0xae, 0x0, 0x0,
    0xae, 0x0, 0x0, 0xcd, 0x0, 0x5, 0xfa, 0x0,
    0x7f, 0xd2, 0x0, 0x12, 0x0, 0x0,

    /* U+007E "~" */
    0x0, 0x10, 0x0, 0x0, 0x20, 0xb, 0xff, 0xb6,
    0x3b, 0xf0, 0x7f, 0x78, 0xcf, 0xff, 0x60, 0x33,
    0x0, 0x1, 0x41, 0x0,

    /* U+00A0 " " */

    /* U+00A1 "¡" */
    0xbf, 0x3b, 0xf3, 0x22, 0x0, 0x20, 0x3b, 0x5,
    0xc0, 0x6d, 0x8, 0xf0, 0x9f, 0xa, 0xf2, 0xaf,
    0x2a, 0xf2, 0xaf, 0x2a, 0xf2,

    /* U+00A2 "¢" */
    0x0, 0x0, 0x5, 0x50, 0x0, 0x0, 0x0, 0x0,
    0xba, 0x0, 0x0, 0x0, 0x0, 0x2d, 0xc3, 0x0,
    0x0, 0x1, 0xbf, 0xff, 0xfd, 0x20, 0x1, 0xdf,
    0x7c, 0xb6, 0xfe, 0x10, 0x8f, 0x50, 0xba, 0x4,
    0xf8, 0xf, 0xc0, 0xb, 0xa0, 0xe, 0xc3, 0xf8,
    0x0, 0xba, 0x0, 0x0, 0x5f, 0x60, 0xb, 0xa0,
    0x0, 0x4, 0xf6, 0x0, 0xba, 0x0, 0x0, 0x2f,
    0x80, 0xb, 0xa0, 0x0, 0x0, 0xee, 0x0, 0xba,
    0x0, 0xeb, 0x7, 0xf7, 0xb, 0xa0, 0x6f, 0x60,
    0xb, 0xfa, 0xdc, 0xaf, 0xb0, 0x0, 0x7, 0xcf,
    0xfd, 0x70, 0x0, 0x0, 0x0, 0xba, 0x0, 0x0,
    0x0, 0x0, 0xb, 0xa0, 0x0, 0x0,

    /* U+00A3 "£" */
    0x0, 0x0, 0x2a, 0xee, 0xc4, 0x0, 0x0, 0x3,
    0xff, 0xa9, 0xef, 0x60, 0x0, 0xc, 0xf2, 0x0,
    0xd, 0xf0, 0x0, 0xf, 0xb0, 0x0, 0x6, 0xf3,
    0x0, 0x2f, 0x90, 0x0, 0x1, 0x31, 0x0, 0x2f,
    0x80, 0x0, 0x0, 0x0, 0x1, 0x4f, 0x91, 0x11,
    0x10, 0x0, 0x4f, 0xff, 0xff, 0xff, 0xf2, 0x0,
    0x14, 0x6f, 0xb4, 0x44, 0x40, 0x0, 0x0, 0x2f,
    0x80, 0x0, 0x0, 0x0, 0x0, 0x2f, 0x80, 0x0,
    0x0, 0x0, 0x0, 0x2f, 0x80, 0x0, 0x0, 0x0,
    0x8, 0x9f, 0xc8, 0x88, 0x88, 0x83, 0xf, 0xff,
    0xff, 0xff, 0xff, 0xf7,

    /* U+00A4 "¤" */
    0x44, 0x0, 0x0, 0x0, 0x8, 0xb, 0xf6, 0xbf,
    0xfe, 0x7a, 0xf3, 0xc, 0xfe, 0x75, 0xaf, 0xf5,
    0x0, 0xbe, 0x10, 0x0, 0x8f, 0x40, 0x2f, 0x80,
    0x0, 0x0, 0xfa, 0x4, 0xf5, 0x0, 0x0, 0xd,
    0xc0, 0x4f, 0x40, 0x0, 0x0, 0xcd, 0x2, 0xf7,
    0x0, 0x0, 0xf, 0xa0, 0xd, 0xd0, 0x0, 0x5,
    0xf5, 0x0, 0xbf, 0xb4, 0x27, 0xff, 0x30, 0x9f,
    0x9e, 0xff, 0xfa, 0xde, 0x27, 0x60, 0x2, 0x31,
    0x1, 0xb1,

    /* U+00A5 "¥" */
    0x1f, 0xc0, 0x0, 0x0, 0xe, 0xe0, 0x9, 0xf4,
    0x0, 0x0, 0x7f, 0x50, 0x1, 0xfc, 0x0, 0x0,
    0xed, 0x0, 0x0, 0x8f, 0x30, 0x7, 0xf4, 0x0,
    0x0, 0xe, 0xb0, 0xe, 0xc0, 0x0, 0x0, 0x7,
    0xf3, 0x7f, 0x30, 0x0, 0x1, 0x12, 0xec, 0xeb,
    0x11, 0x0, 0xa, 0xff, 0xff, 0xff, 0xff, 0x70,
    0x3, 0x44, 0x4f, 0xc4, 0x44, 0x20, 0x0, 0x11,
    0x1f, 0xb1, 0x11, 0x0, 0xa, 0xff, 0xff, 0xff,
    0xff, 0x70, 0x2, 0x44, 0x4f, 0xc4, 0x44, 0x20,
    0x0, 0x0, 0xf, 0xb0, 0x0, 0x0, 0x0, 0x0,
    0xf, 0xb0, 0x0, 0x0,

    /* U+00A6 "¦" */
    0x6f, 0x26, 0xf2, 0x6f, 0x26, 0xf2, 0x6f, 0x26,
    0xf2, 0x4b, 0x10, 0x0, 0x0, 0x0, 0x0, 0x4b,
    0x16, 0xf2, 0x6f, 0x26, 0xf2, 0x6f, 0x26, 0xf2,
    0x6f, 0x20,

    /* U+00A7 "§" */
    0x0, 0x3b, 0xee, 0xb3, 0x0, 0x2, 0xfe, 0x99,
    0xef, 0x20, 0x8, 0xf4, 0x0, 0x4f, 0x90, 0x8,
    0xf7, 0x0, 0x2, 0x10, 0x1, 0xef, 0x91, 0x0,
    0x0, 0x0, 0x3f, 0xff, 0x70, 0x0, 0x3, 0xeb,
    0x7e, 0xfd, 0x20, 0xe, 0xd0, 0x0, 0x8f, 0xf1,
    0x1f, 0xb0, 0x0, 0x7, 0xf6, 0xd, 0xf7, 0x0,
    0x5, 0xf6, 0x2, 0xdf, 0xc4, 0x2d, 0xc0, 0x0,
    0x9, 0xff, 0xfa, 0x0, 0x0, 0x0, 0x2b, 0xfe,
    0x20, 0x0, 0x0, 0x0, 0x7f, 0xa0, 0xb, 0xd0,
    0x0, 0xe, 0xd0, 0x6, 0xfa, 0x42, 0x7f, 0x90,
    0x0, 0x8f, 0xff, 0xfa, 0x0, 0x0, 0x1, 0x34,
    0x10, 0x0,

    /* U+00A8 "¨" */
    0x0, 0x0, 0x0, 0x1, 0xfc, 0x4, 0xf9, 0x1f,
    0xc0, 0x4f, 0x90,

    /* U+00A9 "©" */
    0x0, 0x0, 0x0, 0x0, 0x0, 0x0, 0x0, 0x0,
    0x0, 0x1, 0x9d, 0xff, 0xc6, 0x0, 0x0, 0x0,
    0x5, 0xec, 0x74, 0x59, 0xec, 0x20, 0x0, 0x6,
    0xf6, 0x0, 0x0, 0x1, 0xae, 0x10, 0x1, 0xe6,
    0x0, 0x9d, 0xd8, 0x0, 0xca, 0x0, 0x9c, 0x0,
    0xcc, 0x45, 0xd9, 0x2, 0xf3, 0xe, 0x60, 0x5f,
    0x10, 0x5, 0xd0, 0xd, 0x81, 0xf3, 0x8, 0xc0,
    0x0, 0x0, 0x0, 0xaa, 0x1f, 0x30, 0x9b, 0x0,
    0x0, 0x0, 0x9, 0xb0, 0xf6, 0x6, 0xe0, 0x0,
    0x3b, 0x0, 0xc9, 0xb, 0xa0, 0x1e, 0x90, 0x2c,
    0xc0, 0x1f, 0x50, 0x3f, 0x40, 0x3d, 0xff, 0xb2,
    0xa, 0xc0, 0x0, 0x8e, 0x30, 0x1, 0x0, 0x8,
    0xf2, 0x0, 0x0, 0x8f, 0x94, 0x12, 0x6c, 0xe4,
    0x0, 0x0, 0x0, 0x3c, 0xff, 0xff, 0x91, 0x0,
    0x0, 0x0, 0x0, 0x1, 0x22, 0x0, 0x0, 0x0,

    /* U+00AA "ª" */
    0x1, 0xae, 0xc5, 0x0, 0xbd, 0x47, 0xf1, 0x3,
    0x22, 0x6f, 0x40, 0x5d, 0xd9, 0xf5, 0xf, 0x70,
    0x1f, 0x50, 0xfa, 0x2a, 0xf5, 0x5, 0xee, 0x7c,
    0x40,

    /* U+00AB "«" */
    0x0, 0x0, 0x10, 0x0, 0x0, 0x0, 0x77, 0x0,
    0xb1, 0x0, 0x7f, 0x60, 0xbf, 0x10, 0x6f, 0xa0,
    0xbf, 0x50, 0x1f, 0xa0, 0x6f, 0x50, 0x1, 0xfc,
    0x14, 0xf8, 0x0, 0x3, 0xfc, 0x17, 0xf8, 0x0,
    0x4, 0xf7, 0x8, 0xf1, 0x0, 0x4, 0x60, 0x9,
    0x10, 0x0, 0x0, 0x0, 0x0,

    /* U+00AC "¬" */
    0x11, 0x11, 0x11, 0x11, 0x10, 0xbf, 0xff, 0xff,
    0xff, 0xf4, 0x34, 0x44, 0x44, 0x45, 0xf4, 0x0,
    0x0, 0x0, 0x1, 0xf4, 0x0, 0x0, 0x0, 0x1,
    0xf4, 0x0, 0x0, 0x0, 0x1, 0xc3,

    /* U+00AD "­" */
    0x12, 0x22, 0x20, 0xcf, 0xff, 0xf2, 0x45, 0x55,
    0x50,

    /* U+00AE "®" */
    0x0, 0x1, 0x8c, 0xda, 0x30, 0x0, 0x0, 0x4e,
    0x83, 0x36, 0xe8, 0x0, 0x1, 0xe3, 0x0, 0x0,
    0x1c, 0x50, 0x9, 0x70, 0xcf, 0xeb, 0x3, 0xe0,
    0xd, 0x20, 0xc1, 0xb, 0x40, 0xd2, 0xf, 0x0,
    0xce, 0xfd, 0x0, 0xb4, 0xe, 0x10, 0xc1, 0xd,
    0x30, 0xc2, 0xa, 0x60, 0xc1, 0xb, 0x41, 0xe0,
    0x2, 0xe1, 0x50, 0x4, 0x1b, 0x70, 0x0, 0x6e,
    0x50, 0x3, 0xcb, 0x0, 0x0, 0x3, 0xcf, 0xfd,
    0x60, 0x0, 0x0, 0x0, 0x0, 0x0, 0x0, 0x0,

    /* U+00AF "¯" */
    0x2, 0x22, 0x22, 0x1, 0xff, 0xff, 0xf2, 0x5,
    0x55, 0x55, 0x0,

    /* U+00B0 "°" */
    0x0, 0x0, 0x0, 0x0, 0x4d, 0xfc, 0x20, 0x1f,
    0xa5, 0xcd, 0x4, 0xf1, 0x4, 0xf1, 0x2f, 0x82,
    0xae, 0x0, 0x7f, 0xfe, 0x40, 0x0, 0x12, 0x0,
    0x0,

    /* U+00B1 "±" */
    0x0, 0x0, 0x0, 0x0, 0x0, 0x0, 0x0, 0xd8,
    0x0, 0x0, 0x11, 0x11, 0xd9, 0x11, 0x10, 0xaf,
    0xff, 0xff, 0xff, 0xf4, 0x34, 0x44, 0xea, 0x44,
    0x41, 0x0, 0x0, 0xd8, 0x0, 0x0, 0x0, 0x0,
    0xd8, 0x0, 0x0, 0x0, 0x0, 0xd8, 0x0, 0x0,
    0x11, 0x11, 0x11, 0x11, 0x10, 0xbf, 0xff, 0xff,
    0xff, 0xf4, 0x34, 0x44, 0x44, 0x44, 0x41,

    /* U+00B2 "²" */
    0x1, 0xae, 0xe9, 0x0, 0xd, 0xd5, 0x6f, 0x90,
    0x2f, 0x60, 0xa, 0xe0, 0x0, 0x0, 0xe, 0xc0,
    0x0, 0x0, 0xbf, 0x40, 0x0, 0x3e, 0xe3, 0x0,
    0x4, 0xfb, 0x10, 0x0, 0xe, 0xe5, 0x44, 0x40,
    0x3f, 0xff, 0xff, 0xf0,

    /* U+00B3 "³" */
    0x1, 0xae, 0xea, 0x10, 0xc, 0xe5, 0x5e, 0xb0,
    0xd, 0x70, 0x9, 0xf0, 0x0, 0x0, 0x2d, 0xa0,
    0x0, 0xa, 0xfc, 0x0, 0x0, 0x1, 0x5d, 0xb0,
    0x2b, 0x40, 0x6, 0xf2, 0xe, 0xd5, 0x5d, 0xe0,
    0x2, 0xbe, 0xeb, 0x20,

    /* U+00B4 "´" */
    0x0, 0x77, 0x0, 0x4f, 0x70, 0xd, 0xa0, 0x0,

    /* U+00B5 "µ" */
    0x6f, 0x30, 0x0, 0x5f, 0x36, 0xf3, 0x0, 0x5,
    0xf3, 0x6f, 0x30, 0x0, 0x5f, 0x36, 0xf3, 0x0,
    0x5, 0xf3, 0x6f, 0x30, 0x0, 0x5f, 0x36, 0xf3,
    0x0, 0x6, 0xf3, 0x6f, 0x40, 0x0, 0x8f, 0x36,
    0xf8, 0x0, 0xd, 0xf3, 0x6f, 0xf8, 0x6c, 0xdf,
    0x36, 0xfd, 0xfd, 0x85, 0xf3, 0x6f, 0x30, 0x0,
    0x0, 0x6, 0xf3, 0x0, 0x0, 0x0, 0x6f, 0x30,
    0x0, 0x0, 0x6, 0xf3, 0x0, 0x0, 0x0,

    /* U+00B6 "¶" */
    0x0, 0x8d, 0xff, 0xff, 0xd0, 0xbf, 0xff, 0xc5,
    0xad, 0x3f, 0xff, 0xfb, 0x8, 0xd6, 0xff, 0xff,
    0xb0, 0x8d, 0x4f, 0xff, 0xfb, 0x8, 0xd0, 0xef,
    0xff, 0xb0, 0x8d, 0x3, 0xdf, 0xfb, 0x8, 0xd0,
    0x0, 0x3c, 0xb0, 0x8d, 0x0, 0x0, 0xab, 0x8,
    0xd0, 0x0, 0xa, 0xb0, 0x8d, 0x0, 0x0, 0xab,
    0x8, 0xd0, 0x0, 0xa, 0xb0, 0x8d, 0x0, 0x0,
    0xab, 0x8, 0xd0, 0x0, 0xa, 0xb0, 0x8d, 0x0,
    0x0, 0xab, 0x8, 0xd0, 0x0, 0xa, 0xb0, 0x8d,
    0x0, 0x0, 0x99, 0x7, 0xb0,

    /* U+00B7 "·" */
    0x45, 0x1c, 0xf5, 0xcf, 0x50,

    /* U+00B8 "¸" */
    0x0, 0x24, 0x0, 0xb, 0x80, 0x1, 0xed, 0x40,
    0x40, 0x8b, 0xa, 0xff, 0x50, 0x0, 0x0,

    /* U+00B9 "¹" */
    0x0, 0x5f, 0x50, 0x6e, 0xf5, 0x7f, 0xaf, 0x51,
    0x13, 0xf5, 0x0, 0x3f, 0x50, 0x3, 0xf5, 0x0,
    0x3f, 0x50, 0x3, 0xf5, 0x0, 0x3f, 0x50,

    /* U+00BA "º" */
    0x0, 0x8d, 0xd7, 0x0, 0x9, 0xe3, 0x4f, 0x70,
    0xf, 0x80, 0xa, 0xe0, 0x2f, 0x50, 0x7, 0xf0,
    0xf, 0x70, 0xa, 0xe0, 0xa, 0xd3, 0x3e, 0x70,
    0x0, 0x9e, 0xe8, 0x0,

    /* U+00BB "»" */
    0x10, 0x0, 0x0, 0x0, 0xc2, 0x2, 0xb0, 0x0,
    0xce, 0x22, 0xfb, 0x0, 0x2e, 0xd1, 0x5f, 0xa0,
    0x2, 0xea, 0x5, 0xf5, 0x4, 0xf9, 0x9, 0xf4,
    0x4f, 0xb0, 0x9f, 0x70, 0xdb, 0x2, 0xf7, 0x0,
    0xa0, 0x2, 0x80, 0x0, 0x0, 0x0, 0x0, 0x0,

    /* U+00BC "¼" */
    0x0, 0x7f, 0x0, 0x0, 0x0, 0x8, 0xf1, 0x0,
    0x18, 0xff, 0x0, 0x0, 0x0, 0x3f, 0x60, 0x0,
    0x7d, 0x9f, 0x0, 0x0, 0x0, 0xdb, 0x0, 0x0,
    0x0, 0x5f, 0x0, 0x0, 0x9, 0xe1, 0x0, 0x0,
    0x0, 0x5f, 0x0, 0x0, 0x4f, 0x50, 0x0, 0x0,
    0x0, 0x5f, 0x0, 0x1, 0xea, 0x0, 0x45, 0x0,
    0x0, 0x5f, 0x0, 0xa, 0xe1, 0x3, 0xff, 0x0,
    0x0, 0x5f, 0x0, 0x5f, 0x40, 0xd, 0xcf, 0x0,
    0x0, 0x26, 0x1, 0xe9, 0x0, 0x7d, 0x5f, 0x0,
    0x0, 0x0, 0xb, 0xe0, 0x2, 0xf3, 0x5f, 0x0,
    0x0, 0x0, 0x6f, 0x40, 0xb, 0x90, 0x5f, 0x0,
    0x0, 0x1, 0xf9, 0x0, 0xf, 0xff, 0xff, 0xf7,
    0x0, 0xb, 0xd0, 0x0, 0x2, 0x22, 0x7f, 0x31,
    0x0, 0x6f, 0x30, 0x0, 0x0, 0x0, 0x5f, 0x0,
    0x0, 0x22, 0x0, 0x0, 0x0, 0x0, 0x2, 0x0,

    /* U+00BD "½" */
    0x0, 0x7f, 0x0, 0x0, 0x0, 0x8, 0xf1, 0x0,
    0x0, 0x5f, 0xf0, 0x0, 0x0, 0x3, 0xf6, 0x0,
    0x0, 0x7f, 0xbf, 0x0, 0x0, 0x0, 0xdb, 0x0,
    0x0, 0x2, 0x25, 0xf0, 0x0, 0x0, 0x9e, 0x10,
    0x0, 0x0, 0x0, 0x5f, 0x0, 0x0, 0x4f, 0x50,
    0x0, 0x0, 0x0, 0x5, 0xf0, 0x0, 0xe, 0xa0,
    0x0, 0x0, 0x0, 0x0, 0x5f, 0x0, 0xa, 0xe1,
    0x6, 0xde, 0xb2, 0x0, 0x5, 0xf0, 0x5, 0xf5,
    0x4, 0xf7, 0x4c, 0xd0, 0x0, 0x26, 0x1, 0xea,
    0x0, 0x36, 0x0, 0x6f, 0x0, 0x0, 0x0, 0xae,
    0x10, 0x0, 0x0, 0xb, 0xd0, 0x0, 0x0, 0x5f,
    0x40, 0x0, 0x0, 0x1b, 0xd2, 0x0, 0x0, 0x1e,
    0x90, 0x0, 0x0, 0x2e, 0xb1, 0x0, 0x0, 0xb,
    0xd0, 0x0, 0x0, 0x1e, 0x90, 0x0, 0x0, 0x6,
    0xf3, 0x0, 0x0, 0x5, 0xff, 0xff, 0xf2, 0x0,
    0x22, 0x0, 0x0, 0x0, 0x13, 0x33, 0x33, 0x0,

    /* U+00BE "¾" */
    0x1, 0xae, 0xc5, 0x0, 0x0, 0x0, 0xd, 0xa0,
    0x0, 0xc, 0xc4, 0x8f, 0x20, 0x0, 0x0, 0x9e,
    0x10, 0x0, 0x1d, 0x40, 0xf, 0x50, 0x0, 0x4,
    0xf5, 0x0, 0x0, 0x0, 0x0, 0x6f, 0x10, 0x0,
    0x1e, 0xa0, 0x0, 0x0, 0x0, 0xe, 0xf5, 0x0,
    0x0, 0xae, 0x10, 0x0, 0x0, 0x0, 0x2, 0x8f,
    0x20, 0x5, 0xf4, 0x0, 0x0, 0x0, 0x2a, 0x20,
    0xe, 0x80, 0x1e, 0x90, 0x3, 0xa6, 0x0, 0x1f,
    0x91, 0x4f, 0x60, 0xbd, 0x0, 0xd, 0xfa, 0x0,
    0x5, 0xef, 0xf9, 0x6, 0xf3, 0x0, 0xab, 0xca,
    0x0, 0x0, 0x1, 0x0, 0x2f, 0x80, 0x5, 0xe1,
    0xba, 0x0, 0x0, 0x0, 0x0, 0xcd, 0x0, 0x2f,
    0x40, 0xba, 0x0, 0x0, 0x0, 0x7, 0xf3, 0x0,
    0x6f, 0xff, 0xff, 0xf1, 0x0, 0x0, 0x2f, 0x70,
    0x0, 0x12, 0x22, 0xcb, 0x20, 0x0, 0x0, 0xdc,
    0x0, 0x0, 0x0, 0x0, 0xba, 0x0, 0x0, 0x0,
    0x21, 0x0, 0x0, 0x0, 0x0, 0x21, 0x0,

    /* U+00BF "¿" */
    0x0, 0x0, 0x22, 0x0, 0x0, 0x0, 0x0, 0xef,
    0x0, 0x0, 0x0, 0x0, 0xef, 0x0, 0x0, 0x0,
    0x0, 0x0, 0x0, 0x0, 0x0, 0x0, 0x56, 0x0,
    0x0, 0x0, 0x0, 0xec, 0x0, 0x0, 0x0, 0x3,
    0xf9, 0x0, 0x0, 0x0, 0x1d, 0xf2, 0x0, 0x0,
    0x1, 0xdf, 0x40, 0x0, 0x0, 0xc, 0xf3, 0x0,
    0x0, 0x0, 0x3f, 0x90, 0x0, 0x5, 0x80, 0x5f,
    0x50, 0x0, 0xc, 0xd0, 0x2f, 0xa0, 0x0, 0x4f,
    0x90, 0xa, 0xfb, 0x79, 0xfe, 0x10, 0x0, 0x6c,
    0xfd, 0x91, 0x0,

    /* U+00C0 "À" */
    0x0, 0x0, 0x67, 0x10, 0x0, 0x0, 0x0, 0x0,
    0x3, 0xf9, 0x0, 0x0, 0x0, 0x0, 0x0, 0x6,
    0xf2, 0x0, 0x0, 0x0, 0x0, 0x0, 0x0, 0x0,
    0x0, 0x0, 0x0, 0x0, 0x0, 0x0, 0x0, 0x0,
    0x0, 0x0, 0x0, 0xcf, 0xa0, 0x0, 0x0, 0x0,
    0x0, 0x2f, 0xff, 0x10, 0x0, 0x0, 0x0, 0x8,
    0xf6, 0xf7, 0x0, 0x0, 0x0, 0x0, 0xec, 0xe,
    0xd0, 0x0, 0x0, 0x0, 0x4f, 0x60, 0x9f, 0x30,
    0x0, 0x0, 0xa, 0xf1, 0x3, 0xf9, 0x0, 0x0,
    0x1, 0xfb, 0x0, 0xd, 0xf0, 0x0, 0x0, 0x6f,
    0x50, 0x0, 0x7f, 0x50, 0x0, 0xd, 0xf9, 0x88,
    0x8a, 0xfb, 0x0, 0x3, 0xff, 0xff, 0xff, 0xff,
    0xf2, 0x0, 0x9f, 0x30, 0x0, 0x0, 0x6f, 0x80,
    0xe, 0xd0, 0x0, 0x0, 0x0, 0xfe, 0x5, 0xf7,
    0x0, 0x0, 0x0, 0xa, 0xf4, 0xbf, 0x10, 0x0,
    0x0, 0x0, 0x4f, 0xa0,

    /* U+00C1 "Á" */
    0x0, 0x0, 0x0, 0x7, 0x70, 0x0, 0x0, 0x0,
    0x0, 0x7, 0xf4, 0x0, 0x0, 0x0, 0x0, 0x1,
    0xf7, 0x0, 0x0, 0x0, 0x0, 0x0, 0x0, 0x0,
    0x0, 0x0, 0x0, 0x0, 0x0, 0x0, 0x0, 0x0,
    0x0, 0x0, 0x0, 0xcf, 0xa0, 0x0, 0x0, 0x0,
    0x0, 0x2f, 0xff, 0x10, 0x0, 0x0, 0x0, 0x8,
    0xf6, 0xf7, 0x0, 0x0, 0x0, 0x0, 0xec, 0xe,
    0xd0, 0x0, 0x0, 0x0, 0x4f, 0x60, 0x9f, 0x30,
    0x0, 0x0, 0xa, 0xf1, 0x3, 0xf9, 0x0, 0x0,
    0x1, 0xfb, 0x0, 0xd, 0xf0, 0x0, 0x0, 0x6f,
    0x50, 0x0, 0x7f, 0x50, 0x0, 0xd, 0xf9, 0x88,
    0x8a, 0xfb, 0x0, 0x3, 0xff, 0xff, 0xff, 0xff,
    0xf2, 0x0, 0x9f, 0x30, 0x0, 0x0, 0x6f, 0x80,
    0xe, 0xd0, 0x0, 0x0, 0x0, 0xfe, 0x5, 0xf7,
    0x0, 0x0, 0x0, 0xa, 0xf4, 0xbf, 0x10, 0x0,
    0x0, 0x0, 0x4f, 0xa0,

    /* U+00C2 "Â" */
    0x0, 0x0, 0x5, 0x75, 0x0, 0x0, 0x0, 0x0,
    0x3, 0xfc, 0xf3, 0x0, 0x0, 0x0, 0x0, 0xea,
    0xc, 0xd0, 0x0, 0x0, 0x0, 0x0, 0x0, 0x0,
    0x0, 0x0, 0x0, 0x0, 0x0, 0x0, 0x0, 0x0,
    0x0, 0x0, 0x0, 0xcf, 0xa0, 0x0, 0x0, 0x0,
    0x0, 0x2f, 0xff, 0x10, 0x0, 0x0, 0x0, 0x8,
    0xf6, 0xf7, 0x0, 0x0, 0x0, 0x0, 0xec, 0xe,
    0xd0, 0x0, 0x0, 0x0, 0x4f, 0x60, 0x9f, 0x30,
    0x0, 0x0, 0xa, 0xf1, 0x3, 0xf9, 0x0, 0x0,
    0x1, 0xfb, 0x0, 0xd, 0xf0, 0x0, 0x0, 0x6f,
    0x50, 0x0, 0x7f, 0x50, 0x0, 0xd, 0xf9, 0x88,
    0x8a, 0xfb, 0x0, 0x3, 0xff, 0xff, 0xff, 0xff,
    0xf2, 0x0, 0x9f, 0x30, 0x0, 0x0, 0x6f, 0x80,
    0xe, 0xd0, 0x0, 0x0, 0x0, 0xfe, 0x5, 0xf7,
    0x0, 0x0, 0x0, 0xa, 0xf4, 0xbf, 0x10, 0x0,
    0x0, 0x0, 0x4f, 0xa0,

    /* U+00C3 "Ã" */
    0x0, 0x0, 0x0, 0x0, 0x0, 0x0, 0x0, 0x0,
    0xc, 0xe8, 0x2f, 0x50, 0x0, 0x0, 0x6, 0xf5,
    0xbf, 0xe1, 0x0, 0x0, 0x0, 0x13, 0x0, 0x21,
    0x0, 0x0, 0x0, 0x0, 0x0, 0x0, 0x0, 0x0,
    0x0, 0x0, 0x0, 0xcf, 0xa0, 0x0, 0x0, 0x0,
    0x0, 0x2f, 0xff, 0x10, 0x0, 0x0, 0x0, 0x8,
    0xf6, 0xf7, 0x0, 0x0, 0x0, 0x0, 0xec, 0xe,
    0xd0, 0x0, 0x0, 0x0, 0x4f, 0x60, 0x9f, 0x30,
    0x0, 0x0, 0xa, 0xf1, 0x3, 0xf9, 0x0, 0x0,
    0x1, 0xfb, 0x0, 0xd, 0xf0, 0x0, 0x0, 0x6f,
    0x50, 0x0, 0x7f, 0x50, 0x0, 0xd, 0xf9, 0x88,
    0x8a, 0xfb, 0x0, 0x3, 0xff, 0xff, 0xff, 0xff,
    0xf2, 0x0, 0x9f, 0x30, 0x0, 0x0, 0x6f, 0x80,
    0xe, 0xd0, 0x0, 0x0, 0x0, 0xfe, 0x5, 0xf7,
    0x0, 0x0, 0x0, 0xa, 0xf4, 0xbf, 0x10, 0x0,
    0x0, 0x0, 0x4f, 0xa0,

    /* U+00C4 "Ä" */
    0x0, 0x6, 0xf7, 0x9, 0xf4, 0x0, 0x0, 0x0,
    0x6f, 0x70, 0x9f, 0x40, 0x0, 0x0, 0x0, 0x0,
    0x0, 0x0, 0x0, 0x0, 0x0, 0x0, 0x0, 0x0,
    0x0, 0x0, 0x0, 0x0, 0xc, 0xfa, 0x0, 0x0,
    0x0, 0x0, 0x2, 0xff, 0xf1, 0x0, 0x0, 0x0,
    0x0, 0x8f, 0x6f, 0x70, 0x0, 0x0, 0x0, 0xe,
    0xc0, 0xed, 0x0, 0x0, 0x0, 0x4, 0xf6, 0x9,
    0xf3, 0x0, 0x0, 0x0, 0xaf, 0x10, 0x3f, 0x90,
    0x0, 0x0, 0x1f, 0xb0, 0x0, 0xdf, 0x0, 0x0,
    0x6, 0xf5, 0x0, 0x7, 0xf5, 0x0, 0x0, 0xdf,
    0x98, 0x88, 0xaf, 0xb0, 0x0, 0x3f, 0xff, 0xff,
    0xff, 0xff, 0x20, 0x9, 0xf3, 0x0, 0x0, 0x6,
    0xf8, 0x0, 0xed, 0x0, 0x0, 0x0, 0xf, 0xe0,
    0x5f, 0x70, 0x0, 0x0, 0x0, 0xaf, 0x4b, 0xf1,
    0x0, 0x0, 0x0, 0x4, 0xfa,

    /* U+00C5 "Å" */
    0x0, 0x0, 0x8, 0xe7, 0x0, 0x0, 0x0, 0x0,
    0x1, 0xe2, 0xe0, 0x0, 0x0, 0x0, 0x0, 0x1e,
    0x1e, 0x0, 0x0, 0x0, 0x0, 0x0, 0x8e, 0x70,
    0x0, 0x0, 0x0, 0x0, 0x0, 0x0, 0x0, 0x0,
    0x0, 0x0, 0x0, 0xcf, 0xa0, 0x0, 0x0, 0x0,
    0x0, 0x2f, 0xff, 0x10, 0x0, 0x0, 0x0, 0x8,
    0xf6, 0xf7, 0x0, 0x0, 0x0, 0x0, 0xec, 0xe,
    0xd0, 0x0, 0x0, 0x0, 0x4f, 0x60, 0x9f, 0x30,
    0x0, 0x0, 0xa, 0xf1, 0x3, 0xf9, 0x0, 0x0,
    0x1, 0xfb, 0x0, 0xd, 0xf0, 0x0, 0x0, 0x6f,
    0x50, 0x0, 0x7f, 0x50, 0x0, 0xd, 0xf9, 0x88,
    0x8a, 0xfb, 0x0, 0x3, 0xff, 0xff, 0xff, 0xff,
    0xf2, 0x0, 0x9f, 0x30, 0x0, 0x0, 0x6f, 0x80,
    0xe, 0xd0, 0x0, 0x0, 0x0, 0xfe, 0x5, 0xf7,
    0x0, 0x0, 0x0, 0xa, 0xf4, 0xbf, 0x10, 0x0,
    0x0, 0x0, 0x4f, 0xa0,

    /* U+00C6 "Æ" */
    0x0, 0x0, 0x0, 0xb, 0xff, 0xff, 0xff, 0xff,
    0xf0, 0x0, 0x0, 0x0, 0x3f, 0xff, 0x98, 0x88,
    0x88, 0x80, 0x0, 0x0, 0x0, 0xbf, 0xaf, 0x10,
    0x0, 0x0, 0x0, 0x0, 0x0, 0x3, 0xf8, 0x9f,
    0x10, 0x0, 0x0, 0x0, 0x0, 0x0, 0xa, 0xf1,
    0x9f, 0x10, 0x0, 0x0, 0x0, 0x0, 0x0, 0x2f,
    0xa0, 0x9f, 0x10, 0x0, 0x0, 0x0, 0x0, 0x0,
    0xaf, 0x30, 0x9f, 0xff, 0xff, 0xff, 0xb0, 0x0,
    0x2, 0xfb, 0x0, 0x9f, 0x98, 0x88, 0x88, 0x60,
    0x0, 0x9, 0xfb, 0x88, 0xdf, 0x10, 0x0, 0x0,
    0x0, 0x0, 0x1f, 0xff, 0xff, 0xff, 0x10, 0x0,
    0x0, 0x0, 0x0, 0x9f, 0x50, 0x0, 0x9f, 0x10,
    0x0, 0x0, 0x0, 0x1, 0xfd, 0x0, 0x0, 0x9f,
    0x10, 0x0, 0x0, 0x0, 0x8, 0xf6, 0x0, 0x0,
    0x9f, 0x98, 0x88, 0x88, 0x82, 0x1f, 0xe0, 0x0,
    0x0, 0x9f, 0xff, 0xff, 0xff, 0xf4,

    /* U+00C7 "Ç" */
    0x0, 0x0, 0x5b, 0xef, 0xc9, 0x10, 0x0, 0x0,
    0xaf, 0xeb, 0x9c, 0xff, 0x50, 0x0, 0xaf, 0x90,
    0x0, 0x3, 0xff, 0x20, 0x3f, 0xa0, 0x0, 0x0,
    0x6, 0xf9, 0xa, 0xf2, 0x0, 0x0, 0x0, 0xb,
    0x90, 0xde, 0x0, 0x0, 0x0, 0x0, 0x0, 0xf,
    0xc0, 0x0, 0x0, 0x0, 0x0, 0x0, 0xfc, 0x0,
    0x0, 0x0, 0x0, 0x0, 0xe, 0xe0, 0x0, 0x0,
    0x0, 0x0, 0x0, 0xbf, 0x20, 0x0, 0x0, 0x0,
    0x88, 0x5, 0xfa, 0x0, 0x0, 0x0, 0x3f, 0xa0,
    0xc, 0xf8, 0x0, 0x0, 0x1d, 0xf4, 0x0, 0x1c,
    0xfd, 0x97, 0xaf, 0xf8, 0x0, 0x0, 0x7, 0xcf,
    0xfe, 0xb4, 0x0, 0x0, 0x0, 0x0, 0xa8, 0x0,
    0x0, 0x0, 0x0, 0x0, 0xd, 0xd6, 0x0, 0x0,
    0x0, 0x0, 0x5, 0x27, 0xd0, 0x0, 0x0, 0x0,
    0x0, 0x7e, 0xe5, 0x0, 0x0,

    /* U+00C8 "È" */
    0x0, 0x7, 0x70, 0x0, 0x0, 0x0, 0x7, 0xf4,
    0x0, 0x0, 0x0, 0x0, 0xad, 0x0, 0x0, 0x0,
    0x0, 0x0, 0x0, 0x0, 0x0, 0x0, 0x0, 0x0,
    0x0, 0x4f, 0xff, 0xff, 0xff, 0xf5, 0x4f, 0xb8,
    0x88, 0x88, 0x83, 0x4f, 0x60, 0x0, 0x0, 0x0,
    0x4f, 0x60, 0x0, 0x0, 0x0, 0x4f, 0x60, 0x0,
    0x0, 0x0, 0x4f, 0x60, 0x0, 0x0, 0x0, 0x4f,
    0xff, 0xff, 0xff, 0xf0, 0x4f, 0xb8, 0x88, 0x88,
    0x80, 0x4f, 0x60, 0x0, 0x0, 0x0, 0x4f, 0x60,
    0x0, 0x0, 0x0, 0x4f, 0x60, 0x0, 0x0, 0x0,
    0x4f, 0x60, 0x0, 0x0, 0x0, 0x4f, 0xb8, 0x88,
    0x88, 0x85, 0x4f, 0xff, 0xff, 0xff, 0xf9,

    /* U+00C9 "É" */
    0x0, 0x0, 0x2, 0x74, 0x0, 0x0, 0x0, 0xc,
    0xe1, 0x0, 0x0, 0x0, 0x4f, 0x30, 0x0, 0x0,
    0x0, 0x0, 0x0, 0x0, 0x0, 0x0, 0x0, 0x0,
    0x0, 0x4f, 0xff, 0xff, 0xff, 0xf5, 0x4f, 0xb8,
    0x88, 0x88, 0x83, 0x4f, 0x60, 0x0, 0x0, 0x0,
    0x4f, 0x60, 0x0, 0x0, 0x0, 0x4f, 0x60, 0x0,
    0x0, 0x0, 0x4f, 0x60, 0x0, 0x0, 0x0, 0x4f,
    0xff, 0xff, 0xff, 0xf0, 0x4f, 0xb8, 0x88, 0x88,
    0x80, 0x4f, 0x60, 0x0, 0x0, 0x0, 0x4f, 0x60,
    0x0, 0x0, 0x0, 0x4f, 0x60, 0x0, 0x0, 0x0,
    0x4f, 0x60, 0x0, 0x0, 0x0, 0x4f, 0xb8, 0x88,
    0x88, 0x85, 0x4f, 0xff, 0xff, 0xff, 0xf9,

    /* U+00CA "Ê" */
    0x0, 0x0, 0x77, 0x20, 0x0, 0x0, 0x8, 0xfd,
    0xd0, 0x0, 0x0, 0x3f, 0x62, 0xe9, 0x0, 0x0,
    0x0, 0x0, 0x0, 0x0, 0x0, 0x0, 0x0, 0x0,
    0x0, 0x4f, 0xff, 0xff, 0xff, 0xf5, 0x4f, 0xb8,
    0x88, 0x88, 0x83, 0x4f, 0x60, 0x0, 0x0, 0x0,
    0x4f, 0x60, 0x0, 0x0, 0x0, 0x4f, 0x60, 0x0,
    0x0, 0x0, 0x4f, 0x60, 0x0, 0x0, 0x0, 0x4f,
    0xff, 0xff, 0xff, 0xf0, 0x4f, 0xb8, 0x88, 0x88,
    0x80, 0x4f, 0x60, 0x0, 0x0, 0x0, 0x4f, 0x60,
    0x0, 0x0, 0x0, 0x4f, 0x60, 0x0, 0x0, 0x0,
    0x4f, 0x60, 0x0, 0x0, 0x0, 0x4f, 0xb8, 0x88,
    0x88, 0x85, 0x4f, 0xff, 0xff, 0xff, 0xf9,

    /* U+00CB "Ë" */
    0x0, 0xaf, 0x30, 0xdf, 0x0, 0x0, 0xaf, 0x30,
    0xdf, 0x0, 0x0, 0x0, 0x0, 0x0, 0x0, 0x0,
    0x0, 0x0, 0x0, 0x0, 0x4f, 0xff, 0xff, 0xff,
    0xf5, 0x4f, 0xb8, 0x88, 0x88, 0x83, 0x4f, 0x60,
    0x0, 0x0, 0x0, 0x4f, 0x60, 0x0, 0x0, 0x0,
    0x4f, 0x60, 0x0, 0x0, 0x0, 0x4f, 0x60, 0x0,
    0x0, 0x0, 0x4f, 0xff, 0xff, 0xff, 0xf0, 0x4f,
    0xb8, 0x88, 0x88, 0x80, 0x4f, 0x60, 0x0, 0x0,
    0x0, 0x4f, 0x60, 0x0, 0x0, 0x0, 0x4f, 0x60,
    0x0, 0x0, 0x0, 0x4f, 0x60, 0x0, 0x0, 0x0,
    0x4f, 0xb8, 0x88, 0x88, 0x85, 0x4f, 0xff, 0xff,
    0xff, 0xf9,

    /* U+00CC "Ì" */
    0x57, 0x20, 0x2e, 0xb0, 0x4, 0xf3, 0x0, 0x0,
    0x0, 0x0, 0x4, 0xf6, 0x4, 0xf6, 0x4, 0xf6,
    0x4, 0xf6, 0x4, 0xf6, 0x4, 0xf6, 0x4, 0xf6,
    0x4, 0xf6, 0x4, 0xf6, 0x4, 0xf6, 0x4, 0xf6,
    0x4, 0xf6, 0x4, 0xf6, 0x4, 0xf6,

    /* U+00CD "Í" */
    0x0, 0x77, 0x0, 0x5f, 0x60, 0xd, 0x90, 0x0,
    0x0, 0x0, 0x0, 0x0, 0x4, 0xf6, 0x0, 0x4f,
    0x60, 0x4, 0xf6, 0x0, 0x4f, 0x60, 0x4, 0xf6,
    0x0, 0x4f, 0x60, 0x4, 0xf6, 0x0, 0x4f, 0x60,
    0x4, 0xf6, 0x0, 0x4f, 0x60, 0x4, 0xf6, 0x0,
    0x4f, 0x60, 0x4, 0xf6, 0x0, 0x4f, 0x60, 0x0,

    /* U+00CE "Î" */
    0x0, 0x47, 0x60, 0x0, 0x2f, 0xcf, 0x40, 0xc,
    0xc0, 0xae, 0x10, 0x0, 0x0, 0x0, 0x0, 0x0,
    0x0, 0x0, 0x4, 0xf6, 0x0, 0x0, 0x4f, 0x60,
    0x0, 0x4, 0xf6, 0x0, 0x0, 0x4f, 0x60, 0x0,
    0x4, 0xf6, 0x0, 0x0, 0x4f, 0x60, 0x0, 0x4,
    0xf6, 0x0, 0x0, 0x4f, 0x60, 0x0, 0x4, 0xf6,
    0x0, 0x0, 0x4f, 0x60, 0x0, 0x4, 0xf6, 0x0,
    0x0, 0x4f, 0x60, 0x0, 0x4, 0xf6, 0x0, 0x0,
    0x4f, 0x60, 0x0,

    /* U+00CF "Ï" */
    0x4f, 0x90, 0x7f, 0x64, 0xf9, 0x7, 0xf6, 0x0,
    0x0, 0x0, 0x0, 0x0, 0x0, 0x0, 0x0, 0x4f,
    0x60, 0x0, 0x4, 0xf6, 0x0, 0x0, 0x4f, 0x60,
    0x0, 0x4, 0xf6, 0x0, 0x0, 0x4f, 0x60, 0x0,
    0x4, 0xf6, 0x0, 0x0, 0x4f, 0x60, 0x0, 0x4,
    0xf6, 0x0, 0x0, 0x4f, 0x60, 0x0, 0x4, 0xf6,
    0x0, 0x0, 0x4f, 0x60, 0x0, 0x4, 0xf6, 0x0,
    0x0, 0x4f, 0x60, 0x0, 0x4, 0xf6, 0x0,

    /* U+00D0 "Ð" */
    0x2, 0xff, 0xff, 0xec, 0xa3, 0x0, 0x0, 0x2f,
    0xc8, 0x89, 0xcf, 0xfa, 0x10, 0x2, 0xf9, 0x0,
    0x0, 0x1a, 0xfb, 0x0, 0x2f, 0x90, 0x0, 0x0,
    0xc, 0xf5, 0x2, 0xf9, 0x0, 0x0, 0x0, 0x3f,
    0xa1, 0x4f, 0xa2, 0x0, 0x0, 0x0, 0xfd, 0x8f,
    0xff, 0xf6, 0x0, 0x0, 0xe, 0xf2, 0x6f, 0xb5,
    0x20, 0x0, 0x0, 0xee, 0x2, 0xf9, 0x0, 0x0,
    0x0, 0xf, 0xc0, 0x2f, 0x90, 0x0, 0x0, 0x3,
    0xf9, 0x2, 0xf9, 0x0, 0x0, 0x0, 0xcf, 0x30,
    0x2f, 0x90, 0x0, 0x1, 0xaf, 0x90, 0x2, 0xfc,
    0x88, 0x9c, 0xff, 0x90, 0x0, 0x2f, 0xff, 0xff,
    0xc9, 0x40, 0x0,

    /* U+00D1 "Ñ" */
    0x0, 0x0, 0x0, 0x0, 0x0, 0x0, 0x0, 0x0,
    0xce, 0x82, 0xe6, 0x0, 0x0, 0x5, 0xf5, 0xbf,
    0xf1, 0x0, 0x0, 0x1, 0x30, 0x2, 0x10, 0x0,
    0x0, 0x0, 0x0, 0x0, 0x0, 0x0, 0x4f, 0xf9,
    0x0, 0x0, 0x0, 0xec, 0x4f, 0xff, 0x20, 0x0,
    0x0, 0xec, 0x4f, 0x9f, 0xb0, 0x0, 0x0, 0xec,
    0x4f, 0x69, 0xf4, 0x0, 0x0, 0xec, 0x4f, 0x61,
    0xed, 0x0, 0x0, 0xec, 0x4f, 0x60, 0x7f, 0x60,
    0x0, 0xec, 0x4f, 0x60, 0xd, 0xe1, 0x0, 0xec,
    0x4f, 0x60, 0x4, 0xf8, 0x0, 0xec, 0x4f, 0x60,
    0x0, 0xbf, 0x20, 0xec, 0x4f, 0x60, 0x0, 0x2f,
    0xa0, 0xec, 0x4f, 0x60, 0x0, 0x9, 0xf4, 0xec,
    0x4f, 0x60, 0x0, 0x1, 0xfc, 0xfc, 0x4f, 0x60,
    0x0, 0x0, 0x7f, 0xfc, 0x4f, 0x60, 0x0, 0x0,
    0xd, 0xfc,

    /* U+00D2 "Ò" */
    0x0, 0x0, 0x7, 0x70, 0x0, 0x0, 0x0, 0x0,
    0x0, 0x7, 0xf5, 0x0, 0x0, 0x0, 0x0, 0x0,
    0x0, 0xad, 0x0, 0x0, 0x0, 0x0, 0x0, 0x0,
    0x0, 0x0, 0x0, 0x0, 0x0, 0x0, 0x0, 0x0,
    0x0, 0x0, 0x0, 0x0, 0x0, 0x5b, 0xef, 0xd8,
    0x0, 0x0, 0x0, 0xa, 0xfe, 0xb9, 0xdf, 0xd3,
    0x0, 0x0, 0xaf, 0x90, 0x0, 0x4, 0xef, 0x10,
    0x3, 0xfb, 0x0, 0x0, 0x0, 0x4f, 0xa0, 0xa,
    0xf2, 0x0, 0x0, 0x0, 0xc, 0xf1, 0xd, 0xe0,
    0x0, 0x0, 0x0, 0x8, 0xf4, 0xf, 0xc0, 0x0,
    0x0, 0x0, 0x6, 0xf6, 0xf, 0xc0, 0x0, 0x0,
    0x0, 0x6, 0xf6, 0xd, 0xe0, 0x0, 0x0, 0x0,
    0x8, 0xf4, 0xb, 0xf2, 0x0, 0x0, 0x0, 0xc,
    0xf1, 0x4, 0xfa, 0x0, 0x0, 0x0, 0x4f, 0xa0,
    0x0, 0xaf, 0x80, 0x0, 0x4, 0xef, 0x10, 0x0,
    0xa, 0xfe, 0xa9, 0xcf, 0xe3, 0x0, 0x0, 0x0,
    0x5a, 0xde, 0xb8, 0x0, 0x0,

    /* U+00D3 "Ó" */
    0x0, 0x0, 0x0, 0x2, 0x75, 0x0, 0x0, 0x0,
    0x0, 0x0, 0xb, 0xe1, 0x0, 0x0, 0x0, 0x0,
    0x0, 0x4f, 0x30, 0x0, 0x0, 0x0, 0x0, 0x0,
    0x0, 0x0, 0x0, 0x0, 0x0, 0x0, 0x0, 0x0,
    0x0, 0x0, 0x0, 0x0, 0x0, 0x5b, 0xef, 0xd8,
    0x0, 0x0, 0x0, 0xa, 0xfe, 0xb9, 0xdf, 0xd3,
    0x0, 0x0, 0xaf, 0x90, 0x0, 0x4, 0xef, 0x10,
    0x3, 0xfb, 0x0, 0x0, 0x0, 0x4f, 0xa0, 0xa,
    0xf2, 0x0, 0x0, 0x0, 0xc, 0xf1, 0xd, 0xe0,
    0x0, 0x0, 0x0, 0x8, 0xf4, 0xf, 0xc0, 0x0,
    0x0, 0x0, 0x6, 0xf6, 0xf, 0xc0, 0x0, 0x0,
    0x0, 0x6, 0xf6, 0xd, 0xe0, 0x0, 0x0, 0x0,
    0x8, 0xf4, 0xb, 0xf2, 0x0, 0x0, 0x0, 0xc,
    0xf1, 0x4, 0xfa, 0x0, 0x0, 0x0, 0x4f, 0xa0,
    0x0, 0xaf, 0x80, 0x0, 0x4, 0xef, 0x10, 0x0,
    0xa, 0xfe, 0xa9, 0xcf, 0xe3, 0x0, 0x0, 0x0,
    0x5a, 0xde, 0xb8, 0x0, 0x0,

    /* U+00D4 "Ô" */
    0x0, 0x0, 0x0, 0x77, 0x30, 0x0, 0x0, 0x0,
    0x0, 0x7, 0xfd, 0xd0, 0x0, 0x0, 0x0, 0x0,
    0x3f, 0x61, 0xe9, 0x0, 0x0, 0x0, 0x0, 0x0,
    0x0, 0x0, 0x0, 0x0, 0x0, 0x0, 0x0, 0x0,
    0x0, 0x0, 0x0, 0x0, 0x0, 0x5b, 0xef, 0xd8,
    0x0, 0x0, 0x0, 0xa, 0xfe, 0xb9, 0xdf, 0xd3,
    0x0, 0x0, 0xaf, 0x90, 0x0, 0x4, 0xef, 0x10,
    0x3, 0xfb, 0x0, 0x0, 0x0, 0x4f, 0xa0, 0xa,
    0xf2, 0x0, 0x0, 0x0, 0xc, 0xf1, 0xd, 0xe0,
    0x0, 0x0, 0x0, 0x8, 0xf4, 0xf, 0xc0, 0x0,
    0x0, 0x0, 0x6, 0xf6, 0xf, 0xc0, 0x0, 0x0,
    0x0, 0x6, 0xf6, 0xd, 0xe0, 0x0, 0x0, 0x0,
    0x8, 0xf4, 0xb, 0xf2, 0x0, 0x0, 0x0, 0xc,
    0xf1, 0x4, 0xfa, 0x0, 0x0, 0x0, 0x4f, 0xa0,
    0x0, 0xaf, 0x80, 0x0, 0x4, 0xef, 0x10, 0x0,
    0xa, 0xfe, 0xa9, 0xcf, 0xe3, 0x0, 0x0, 0x0,
    0x5a, 0xde, 0xb8, 0x0, 0x0,

    /* U+00D5 "Õ" */
    0x0, 0x0, 0x0, 0x0, 0x0, 0x0, 0x0, 0x0,
    0x0, 0x6e, 0xff, 0xfd, 0x0, 0x0, 0x0, 0x0,
    0x23, 0x33, 0x30, 0x0, 0x0, 0x0, 0x0, 0x0,
    0x0, 0x0, 0x0, 0x0, 0x0, 0x0, 0x0, 0x0,
    0x0, 0x0, 0x0, 0x0, 0x0, 0x5b, 0xef, 0xd8,
    0x0, 0x0, 0x0, 0xa, 0xfe, 0xb9, 0xdf, 0xd3,
    0x0, 0x0, 0xaf, 0x90, 0x0, 0x4, 0xef, 0x10,
    0x3, 0xfb, 0x0, 0x0, 0x0, 0x4f, 0xa0, 0xa,
    0xf2, 0x0, 0x0, 0x0, 0xc, 0xf1, 0xd, 0xe0,
    0x0, 0x0, 0x0, 0x8, 0xf4, 0xf, 0xc0, 0x0,
    0x0, 0x0, 0x6, 0xf6, 0xf, 0xc0, 0x0, 0x0,
    0x0, 0x6, 0xf6, 0xd, 0xe0, 0x0, 0x0, 0x0,
    0x8, 0xf4, 0xb, 0xf2, 0x0, 0x0, 0x0, 0xc,
    0xf1, 0x4, 0xfa, 0x0, 0x0, 0x0, 0x4f, 0xa0,
    0x0, 0xaf, 0x80, 0x0, 0x4, 0xef, 0x10, 0x0,
    0xa, 0xfe, 0xa9, 0xcf, 0xe3, 0x0, 0x0, 0x0,
    0x5a, 0xde, 0xb8, 0x0, 0x0,

    /* U+00D6 "Ö" */
    0x0, 0x0, 0x0, 0x0, 0x0, 0x0, 0x0, 0x0,
    0x0, 0xaf, 0x30, 0xdf, 0x0, 0x0, 0x0, 0x0,
    0xaf, 0x30, 0xdf, 0x0, 0x0, 0x0, 0x0, 0x0,
    0x0, 0x0, 0x0, 0x0, 0x0, 0x0, 0x0, 0x0,
    0x0, 0x0, 0x0, 0x0, 0x0, 0x5b, 0xef, 0xd8,
    0x0, 0x0, 0x0, 0xa, 0xfe, 0xb9, 0xdf, 0xd3,
    0x0, 0x0, 0xaf, 0x90, 0x0, 0x4, 0xef, 0x10,
    0x3, 0xfb, 0x0, 0x0, 0x0, 0x4f, 0xa0, 0xa,
    0xf2, 0x0, 0x0, 0x0, 0xc, 0xf1, 0xd, 0xe0,
    0x0, 0x0, 0x0, 0x8, 0xf4, 0xf, 0xc0, 0x0,
    0x0, 0x0, 0x6, 0xf6, 0xf, 0xc0, 0x0, 0x0,
    0x0, 0x6, 0xf6, 0xd, 0xe0, 0x0, 0x0, 0x0,
    0x8, 0xf4, 0xb, 0xf2, 0x0, 0x0, 0x0, 0xc,
    0xf1, 0x4, 0xfa, 0x0, 0x0, 0x0, 0x4f, 0xa0,
    0x0, 0xaf, 0x80, 0x0, 0x4, 0xef, 0x10, 0x0,
    0xa, 0xfe, 0xa9, 0xcf, 0xe3, 0x0, 0x0, 0x0,
    0x5a, 0xde, 0xb8, 0x0, 0x0,

    /* U+00D7 "×" */
    0x3, 0x10, 0x0, 0x0, 0x40, 0xd, 0xc0, 0x0,
    0x9, 0xf2, 0x3, 0xfc, 0x0, 0x8f, 0x70, 0x0,
    0x4f, 0xb7, 0xf8, 0x0, 0x0, 0x4, 0xff, 0x90,
    0x0, 0x0, 0x5, 0xff, 0xa0, 0x0, 0x0, 0x5f,
    0xa6, 0xf9, 0x0, 0x4, 0xfb, 0x0, 0x6f, 0x80,
    0xd, 0xb0, 0x0, 0x7, 0xf2, 0x2, 0x0, 0x0,
    0x0, 0x30,

    /* U+00D8 "Ø" */
    0x0, 0x0, 0x0, 0x0, 0x0, 0x0, 0x10, 0x0,
    0x0, 0x5b, 0xef, 0xc8, 0xa, 0xd0, 0x0, 0xa,
    0xfe, 0xb9, 0xcf, 0xff, 0x70, 0x0, 0xaf, 0x90,
    0x0, 0x7, 0xff, 0x10, 0x4, 0xfb, 0x0, 0x0,
    0x1e, 0xef, 0x90, 0xb, 0xf3, 0x0, 0x0, 0xbf,
    0x2c, 0xf1, 0xd, 0xe0, 0x0, 0x8, 0xf5, 0x7,
    0xf4, 0xf, 0xc0, 0x0, 0x4f, 0x90, 0x6, 0xf6,
    0xf, 0xc0, 0x2, 0xec, 0x0, 0x6, 0xf7, 0xd,
    0xe0, 0xc, 0xe1, 0x0, 0x8, 0xf4, 0xa, 0xf2,
    0x9f, 0x40, 0x0, 0xc, 0xf1, 0x3, 0xfd, 0xf7,
    0x0, 0x0, 0x4f, 0xa0, 0x0, 0xaf, 0xd0, 0x0,
    0x4, 0xef, 0x10, 0x1, 0xdf, 0xfd, 0x99, 0xcf,
    0xe3, 0x0, 0x7, 0xf3, 0x4b, 0xee, 0xb8, 0x0,
    0x0, 0x0, 0x30, 0x0, 0x0, 0x0, 0x0, 0x0,

    /* U+00D9 "Ù" */
    0x0, 0x5, 0x72, 0x0, 0x0, 0x0, 0x0, 0x2e,
    0xb0, 0x0, 0x0, 0x0, 0x0, 0x4f, 0x30, 0x0,
    0x0, 0x0, 0x0, 0x0, 0x0, 0x0, 0x0, 0x0,
    0x0, 0x0, 0x0, 0x6, 0xf4, 0x0, 0x0, 0x2,
    0xf9, 0x6f, 0x40, 0x0, 0x0, 0x2f, 0x96, 0xf4,
    0x0, 0x0, 0x2, 0xf9, 0x6f, 0x40, 0x0, 0x0,
    0x2f, 0x96, 0xf4, 0x0, 0x0, 0x2, 0xf9, 0x6f,
    0x40, 0x0, 0x0, 0x2f, 0x96, 0xf4, 0x0, 0x0,
    0x2, 0xf9, 0x6f, 0x40, 0x0, 0x0, 0x2f, 0x96,
    0xf5, 0x0, 0x0, 0x2, 0xf9, 0x4f, 0x70, 0x0,
    0x0, 0x4f, 0x62, 0xfb, 0x0, 0x0, 0x8, 0xf4,
    0xb, 0xf4, 0x0, 0x3, 0xfd, 0x0, 0x2e, 0xfb,
    0x8a, 0xff, 0x40, 0x0, 0x19, 0xdf, 0xda, 0x20,
    0x0,

    /* U+00DA "Ú" */
    0x0, 0x0, 0x0, 0x77, 0x0, 0x0, 0x0, 0x0,
    0x5f, 0x60, 0x0, 0x0, 0x0, 0xd, 0x90, 0x0,
    0x0, 0x0, 0x0, 0x0, 0x0, 0x0, 0x0, 0x0,
    0x0, 0x0, 0x0, 0x6, 0xf4, 0x0, 0x0, 0x2,
    0xf9, 0x6f, 0x40, 0x0, 0x0, 0x2f, 0x96, 0xf4,
    0x0, 0x0, 0x2, 0xf9, 0x6f, 0x40, 0x0, 0x0,
    0x2f, 0x96, 0xf4, 0x0, 0x0, 0x2, 0xf9, 0x6f,
    0x40, 0x0, 0x0, 0x2f, 0x96, 0xf4, 0x0, 0x0,
    0x2, 0xf9, 0x6f, 0x40, 0x0, 0x0, 0x2f, 0x96,
    0xf5, 0x0, 0x0, 0x2, 0xf9, 0x4f, 0x70, 0x0,
    0x0, 0x4f, 0x62, 0xfb, 0x0, 0x0, 0x8, 0xf4,
    0xb, 0xf4, 0x0, 0x3, 0xfd, 0x0, 0x2e, 0xfb,
    0x8a, 0xff, 0x40, 0x0, 0x19, 0xdf, 0xda, 0x20,
    0x0,

    /* U+00DB "Û" */
    0x0, 0x0, 0x47, 0x60, 0x0, 0x0, 0x0, 0x2f,
    0xcf, 0x40, 0x0, 0x0, 0xc, 0xc0, 0xae, 0x10,
    0x0, 0x0, 0x0, 0x0, 0x0, 0x0, 0x0, 0x0,
    0x0, 0x0, 0x0, 0x6, 0xf4, 0x0, 0x0, 0x2,
    0xf9, 0x6f, 0x40, 0x0, 0x0, 0x2f, 0x96, 0xf4,
    0x0, 0x0, 0x2, 0xf9, 0x6f, 0x40, 0x0, 0x0,
    0x2f, 0x96, 0xf4, 0x0, 0x0, 0x2, 0xf9, 0x6f,
    0x40, 0x0, 0x0, 0x2f, 0x96, 0xf4, 0x0, 0x0,
    0x2, 0xf9, 0x6f, 0x40, 0x0, 0x0, 0x2f, 0x96,
    0xf5, 0x0, 0x0, 0x2, 0xf9, 0x4f, 0x70, 0x0,
    0x0, 0x4f, 0x62, 0xfb, 0x0, 0x0, 0x8, 0xf4,
    0xb, 0xf4, 0x0, 0x3, 0xfd, 0x0, 0x2e, 0xfb,
    0x8a, 0xff, 0x40, 0x0, 0x19, 0xdf, 0xda, 0x20,
    0x0,

    /* U+00DC "Ü" */
    0x0, 0x0, 0x0, 0x0, 0x0, 0x0, 0x4, 0xf9,
    0x7, 0xf6, 0x0, 0x0, 0x4f, 0x90, 0x7f, 0x60,
    0x0, 0x0, 0x0, 0x0, 0x0, 0x0, 0x0, 0x0,
    0x0, 0x0, 0x0, 0x6, 0xf4, 0x0, 0x0, 0x2,
    0xf9, 0x6f, 0x40, 0x0, 0x0, 0x2f, 0x96, 0xf4,
    0x0, 0x0, 0x2, 0xf9, 0x6f, 0x40, 0x0, 0x0,
    0x2f, 0x96, 0xf4, 0x0, 0x0, 0x2, 0xf9, 0x6f,
    0x40, 0x0, 0x0, 0x2f, 0x96, 0xf4, 0x0, 0x0,
    0x2, 0xf9, 0x6f, 0x40, 0x0, 0x0, 0x2f, 0x96,
    0xf5, 0x0, 0x0, 0x2, 0xf9, 0x4f, 0x70, 0x0,
    0x0, 0x4f, 0x62, 0xfb, 0x0, 0x0, 0x8, 0xf4,
    0xb, 0xf4, 0x0, 0x3, 0xfd, 0x0, 0x2e, 0xfb,
    0x8a, 0xff, 0x40, 0x0, 0x19, 0xdf, 0xda, 0x20,
    0x0,

    /* U+00DD "Ý" */
    0x0, 0x0, 0x0, 0x67, 0x0, 0x0, 0x0, 0x0,
    0x4, 0xf7, 0x0, 0x0, 0x0, 0x0, 0xc, 0xa0,
    0x0, 0x0, 0x0, 0x0, 0x0, 0x0, 0x0, 0x0,
    0x0, 0x0, 0x0, 0x0, 0x0, 0x0, 0x8f, 0x50,
    0x0, 0x0, 0x1f, 0xc0, 0x1e, 0xe0, 0x0, 0x0,
    0xaf, 0x30, 0x6, 0xf7, 0x0, 0x3, 0xf9, 0x0,
    0x0, 0xde, 0x10, 0xc, 0xf1, 0x0, 0x0, 0x4f,
    0x80, 0x5f, 0x70, 0x0, 0x0, 0xa, 0xf2, 0xdd,
    0x0, 0x0, 0x0, 0x2, 0xfe, 0xf4, 0x0, 0x0,
    0x0, 0x0, 0x8f, 0xb0, 0x0, 0x0, 0x0, 0x0,
    0x4f, 0x70, 0x0, 0x0, 0x0, 0x0, 0x4f, 0x70,
    0x0, 0x0, 0x0, 0x0, 0x4f, 0x70, 0x0, 0x0,
    0x0, 0x0, 0x4f, 0x70, 0x0, 0x0, 0x0, 0x0,
    0x4f, 0x70, 0x0, 0x0, 0x0, 0x0, 0x4f, 0x70,
    0x0, 0x0,

    /* U+00DE "Þ" */
    0x4f, 0x60, 0x0, 0x0, 0x0, 0x4, 0xf6, 0x0,
    0x0, 0x0, 0x0, 0x4f, 0xb8, 0x88, 0x75, 0x0,
    0x4, 0xff, 0xff, 0xff, 0xfe, 0x30, 0x4f, 0x60,
    0x0, 0x15, 0xfe, 0x4, 0xf6, 0x0, 0x0, 0x8,
    0xf4, 0x4f, 0x60, 0x0, 0x0, 0x5f, 0x64, 0xf6,
    0x0, 0x0, 0x8, 0xf4, 0x4f, 0x60, 0x0, 0x15,
    0xfe, 0x4, 0xff, 0xff, 0xff, 0xfe, 0x30, 0x4f,
    0xb8, 0x88, 0x75, 0x0, 0x4, 0xf6, 0x0, 0x0,
    0x0, 0x0, 0x4f, 0x60, 0x0, 0x0, 0x0, 0x4,
    0xf6, 0x0, 0x0, 0x0, 0x0,

    /* U+00DF "ß" */
    0x0, 0x4b, 0xee, 0xc5, 0x0, 0x7, 0xfc, 0x77,
    0xcf, 0x70, 0x2f, 0xb0, 0x0, 0xc, 0xf0, 0x6f,
    0x30, 0x0, 0x8, 0xf2, 0x9f, 0x10, 0x0, 0xb,
    0xe0, 0x9f, 0x0, 0x13, 0x9f, 0x50, 0x9f, 0x2,
    0xff, 0xe3, 0x0, 0x9f, 0x0, 0x46, 0xcf, 0x40,
    0x9f, 0x0, 0x0, 0xc, 0xe0, 0x9f, 0x0, 0x0,
    0x7, 0xf4, 0x9f, 0x0, 0x0, 0x7, 0xf4, 0x9f,
    0x0, 0x0, 0xd, 0xf1, 0x9f, 0x4, 0x9a, 0xef,
    0x70, 0x9f, 0x6, 0xfe, 0xc4, 0x0,

    /* U+00E0 "à" */
    0x0, 0x3f, 0xb0, 0x0, 0x0, 0x0, 0x6f, 0x30,
    0x0, 0x0, 0x0, 0x76, 0x0, 0x0, 0x0, 0x0,
    0x0, 0x0, 0x0, 0x3b, 0xee, 0x91, 0x0, 0x3f,
    0xc7, 0x8e, 0xb0, 0xb, 0xf0, 0x0, 0x5f, 0x20,
    0x33, 0x0, 0x8, 0xf5, 0x0, 0x4a, 0xdf, 0xff,
    0x50, 0x8f, 0xd7, 0x34, 0xf5, 0xf, 0xb0, 0x0,
    0x4f, 0x51, 0xfb, 0x0, 0xa, 0xf5, 0xb, 0xf9,
    0x6b, 0xdf, 0x50, 0x1a, 0xee, 0x93, 0xf5,

    /* U+00E1 "á" */
    0x0, 0x0, 0xc, 0xf2, 0x0, 0x0, 0x4, 0xf5,
    0x0, 0x0, 0x0, 0x77, 0x0, 0x0, 0x0, 0x0,
    0x0, 0x0, 0x0, 0x3b, 0xee, 0x91, 0x0, 0x3f,
    0xc7, 0x8e, 0xb0, 0xb, 0xf0, 0x0, 0x5f, 0x20,
    0x33, 0x0, 0x8, 0xf5, 0x0, 0x4a, 0xdf, 0xff,
    0x50, 0x8f, 0xd7, 0x34, 0xf5, 0xf, 0xb0, 0x0,
    0x4f, 0x51, 0xfb, 0x0, 0xa, 0xf5, 0xb, 0xf9,
    0x6b, 0xdf, 0x50, 0x1a, 0xee, 0x93, 0xf5,

    /* U+00E2 "â" */
    0x0, 0x7, 0xff, 0x30, 0x0, 0x3, 0xf7, 0xbe,
    0x0, 0x0, 0x56, 0x1, 0x73, 0x0, 0x0, 0x0,
    0x0, 0x0, 0x0, 0x3b, 0xee, 0x91, 0x0, 0x3f,
    0xc7, 0x8e, 0xb0, 0xb, 0xf0, 0x0, 0x5f, 0x20,
    0x33, 0x0, 0x8, 0xf5, 0x0, 0x4a, 0xdf, 0xff,
    0x50, 0x8f, 0xd7, 0x34, 0xf5, 0xf, 0xb0, 0x0,
    0x4f, 0x51, 0xfb, 0x0, 0xa, 0xf5, 0xb, 0xf9,
    0x6b, 0xdf, 0x50, 0x1a, 0xee, 0x93, 0xf5,

    /* U+00E3 "ã" */
    0x0, 0x7e, 0xa4, 0x9c, 0x0, 0xf, 0x99, 0xff,
    0x60, 0x0, 0x30, 0x0, 0x20, 0x0, 0x0, 0x0,
    0x0, 0x0, 0x0, 0x3b, 0xee, 0x91, 0x0, 0x3f,
    0xc7, 0x8e, 0xb0, 0xb, 0xf0, 0x0, 0x5f, 0x20,
    0x33, 0x0, 0x8, 0xf5, 0x0, 0x4a, 0xdf, 0xff,
    0x50, 0x8f, 0xd7, 0x34, 0xf5, 0xf, 0xb0, 0x0,
    0x4f, 0x51, 0xfb, 0x0, 0xa, 0xf5, 0xb, 0xf9,
    0x6b, 0xdf, 0x50, 0x1a, 0xee, 0x93, 0xf5,

    /* U+00E4 "ä" */
    0x0, 0xfe, 0x2, 0xfb, 0x0, 0xf, 0xe0, 0x2f,
    0xb0, 0x0, 0x0, 0x0, 0x0, 0x0, 0x0, 0x0,
    0x0, 0x0, 0x0, 0x3b, 0xee, 0x91, 0x0, 0x3f,
    0xc7, 0x8e, 0xb0, 0xb, 0xf0, 0x0, 0x5f, 0x20,
    0x33, 0x0, 0x8, 0xf5, 0x0, 0x4a, 0xdf, 0xff,
    0x50, 0x8f, 0xd7, 0x34, 0xf5, 0xf, 0xb0, 0x0,
    0x4f, 0x51, 0xfb, 0x0, 0xa, 0xf5, 0xb, 0xf9,
    0x6b, 0xdf, 0x50, 0x1a, 0xee, 0x93, 0xf5,

    /* U+00E5 "å" */
    0x0, 0x4, 0xdc, 0x20, 0x0, 0x0, 0xb5, 0x97,
    0x0, 0x0, 0x4, 0xdc, 0x20, 0x0, 0x0, 0x0,
    0x0, 0x0, 0x0, 0x3b, 0xee, 0x91, 0x0, 0x3f,
    0xc7, 0x8e, 0xb0, 0xb, 0xf0, 0x0, 0x5f, 0x20,
    0x33, 0x0, 0x8, 0xf5, 0x0, 0x4a, 0xdf, 0xff,
    0x50, 0x8f, 0xd7, 0x34, 0xf5, 0xf, 0xb0, 0x0,
    0x4f, 0x51, 0xfb, 0x0, 0xa, 0xf5, 0xb, 0xf9,
    0x6b, 0xdf, 0x50, 0x1a, 0xee, 0x93, 0xf5,

    /* U+00E6 "æ" */
    0x0, 0x4c, 0xfd, 0x80, 0x8, 0xde, 0xb4, 0x0,
    0x4, 0xfc, 0x69, 0xeb, 0xce, 0x86, 0xbf, 0x60,
    0xb, 0xe0, 0x0, 0x4f, 0xf2, 0x0, 0xb, 0xe0,
    0x2, 0x20, 0x0, 0x7f, 0xa0, 0x0, 0x6, 0xf3,
    0x0, 0x4a, 0xdf, 0xef, 0xff, 0xff, 0xff, 0xf5,
    0x8, 0xfb, 0x51, 0x2f, 0xa3, 0x33, 0x33, 0x31,
    0xf, 0xb0, 0x0, 0x3f, 0xb0, 0x0, 0x1, 0x41,
    0x1f, 0xb0, 0x0, 0xaf, 0xf3, 0x0, 0x9, 0xf2,
    0xb, 0xf9, 0x6b, 0xd3, 0xef, 0x86, 0xaf, 0x90,
    0x1, 0xae, 0xfb, 0x20, 0x2a, 0xef, 0xd7, 0x0,

    /* U+00E7 "ç" */
    0x0, 0x8, 0xcf, 0xd6, 0x0, 0x0, 0xcf, 0x96,
    0xaf, 0x90, 0x8, 0xf5, 0x0, 0xb, 0xf2, 0xe,
    0xc0, 0x0, 0x3, 0x82, 0x1f, 0x90, 0x0, 0x0,
    0x0, 0x1f, 0x90, 0x0, 0x0, 0x0, 0xf, 0xb0,
    0x0, 0x1, 0x62, 0xa, 0xf3, 0x0, 0x7, 0xf4,
    0x2, 0xef, 0x74, 0x8f, 0xc0, 0x0, 0x2a, 0xff,
    0xe9, 0x10, 0x0, 0x0, 0xa9, 0x0, 0x0, 0x0,
    0x0, 0xdd, 0x60, 0x0, 0x0, 0x4, 0x37, 0xd0,
    0x0, 0x0, 0x7, 0xee, 0x60, 0x0,

    /* U+00E8 "è" */
    0x0, 0xd, 0xf1, 0x0, 0x0, 0x0, 0x2, 0xf9,
    0x0, 0x0, 0x0, 0x0, 0x49, 0x0, 0x0, 0x0,
    0x0, 0x0, 0x0, 0x0, 0x0, 0x9, 0xde, 0xb4,
    0x0, 0x1, 0xde, 0x87, 0xcf, 0x50, 0x9, 0xf1,
    0x0, 0xc, 0xe0, 0xf, 0xa0, 0x0, 0x6, 0xf3,
    0x1f, 0xff, 0xff, 0xff, 0xf5, 0x1f, 0x93, 0x33,
    0x33, 0x31, 0xf, 0xa0, 0x0, 0x1, 0x41, 0xa,
    0xf2, 0x0, 0x9, 0xf1, 0x2, 0xef, 0x86, 0xaf,
    0x80, 0x0, 0x1a, 0xdf, 0xc6, 0x0,

    /* U+00E9 "é" */
    0x0, 0x0, 0x7, 0xf7, 0x0, 0x0, 0x0, 0xe,
    0xa0, 0x0, 0x0, 0x0, 0x39, 0x0, 0x0, 0x0,
    0x0, 0x0, 0x0, 0x0, 0x0, 0x9, 0xde, 0xb4,
    0x0, 0x1, 0xde, 0x87, 0xcf, 0x50, 0x9, 0xf1,
    0x0, 0xc, 0xe0, 0xf, 0xa0, 0x0, 0x6, 0xf3,
    0x1f, 0xff, 0xff, 0xff, 0xf5, 0x1f, 0x93, 0x33,
    0x33, 0x31, 0xf, 0xa0, 0x0, 0x1, 0x41, 0xa,
    0xf2, 0x0, 0x9, 0xf1, 0x2, 0xef, 0x86, 0xaf,
    0x80, 0x0, 0x1a, 0xdf, 0xc6, 0x0,

    /* U+00EA "ê" */
    0x0, 0x2, 0xff, 0x90, 0x0, 0x0, 0xd, 0xc6,
    0xf4, 0x0, 0x0, 0x27, 0x10, 0x66, 0x0, 0x0,
    0x0, 0x0, 0x0, 0x0, 0x0, 0x9, 0xde, 0xb4,
    0x0, 0x1, 0xde, 0x87, 0xcf, 0x50, 0x9, 0xf1,
    0x0, 0xc, 0xe0, 0xf, 0xa0, 0x0, 0x6, 0xf3,
    0x1f, 0xff, 0xff, 0xff, 0xf5, 0x1f, 0x93, 0x33,
    0x33, 0x31, 0xf, 0xa0, 0x0, 0x1, 0x41, 0xa,
    0xf2, 0x0, 0x9, 0xf1, 0x2, 0xef, 0x86, 0xaf,
    0x80, 0x0, 0x1a, 0xdf, 0xc6, 0x0,

    /* U+00EB "ë" */
    0x0, 0xaf, 0x30, 0xdf, 0x0, 0x0, 0xaf, 0x30,
    0xdf, 0x0, 0x0, 0x0, 0x0, 0x0, 0x0, 0x0,
    0x0, 0x0, 0x0, 0x0, 0x0, 0x9, 0xde, 0xb4,
    0x0, 0x1, 0xde, 0x87, 0xcf, 0x50, 0x9, 0xf1,
    0x0, 0xc, 0xe0, 0xf, 0xa0, 0x0, 0x6, 0xf3,
    0x1f, 0xff, 0xff, 0xff, 0xf5, 0x1f, 0x93, 0x33,
    0x33, 0x31, 0xf, 0xa0, 0x0, 0x1, 0x41, 0xa,
    0xf2, 0x0, 0x9, 0xf1, 0x2, 0xef, 0x86, 0xaf,
    0x80, 0x0, 0x1a, 0xdf, 0xc6, 0x0,

    /* U+00EC "ì" */
    0xc, 0xf2, 0x0, 0x1e, 0xa0, 0x0, 0x26, 0x0,
    0x0, 0x0, 0x0, 0x9f, 0x0, 0x9, 0xf0, 0x0,
    0x9f, 0x0, 0x9, 0xf0, 0x0, 0x9f, 0x0, 0x9,
    0xf0, 0x0, 0x9f, 0x0, 0x9, 0xf0, 0x0, 0x9f,
    0x0, 0x9, 0xf0,

    /* U+00ED "í" */
    0x7, 0xf7, 0x1e, 0x90, 0x26, 0x0, 0x0, 0x0,
    0x9f, 0x0, 0x9f, 0x0, 0x9f, 0x0, 0x9f, 0x0,
    0x9f, 0x0, 0x9f, 0x0, 0x9f, 0x0, 0x9f, 0x0,
    0x9f, 0x0, 0x9f, 0x0,

    /* U+00EE "î" */
    0x2, 0xff, 0x90, 0xd, 0xb4, 0xf6, 0x14, 0x0,
    0x34, 0x0, 0x0, 0x0, 0x0, 0x9f, 0x0, 0x0,
    0x9f, 0x0, 0x0, 0x9f, 0x0, 0x0, 0x9f, 0x0,
    0x0, 0x9f, 0x0, 0x0, 0x9f, 0x0, 0x0, 0x9f,
    0x0, 0x0, 0x9f, 0x0, 0x0, 0x9f, 0x0, 0x0,
    0x9f, 0x0,

    /* U+00EF "ï" */
    0xaf, 0x30, 0xcf, 0x1a, 0xf3, 0xc, 0xf1, 0x0,
    0x0, 0x0, 0x0, 0x0, 0x0, 0x0, 0x0, 0x9f,
    0x0, 0x0, 0x9, 0xf0, 0x0, 0x0, 0x9f, 0x0,
    0x0, 0x9, 0xf0, 0x0, 0x0, 0x9f, 0x0, 0x0,
    0x9, 0xf0, 0x0, 0x0, 0x9f, 0x0, 0x0, 0x9,
    0xf0, 0x0, 0x0, 0x9f, 0x0, 0x0, 0x9, 0xf0,
    0x0,

    /* U+00F0 "ð" */
    0x0, 0x0, 0x30, 0x0, 0x0, 0x0, 0x3, 0xfd,
    0x20, 0x30, 0x0, 0x0, 0x6f, 0xfe, 0xf3, 0x0,
    0x4, 0xff, 0xff, 0x40, 0x0, 0x1, 0x72, 0x7f,
    0x60, 0x0, 0x9, 0xdf, 0xbf, 0xe0, 0x1, 0xdf,
    0x97, 0xbf, 0xf5, 0x9, 0xf4, 0x0, 0x9, 0xf8,
    0xf, 0xc0, 0x0, 0x1, 0xfa, 0x1f, 0x90, 0x0,
    0x0, 0xfc, 0x1f, 0x90, 0x0, 0x0, 0xfb, 0xf,
    0xc0, 0x0, 0x1, 0xf9, 0x9, 0xf3, 0x0, 0x9,
    0xf3, 0x1, 0xdf, 0x86, 0xbf, 0x80, 0x0, 0x9,
    0xdf, 0xc5, 0x0,

    /* U+00F1 "ñ" */
    0x1, 0xce, 0x82, 0xf5, 0x0, 0x6f, 0x6c, 0xfe,
    0x10, 0x1, 0x20, 0x2, 0x0, 0x0, 0x0, 0x0,
    0x0, 0x0, 0x9f, 0x1a, 0xfe, 0x80, 0x9, 0xfc,
    0xa6, 0x9f, 0x90, 0x9f, 0x90, 0x0, 0xbf, 0x9,
    0xf2, 0x0, 0x7, 0xf2, 0x9f, 0x0, 0x0, 0x6f,
    0x39, 0xf0, 0x0, 0x6, 0xf3, 0x9f, 0x0, 0x0,
    0x6f, 0x39, 0xf0, 0x0, 0x6, 0xf3, 0x9f, 0x0,
    0x0, 0x6f, 0x39, 0xf0, 0x0, 0x6, 0xf3,

    /* U+00F2 "ò" */
    0x0, 0xb, 0xf2, 0x0, 0x0, 0x0, 0x1, 0xea,
    0x0, 0x0, 0x0, 0x0, 0x39, 0x0, 0x0, 0x0,
    0x0, 0x0, 0x0, 0x0, 0x0, 0x9, 0xdf, 0xc5,
    0x0, 0x1, 0xdf, 0x97, 0xbf, 0x80, 0x9, 0xf4,
    0x0, 0x9, 0xf3, 0xf, 0xc0, 0x0, 0x1, 0xf9,
    0x1f, 0x90, 0x0, 0x0, 0xfb, 0x1f, 0x90, 0x0,
    0x0, 0xfb, 0xf, 0xc0, 0x0, 0x1, 0xf9, 0x9,
    0xf3, 0x0, 0x9, 0xf3, 0x1, 0xdf, 0x86, 0xbf,
    0x90, 0x0, 0x9, 0xdf, 0xc5, 0x0,

    /* U+00F3 "ó" */
    0x0, 0x0, 0x5, 0xf9, 0x0, 0x0, 0x0, 0xd,
    0xc0, 0x0, 0x0, 0x0, 0x29, 0x10, 0x0, 0x0,
    0x0, 0x0, 0x0, 0x0, 0x0, 0x9, 0xdf, 0xc5,
    0x0, 0x1, 0xdf, 0x97, 0xbf, 0x80, 0x9, 0xf4,
    0x0, 0x9, 0xf3, 0xf, 0xc0, 0x0, 0x1, 0xf9,
    0x1f, 0x90, 0x0, 0x0, 0xfb, 0x1f, 0x90, 0x0,
    0x0, 0xfb, 0xf, 0xc0, 0x0, 0x1, 0xf9, 0x9,
    0xf3, 0x0, 0x9, 0xf3, 0x1, 0xdf, 0x86, 0xbf,
    0x90, 0x0, 0x9, 0xdf, 0xc5, 0x0,

    /* U+00F4 "ô" */
    0x0, 0x1, 0xef, 0xa0, 0x0, 0x0, 0xb, 0xd5,
    0xf6, 0x0, 0x0, 0x27, 0x20, 0x57, 0x0, 0x0,
    0x0, 0x0, 0x0, 0x0, 0x0, 0x9, 0xdf, 0xc5,
    0x0, 0x1, 0xdf, 0x97, 0xbf, 0x80, 0x9, 0xf4,
    0x0, 0x9, 0xf3, 0xf, 0xc0, 0x0, 0x1, 0xf9,
    0x1f, 0x90, 0x0, 0x0, 0xfb, 0x1f, 0x90, 0x0,
    0x0, 0xfb, 0xf, 0xc0, 0x0, 0x1, 0xf9, 0x9,
    0xf3, 0x0, 0x9, 0xf3, 0x1, 0xdf, 0x86, 0xbf,
    0x90, 0x0, 0x9, 0xdf, 0xc5, 0x0,

    /* U+00F5 "õ" */
    0x0, 0x1d, 0xd7, 0x3f, 0x30, 0x0, 0x8e, 0x6c,
    0xfd, 0x0, 0x0, 0x22, 0x0, 0x20, 0x0, 0x0,
    0x0, 0x0, 0x0, 0x0, 0x0, 0x9, 0xdf, 0xc5,
    0x0, 0x1, 0xdf, 0x97, 0xbf, 0x80, 0x9, 0xf4,
    0x0, 0x9, 0xf3, 0xf, 0xc0, 0x0, 0x1, 0xf9,
    0x1f, 0x90, 0x0, 0x0, 0xfb, 0x1f, 0x90, 0x0,
    0x0, 0xfb, 0xf, 0xc0, 0x0, 0x1, 0xf9, 0x9,
    0xf3, 0x0, 0x9, 0xf3, 0x1, 0xdf, 0x86, 0xbf,
    0x90, 0x0, 0x9, 0xdf, 0xc5, 0x0,

    /* U+00F6 "ö" */
    0x0, 0x8f, 0x50, 0xbf, 0x20, 0x0, 0x8f, 0x50,
    0xbf, 0x20, 0x0, 0x0, 0x0, 0x0, 0x0, 0x0,
    0x0, 0x0, 0x0, 0x0, 0x0, 0x9, 0xdf, 0xc5,
    0x0, 0x1, 0xdf, 0x97, 0xbf, 0x80, 0x9, 0xf4,
    0x0, 0x9, 0xf3, 0xf, 0xc0, 0x0, 0x1, 0xf9,
    0x1f, 0x90, 0x0, 0x0, 0xfb, 0x1f, 0x90, 0x0,
    0x0, 0xfb, 0xf, 0xc0, 0x0, 0x1, 0xf9, 0x9,
    0xf3, 0x0, 0x9, 0xf3, 0x1, 0xdf, 0x86, 0xbf,
    0x90, 0x0, 0x9, 0xdf, 0xc5, 0x0,

    /* U+00F7 "÷" */
    0x0, 0x3, 0xf8, 0x0, 0x0, 0x0, 0x3, 0xf8,
    0x0, 0x0, 0x0, 0x0, 0x0, 0x0, 0x0, 0x0,
    0x0, 0x0, 0x0, 0x0, 0x11, 0x11, 0x11, 0x11,
    0x10, 0xdf, 0xff, 0xff, 0xff, 0xf1, 0x44, 0x44,
    0x44, 0x44, 0x40, 0x0, 0x0, 0x0, 0x0, 0x0,
    0x0, 0x3, 0xe7, 0x0, 0x0, 0x0, 0x3, 0xf8,
    0x0, 0x0,

    /* U+00F8 "ø" */
    0x0, 0x0, 0x0, 0x0, 0x20, 0x0, 0x9, 0xdf,
    0xc7, 0xf6, 0x1, 0xdf, 0x97, 0xcf, 0xe0, 0x9,
    0xf4, 0x0, 0x9f, 0xf3, 0xf, 0xc0, 0x5, 0xf7,
    0xf9, 0x1f, 0x90, 0x2f, 0x80, 0xfb, 0x1f, 0x90,
    0xdb, 0x0, 0xfb, 0xf, 0xca, 0xe1, 0x1, 0xf9,
    0x9, 0xff, 0x40, 0x9, 0xf3, 0x4, 0xff, 0x86,
    0xbf, 0x90, 0xb, 0xb9, 0xef, 0xc6, 0x0, 0x1,
    0x10, 0x0, 0x0, 0x0,

    /* U+00F9 "ù" */
    0x0, 0xcf, 0x20, 0x0, 0x0, 0x1e, 0xa0, 0x0,
    0x0, 0x2, 0x60, 0x0, 0x0, 0x0, 0x0, 0x0,
    0xbe, 0x0, 0x0, 0xaf, 0xbe, 0x0, 0x0, 0xaf,
    0xbe, 0x0, 0x0, 0xaf, 0xbe, 0x0, 0x0, 0xaf,
    0xbe, 0x0, 0x0, 0xaf, 0xbe, 0x0, 0x0, 0xaf,
    0xaf, 0x0, 0x0, 0xcf, 0x8f, 0x30, 0x2, 0xff,
    0x2f, 0xe7, 0x7d, 0xdf, 0x4, 0xcf, 0xc5, 0x9f,

    /* U+00FA "ú" */
    0x0, 0x0, 0x7f, 0x70, 0x0, 0x1, 0xe9, 0x0,
    0x0, 0x2, 0x60, 0x0, 0x0, 0x0, 0x0, 0x0,
    0xbe, 0x0, 0x0, 0xaf, 0xbe, 0x0, 0x0, 0xaf,
    0xbe, 0x0, 0x0, 0xaf, 0xbe, 0x0, 0x0, 0xaf,
    0xbe, 0x0, 0x0, 0xaf, 0xbe, 0x0, 0x0, 0xaf,
    0xaf, 0x0, 0x0, 0xcf, 0x8f, 0x30, 0x2, 0xff,
    0x2f, 0xe7, 0x7d, 0xdf, 0x4, 0xcf, 0xc5, 0x9f,

    /* U+00FB "û" */
    0x0, 0x2f, 0xf9, 0x0, 0x0, 0xdb, 0x4f, 0x60,
    0x1, 0x40, 0x3, 0x40, 0x0, 0x0, 0x0, 0x0,
    0xbe, 0x0, 0x0, 0xaf, 0xbe, 0x0, 0x0, 0xaf,
    0xbe, 0x0, 0x0, 0xaf, 0xbe, 0x0, 0x0, 0xaf,
    0xbe, 0x0, 0x0, 0xaf, 0xbe, 0x0, 0x0, 0xaf,
    0xaf, 0x0, 0x0, 0xcf, 0x8f, 0x30, 0x2, 0xff,
    0x2f, 0xe7, 0x7d, 0xdf, 0x4, 0xcf, 0xc5, 0x9f,

    /* U+00FC "ü" */
    0xa, 0xf3, 0xc, 0xf1, 0xa, 0xf3, 0xc, 0xf1,
    0x0, 0x0, 0x0, 0x0, 0x0, 0x0, 0x0, 0x0,
    0xbe, 0x0, 0x0, 0xaf, 0xbe, 0x0, 0x0, 0xaf,
    0xbe, 0x0, 0x0, 0xaf, 0xbe, 0x0, 0x0, 0xaf,
    0xbe, 0x0, 0x0, 0xaf, 0xbe, 0x0, 0x0, 0xaf,
    0xaf, 0x0, 0x0, 0xcf, 0x8f, 0x30, 0x2, 0xff,
    0x2f, 0xe7, 0x7d, 0xdf, 0x4, 0xcf, 0xc5, 0x9f,

    /* U+00FD "ý" */
    0x0, 0x0, 0x1f, 0xd0, 0x0, 0x0, 0x9, 0xe1,
    0x0, 0x0, 0x0, 0x62, 0x0, 0x0, 0x0, 0x0,
    0x0, 0x0, 0x8f, 0x40, 0x0, 0xe, 0xb2, 0xf9,
    0x0, 0x4, 0xf5, 0xc, 0xf0, 0x0, 0x9f, 0x0,
    0x5f, 0x50, 0xe, 0xa0, 0x0, 0xfb, 0x3, 0xf5,
    0x0, 0x9, 0xf1, 0x9f, 0x0, 0x0, 0x3f, 0x6e,
    0x90, 0x0, 0x0, 0xde, 0xf4, 0x0, 0x0, 0x6,
    0xfe, 0x0, 0x0, 0x0, 0x2f, 0x80, 0x0, 0x0,
    0x7, 0xf3, 0x0, 0x0, 0x0, 0xdd, 0x0, 0x0,
    0x0, 0x2f, 0x80, 0x0, 0x0, 0x8, 0xf2, 0x0,
    0x0,

    /* U+00FE "þ" */
    0x9f, 0x0, 0x0, 0x0, 0x0, 0x9f, 0x0, 0x0,
    0x0, 0x0, 0x9f, 0x0, 0x0, 0x0, 0x0, 0x9f,
    0x0, 0x0, 0x0, 0x0, 0x9f, 0x19, 0xee, 0xa2,
    0x0, 0x9f, 0xcc, 0x78, 0xff, 0x30, 0x9f, 0xb0,
    0x0, 0x3f, 0xb0, 0x9f, 0x30, 0x0, 0xb, 0xf0,
    0x9f, 0x0, 0x0, 0x8, 0xf3, 0x9f, 0x0, 0x0,
    0x8, 0xf3, 0x9f, 0x30, 0x0, 0xa, 0xf0, 0x9f,
    0xb0, 0x0, 0x3f, 0xb0, 0x9f, 0xcb, 0x68, 0xff,
    0x20, 0x9f, 0x19, 0xde, 0xa2, 0x0, 0x9f, 0x0,
    0x0, 0x0, 0x0, 0x9f, 0x0, 0x0, 0x0, 0x0,
    0x9f, 0x0, 0x0, 0x0, 0x0, 0x9f, 0x0, 0x0,
    0x0, 0x0,

    /* U+00FF "ÿ" */
    0x3, 0xfa, 0x6, 0xf7, 0x0, 0x3f, 0xa0, 0x6f,
    0x70, 0x0, 0x0, 0x0, 0x0, 0x0, 0x0, 0x0,
    0x0, 0x0, 0x8f, 0x40, 0x0, 0xe, 0xb2, 0xf9,
    0x0, 0x4, 0xf5, 0xc, 0xf0, 0x0, 0x9f, 0x0,
    0x5f, 0x50, 0xe, 0xa0, 0x0, 0xfb, 0x3, 0xf5,
    0x0, 0x9, 0xf1, 0x9f, 0x0, 0x0, 0x3f, 0x6e,
    0x90, 0x0, 0x0, 0xde, 0xf4, 0x0, 0x0, 0x6,
    0xfe, 0x0, 0x0, 0x0, 0x2f, 0x80, 0x0, 0x0,
    0x7, 0xf3, 0x0, 0x0, 0x0, 0xdd, 0x0, 0x0,
    0x0, 0x2f, 0x80, 0x0, 0x0, 0x8, 0xf2, 0x0,
    0x0,

    /* U+2013 "–" */
    0x12, 0x22, 0x22, 0x22, 0x1c, 0xff, 0xff, 0xff,
    0xf7, 0x45, 0x55, 0x55, 0x55, 0x20,

    /* U+2014 "—" */
    0x12, 0x22, 0x22, 0x22, 0x22, 0x22, 0x21, 0xcf,
    0xff, 0xff, 0xff, 0xff, 0xff, 0xfb, 0x45, 0x55,
    0x55, 0x55, 0x55, 0x55, 0x53,

    /* U+2018 "‘" */
    0x0, 0x3, 0xe2, 0xb8, 0xd, 0x60, 0xdf, 0x1d,
    0xf1,

    /* U+2019 "’" */
    0xcf, 0x3c, 0xf3, 0x2e, 0x32, 0xf1, 0xc7, 0x1,
    0x0,

    /* U+201C "“" */
    0x0, 0x0, 0x1, 0x3e, 0x20, 0xb8, 0xb8, 0x5,
    0xd0, 0xd6, 0x7, 0xb1, 0xdf, 0x17, 0xf7, 0xdf,
    0x17, 0xf7,

    /* U+201D "”" */
    0xcf, 0x36, 0xf9, 0xcf, 0x36, 0xf9, 0x2e, 0x31,
    0x99, 0x2f, 0x10, 0xc6, 0xc7, 0x6, 0xc0, 0x10,
    0x0, 0x0,

    /* U+2026 "…" */
    0x45, 0x10, 0x5, 0x40, 0x2, 0x53, 0xcf, 0x40,
    0x2f, 0xe0, 0x7, 0xf9, 0xcf, 0x40, 0x2f, 0xe0,
    0x7, 0xf9,

    /* U+2039 "‹" */
    0x0, 0x0, 0x10, 0x0, 0x77, 0x0, 0x7f, 0x60,
    0x6f, 0xa0, 0x1f, 0xa0, 0x1, 0xfc, 0x10, 0x3,
    0xfc, 0x10, 0x4, 0xf7, 0x0, 0x4, 0x60, 0x0,
    0x0,

    /* U+203A "›" */
    0x10, 0x0, 0xc2, 0x0, 0xce, 0x20, 0x2e, 0xe1,
    0x2, 0xea, 0x4, 0xf9, 0x4f, 0xb0, 0xdc, 0x0,
    0xa0, 0x0, 0x0, 0x0
};


/*---------------------
 *  GLYPH DESCRIPTION
 *--------------------*/

static const lv_font_fmt_txt_glyph_dsc_t glyph_dsc[] = {
    {.bitmap_index = 0, .adv_w = 0, .box_w = 0, .box_h = 0, .ofs_x = 0, .ofs_y = 0} /* id = 0 reserved */,
    {.bitmap_index = 0, .adv_w = 72, .box_w = 0, .box_h = 0, .ofs_x = 0, .ofs_y = 0},
    {.bitmap_index = 0, .adv_w = 76, .box_w = 3, .box_h = 14, .ofs_x = 1, .ofs_y = 0},
    {.bitmap_index = 21, .adv_w = 102, .box_w = 5, .box_h = 5, .ofs_x = 1, .ofs_y = 9},
    {.bitmap_index = 34, .adv_w = 187, .box_w = 12, .box_h = 14, .ofs_x = 0, .ofs_y = 0},
    {.bitmap_index = 118, .adv_w = 182, .box_w = 11, .box_h = 19, .ofs_x = 0, .ofs_y = -2},
    {.bitmap_index = 223, .adv_w = 234, .box_w = 15, .box_h = 14, .ofs_x = 0, .ofs_y = 0},
    {.bitmap_index = 328, .adv_w = 193, .box_w = 12, .box_h = 14, .ofs_x = 0, .ofs_y = 0},
    {.bitmap_index = 412, .adv_w = 56, .box_w = 2, .box_h = 5, .ofs_x = 1, .ofs_y = 9},
    {.bitmap_index = 417, .adv_w = 86, .box_w = 5, .box_h = 17, .ofs_x = 0, .ofs_y = -3},
    {.bitmap_index = 460, .adv_w = 86, .box_w = 5, .box_h = 17, .ofs_x = 0, .ofs_y = -3},
    {.bitmap_index = 503, .adv_w = 119, .box_w = 7, .box_h = 7, .ofs_x = 0, .ofs_y = 8},
    {.bitmap_index = 528, .adv_w = 166, .box_w = 10, .box_h = 10, .ofs_x = 0, .ofs_y = 1},
    {.bitmap_index = 578, .adv_w = 74, .box_w = 3, .box_h = 7, .ofs_x = 1, .ofs_y = -4},
    {.bitmap_index = 589, .adv_w = 118, .box_w = 6, .box_h = 3, .ofs_x = 1, .ofs_y = 4},
    {.bitmap_index = 598, .adv_w = 74, .box_w = 3, .box_h = 3, .ofs_x = 1, .ofs_y = 0},
    {.bitmap_index = 603, .adv_w = 126, .box_w = 8, .box_h = 14, .ofs_x = 0, .ofs_y = 0},
    {.bitmap_index = 659, .adv_w = 186, .box_w = 10, .box_h = 14, .ofs_x = 1, .ofs_y = 0},
    {.bitmap_index = 729, .adv_w = 114, .box_w = 6, .box_h = 14, .ofs_x = 0, .ofs_y = 0},
    {.bitmap_index = 771, .adv_w = 172, .box_w = 10, .box_h = 14, .ofs_x = 0, .ofs_y = 0},
    {.bitmap_index = 841, .adv_w = 178, .box_w = 11, .box_h = 14, .ofs_x = 0, .ofs_y = 0},
    {.bitmap_index = 918, .adv_w = 180, .box_w = 11, .box_h = 14, .ofs_x = 0, .ofs_y = 0},
    {.bitmap_index = 995, .adv_w = 173, .box_w = 11, .box_h = 14, .ofs_x = 0, .ofs_y = 0},
    {.bitmap_index = 1072, .adv_w = 181, .box_w = 11, .box_h = 14, .ofs_x = 0, .ofs_y = 0},
    {.bitmap_index = 1149, .adv_w = 156, .box_w = 10, .box_h = 14, .ofs_x = 0, .ofs_y = 0},
    {.bitmap_index = 1219, .adv_w = 183, .box_w = 11, .box_h = 14, .ofs_x = 0, .ofs_y = 0},
    {.bitmap_index = 1296, .adv_w = 180, .box_w = 11, .box_h = 14, .ofs_x = 0, .ofs_y = 0},
    {.bitmap_index = 1373, .adv_w = 74, .box_w = 3, .box_h = 9, .ofs_x = 1, .ofs_y = 0},
    {.bitmap_index = 1387, .adv_w = 74, .box_w = 3, .box_h = 13, .ofs_x = 1, .ofs_y = -4},
    {.bitmap_index = 1407, .adv_w = 164, .box_w = 10, .box_h = 10, .ofs_x = 0, .ofs_y = 1},
    {.bitmap_index = 1457, .adv_w = 185, .box_w = 10, .box_h = 7, .ofs_x = 1, .ofs_y = 3},
    {.bitmap_index = 1492, .adv_w = 164, .box_w = 9, .box_h = 10, .ofs_x = 1, .ofs_y = 1},
    {.bitmap_index = 1537, .adv_w = 155, .box_w = 10, .box_h = 14, .ofs_x = 0, .ofs_y = 0},
    {.bitmap_index = 1607, .adv_w = 231, .box_w = 14, .box_h = 16, .ofs_x = 0, .ofs_y = -3},
    {.bitmap_index = 1719, .adv_w = 207, .box_w = 13, .box_h = 14, .ofs_x = 0, .ofs_y = 0},
    {.bitmap_index = 1810, .adv_w = 199, .box_w = 11, .box_h = 14, .ofs_x = 1, .ofs_y = 0},
    {.bitmap_index = 1887, .adv_w = 219, .box_w = 13, .box_h = 14, .ofs_x = 0, .ofs_y = 0},
    {.bitmap_index = 1978, .adv_w = 220, .box_w = 12, .box_h = 14, .ofs_x = 1, .ofs_y = 0},
    {.bitmap_index = 2062, .adv_w = 185, .box_w = 10, .box_h = 14, .ofs_x = 1, .ofs_y = 0},
    {.bitmap_index = 2132, .adv_w = 177, .box_w = 10, .box_h = 14, .ofs_x = 1, .ofs_y = 0},
    {.bitmap_index = 2202, .adv_w = 224, .box_w = 13, .box_h = 14, .ofs_x = 0, .ofs_y = 0},
    {.bitmap_index = 2293, .adv_w = 223, .box_w = 12, .box_h = 14, .ofs_x = 1, .ofs_y = 0},
    {.bitmap_index = 2377, .adv_w = 82, .box_w = 3, .box_h = 14, .ofs_x = 1, .ofs_y = 0},
    {.bitmap_index = 2398, .adv_w = 168, .box_w = 9, .box_h = 14, .ofs_x = 0, .ofs_y = 0},
    {.bitmap_index = 2461, .adv_w = 189, .box_w = 12, .box_h = 14, .ofs_x = 1, .ofs_y = 0},
    {.bitmap_index = 2545, .adv_w = 169, .box_w = 10, .box_h = 14, .ofs_x = 1, .ofs_y = 0},
    {.bitmap_index = 2615, .adv_w = 285, .box_w = 16, .box_h = 14, .ofs_x = 1, .ofs_y = 0},
    {.bitmap_index = 2727, .adv_w = 232, .box_w = 12, .box_h = 14, .ofs_x = 1, .ofs_y = 0},
    {.bitmap_index = 2811, .adv_w = 230, .box_w = 14, .box_h = 14, .ofs_x = 0, .ofs_y = 0},
    {.bitmap_index = 2909, .adv_w = 192, .box_w = 11, .box_h = 14, .ofs_x = 1, .ofs_y = 0},
    {.bitmap_index = 2986, .adv_w = 230, .box_w = 14, .box_h = 15, .ofs_x = 0, .ofs_y = -1},
    {.bitmap_index = 3091, .adv_w = 202, .box_w = 11, .box_h = 14, .ofs_x = 1, .ofs_y = 0},
    {.bitmap_index = 3168, .adv_w = 194, .box_w = 12, .box_h = 14, .ofs_x = 0, .ofs_y = 0},
    {.bitmap_index = 3252, .adv_w = 180, .box_w = 12, .box_h = 14, .ofs_x = 0, .ofs_y = 0},
    {.bitmap_index = 3336, .adv_w = 211, .box_w = 11, .box_h = 14, .ofs_x = 1, .ofs_y = 0},
    {.bitmap_index = 3413, .adv_w = 199, .box_w = 13, .box_h = 14, .ofs_x = 0, .ofs_y = 0},
    {.bitmap_index = 3504, .adv_w = 293, .box_w = 19, .box_h = 14, .ofs_x = 0, .ofs_y = 0},
    {.bitmap_index = 3637, .adv_w = 186, .box_w = 12, .box_h = 14, .ofs_x = 0, .ofs_y = 0},
    {.bitmap_index = 3721, .adv_w = 180, .box_w = 12, .box_h = 14, .ofs_x = 0, .ofs_y = 0},
    {.bitmap_index = 3805, .adv_w = 180, .box_w = 11, .box_h = 14, .ofs_x = 0, .ofs_y = 0},
    {.bitmap_index = 3882, .adv_w = 90, .box_w = 4, .box_h = 19, .ofs_x = 1, .ofs_y = -3},
    {.bitmap_index = 3920, .adv_w = 126, .box_w = 8, .box_h = 14, .ofs_x = 0, .ofs_y = 0},
    {.bitmap_index = 3976, .adv_w = 84, .box_w = 4, .box_h = 19, .ofs_x = 0, .ofs_y = -3},
    {.bitmap_index = 4014, .adv_w = 145, .box_w = 9, .box_h = 7, .ofs_x = 0, .ofs_y = 7},
    {.bitmap_index = 4046, .adv_w = 173, .box_w = 9, .box_h = 3, .ofs_x = 1, .ofs_y = -3},
    {.bitmap_index = 4060, .adv_w = 83, .box_w = 5, .box_h = 3, .ofs_x = 0, .ofs_y = 11},
    {.bitmap_index = 4068, .adv_w = 155, .box_w = 9, .box_h = 10, .ofs_x = 0, .ofs_y = 0},
    {.bitmap_index = 4113, .adv_w = 177, .box_w = 10, .box_h = 14, .ofs_x = 1, .ofs_y = 0},
    {.bitmap_index = 4183, .adv_w = 163, .box_w = 10, .box_h = 10, .ofs_x = 0, .ofs_y = 0},
    {.bitmap_index = 4233, .adv_w = 177, .box_w = 10, .box_h = 14, .ofs_x = 0, .ofs_y = 0},
    {.bitmap_index = 4303, .adv_w = 164, .box_w = 10, .box_h = 10, .ofs_x = 0, .ofs_y = 0},
    {.bitmap_index = 4353, .adv_w = 95, .box_w = 6, .box_h = 14, .ofs_x = 0, .ofs_y = 0},
    {.bitmap_index = 4395, .adv_w = 177, .box_w = 10, .box_h = 14, .ofs_x = 0, .ofs_y = -4},
    {.bitmap_index = 4465, .adv_w = 168, .box_w = 9, .box_h = 14, .ofs_x = 1, .ofs_y = 0},
    {.bitmap_index = 4528, .adv_w = 71, .box_w = 3, .box_h = 14, .ofs_x = 1, .ofs_y = 0},
    {.bitmap_index = 4549, .adv_w = 73, .box_w = 5, .box_h = 18, .ofs_x = -1, .ofs_y = -4},
    {.bitmap_index = 4594, .adv_w = 149, .box_w = 9, .box_h = 14, .ofs_x = 1, .ofs_y = 0},
    {.bitmap_index = 4657, .adv_w = 71, .box_w = 3, .box_h = 14, .ofs_x = 1, .ofs_y = 0},
    {.bitmap_index = 4678, .adv_w = 255, .box_w = 14, .box_h = 10, .ofs_x = 1, .ofs_y = 0},
    {.bitmap_index = 4748, .adv_w = 168, .box_w = 9, .box_h = 10, .ofs_x = 1, .ofs_y = 0},
    {.bitmap_index = 4793, .adv_w = 170, .box_w = 10, .box_h = 10, .ofs_x = 0, .ofs_y = 0},
    {.bitmap_index = 4843, .adv_w = 178, .box_w = 10, .box_h = 14, .ofs_x = 1, .ofs_y = -4},
    {.bitmap_index = 4913, .adv_w = 178, .box_w = 10, .box_h = 14, .ofs_x = 0, .ofs_y = -4},
    {.bitmap_index = 4983, .adv_w = 105, .box_w = 6, .box_h = 10, .ofs_x = 1, .ofs_y = 0},
    {.bitmap_index = 5013, .adv_w = 147, .box_w = 9, .box_h = 10, .ofs_x = 0, .ofs_y = 0},
    {.bitmap_index = 5058, .adv_w = 100, .box_w = 6, .box_h = 13, .ofs_x = 0, .ofs_y = 0},
    {.bitmap_index = 5097, .adv_w = 166, .box_w = 8, .box_h = 10, .ofs_x = 1, .ofs_y = 0},
    {.bitmap_index = 5137, .adv_w = 148, .box_w = 9, .box_h = 10, .ofs_x = 0, .ofs_y = 0},
    {.bitmap_index = 5182, .adv_w = 238, .box_w = 15, .box_h = 10, .ofs_x = 0, .ofs_y = 0},
    {.bitmap_index = 5257, .adv_w = 149, .box_w = 10, .box_h = 10, .ofs_x = 0, .ofs_y = 0},
    {.bitmap_index = 5307, .adv_w = 146, .box_w = 9, .box_h = 14, .ofs_x = 0, .ofs_y = -4},
    {.bitmap_index = 5370, .adv_w = 140, .box_w = 9, .box_h = 10, .ofs_x = 0, .ofs_y = 0},
    {.bitmap_index = 5415, .adv_w = 98, .box_w = 6, .box_h = 18, .ofs_x = 0, .ofs_y = -4},
    {.bitmap_index = 5469, .adv_w = 76, .box_w = 3, .box_h = 17, .ofs_x = 1, .ofs_y = -3},
    {.bitmap_index = 5495, .adv_w = 98, .box_w = 6, .box_h = 18, .ofs_x = 0, .ofs_y = -4},
    {.bitmap_index = 5549, .adv_w = 182, .box_w = 10, .box_h = 4, .ofs_x = 1, .ofs_y = 4},
    {.bitmap_index = 5569, .adv_w = 72, .box_w = 0, .box_h = 0, .ofs_x = 0, .ofs_y = 0},
    {.bitmap_index = 5569, .adv_w = 72, .box_w = 3, .box_h = 14, .ofs_x = 1, .ofs_y = -4},
    {.bitmap_index = 5590, .adv_w = 185, .box_w = 11, .box_h = 17, .ofs_x = 0, .ofs_y = -1},
    {.bitmap_index = 5684, .adv_w = 198, .box_w = 12, .box_h = 14, .ofs_x = 0, .ofs_y = 0},
    {.bitmap_index = 5768, .adv_w = 200, .box_w = 11, .box_h = 12, .ofs_x = 1, .ofs_y = 1},
    {.bitmap_index = 5834, .adv_w = 189, .box_w = 12, .box_h = 14, .ofs_x = 0, .ofs_y = 0},
    {.bitmap_index = 5918, .adv_w = 76, .box_w = 3, .box_h = 17, .ofs_x = 1, .ofs_y = -3},
    {.bitmap_index = 5944, .adv_w = 164, .box_w = 10, .box_h = 18, .ofs_x = 0, .ofs_y = -4},
    {.bitmap_index = 6034, .adv_w = 120, .box_w = 7, .box_h = 3, .ofs_x = 0, .ofs_y = 12},
    {.bitmap_index = 6045, .adv_w = 250, .box_w = 15, .box_h = 16, .ofs_x = 0, .ofs_y = -1},
    {.bitmap_index = 6165, .adv_w = 121, .box_w = 7, .box_h = 7, .ofs_x = 0, .ofs_y = 6},
    {.bitmap_index = 6190, .adv_w = 140, .box_w = 9, .box_h = 10, .ofs_x = 0, .ofs_y = 0},
    {.bitmap_index = 6235, .adv_w = 186, .box_w = 10, .box_h = 6, .ofs_x = 1, .ofs_y = 2},
    {.bitmap_index = 6265, .adv_w = 118, .box_w = 6, .box_h = 3, .ofs_x = 1, .ofs_y = 4},
    {.bitmap_index = 6274, .adv_w = 197, .box_w = 12, .box_h = 12, .ofs_x = 0, .ofs_y = 2},
    {.bitmap_index = 6346, .adv_w = 113, .box_w = 7, .box_h = 3, .ofs_x = 0, .ofs_y = 11},
    {.bitmap_index = 6357, .adv_w = 109, .box_w = 7, .box_h = 7, .ofs_x = 0, .ofs_y = 8},
    {.bitmap_index = 6382, .adv_w = 186, .box_w = 10, .box_h = 11, .ofs_x = 1, .ofs_y = 0},
    {.bitmap_index = 6437, .adv_w = 125, .box_w = 8, .box_h = 9, .ofs_x = 0, .ofs_y = 6},
    {.bitmap_index = 6473, .adv_w = 128, .box_w = 8, .box_h = 9, .ofs_x = 0, .ofs_y = 6},
    {.bitmap_index = 6509, .adv_w = 83, .box_w = 5, .box_h = 3, .ofs_x = 0, .ofs_y = 11},
    {.bitmap_index = 6517, .adv_w = 173, .box_w = 9, .box_h = 14, .ofs_x = 1, .ofs_y = -4},
    {.bitmap_index = 6580, .adv_w = 171, .box_w = 9, .box_h = 17, .ofs_x = 0, .ofs_y = -3},
    {.bitmap_index = 6657, .adv_w = 74, .box_w = 3, .box_h = 3, .ofs_x = 1, .ofs_y = 5},
    {.bitmap_index = 6662, .adv_w = 92, .box_w = 5, .box_h = 6, .ofs_x = 0, .ofs_y = -5},
    {.bitmap_index = 6677, .adv_w = 89, .box_w = 5, .box_h = 9, .ofs_x = 0, .ofs_y = 6},
    {.bitmap_index = 6700, .adv_w = 126, .box_w = 8, .box_h = 7, .ofs_x = 0, .ofs_y = 6},
    {.bitmap_index = 6728, .adv_w = 140, .box_w = 8, .box_h = 10, .ofs_x = 1, .ofs_y = 0},
    {.bitmap_index = 6768, .adv_w = 257, .box_w = 16, .box_h = 15, .ofs_x = 0, .ofs_y = -1},
    {.bitmap_index = 6888, .adv_w = 271, .box_w = 17, .box_h = 15, .ofs_x = 0, .ofs_y = -1},
    {.bitmap_index = 7016, .adv_w = 282, .box_w = 18, .box_h = 15, .ofs_x = 0, .ofs_y = -1},
    {.bitmap_index = 7151, .adv_w = 154, .box_w = 10, .box_h = 15, .ofs_x = 0, .ofs_y = -4},
    {.bitmap_index = 7226, .adv_w = 207, .box_w = 13, .box_h = 19, .ofs_x = 0, .ofs_y = 0},
    {.bitmap_index = 7350, .adv_w = 207, .box_w = 13, .box_h = 19, .ofs_x = 0, .ofs_y = 0},
    {.bitmap_index = 7474, .adv_w = 207, .box_w = 13, .box_h = 19, .ofs_x = 0, .ofs_y = 0},
    {.bitmap_index = 7598, .adv_w = 207, .box_w = 13, .box_h = 19, .ofs_x = 0, .ofs_y = 0},
    {.bitmap_index = 7722, .adv_w = 207, .box_w = 13, .box_h = 18, .ofs_x = 0, .ofs_y = 0},
    {.bitmap_index = 7839, .adv_w = 207, .box_w = 13, .box_h = 19, .ofs_x = 0, .ofs_y = 0},
    {.bitmap_index = 7963, .adv_w = 276, .box_w = 18, .box_h = 14, .ofs_x = -1, .ofs_y = 0},
    {.bitmap_index = 8089, .adv_w = 219, .box_w = 13, .box_h = 18, .ofs_x = 0, .ofs_y = -4},
    {.bitmap_index = 8206, .adv_w = 185, .box_w = 10, .box_h = 19, .ofs_x = 1, .ofs_y = 0},
    {.bitmap_index = 8301, .adv_w = 185, .box_w = 10, .box_h = 19, .ofs_x = 1, .ofs_y = 0},
    {.bitmap_index = 8396, .adv_w = 185, .box_w = 10, .box_h = 19, .ofs_x = 1, .ofs_y = 0},
    {.bitmap_index = 8491, .adv_w = 185, .box_w = 10, .box_h = 18, .ofs_x = 1, .ofs_y = 0},
    {.bitmap_index = 8581, .adv_w = 82, .box_w = 4, .box_h = 19, .ofs_x = 0, .ofs_y = 0},
    {.bitmap_index = 8619, .adv_w = 82, .box_w = 5, .box_h = 19, .ofs_x = 1, .ofs_y = 0},
    {.bitmap_index = 8667, .adv_w = 82, .box_w = 7, .box_h = 19, .ofs_x = -1, .ofs_y = 0},
    {.bitmap_index = 8734, .adv_w = 82, .box_w = 7, .box_h = 18, .ofs_x = -1, .ofs_y = 0},
    {.bitmap_index = 8797, .adv_w = 222, .box_w = 13, .box_h = 14, .ofs_x = 0, .ofs_y = 0},
    {.bitmap_index = 8888, .adv_w = 232, .box_w = 12, .box_h = 19, .ofs_x = 1, .ofs_y = 0},
    {.bitmap_index = 9002, .adv_w = 230, .box_w = 14, .box_h = 19, .ofs_x = 0, .ofs_y = 0},
    {.bitmap_index = 9135, .adv_w = 230, .box_w = 14, .box_h = 19, .ofs_x = 0, .ofs_y = 0},
    {.bitmap_index = 9268, .adv_w = 230, .box_w = 14, .box_h = 19, .ofs_x = 0, .ofs_y = 0},
    {.bitmap_index = 9401, .adv_w = 230, .box_w = 14, .box_h = 19, .ofs_x = 0, .ofs_y = 0},
    {.bitmap_index = 9534, .adv_w = 230, .box_w = 14, .box_h = 19, .ofs_x = 0, .ofs_y = 0},
    {.bitmap_index = 9667, .adv_w = 164, .box_w = 10, .box_h = 10, .ofs_x = 0, .ofs_y = 1},
    {.bitmap_index = 9717, .adv_w = 230, .box_w = 14, .box_h = 16, .ofs_x = 0, .ofs_y = -1},
    {.bitmap_index = 9829, .adv_w = 211, .box_w = 11, .box_h = 19, .ofs_x = 1, .ofs_y = 0},
    {.bitmap_index = 9934, .adv_w = 211, .box_w = 11, .box_h = 19, .ofs_x = 1, .ofs_y = 0},
    {.bitmap_index = 10039, .adv_w = 211, .box_w = 11, .box_h = 19, .ofs_x = 1, .ofs_y = 0},
    {.bitmap_index = 10144, .adv_w = 211, .box_w = 11, .box_h = 19, .ofs_x = 1, .ofs_y = 0},
    {.bitmap_index = 10249, .adv_w = 180, .box_w = 12, .box_h = 19, .ofs_x = 0, .ofs_y = 0},
    {.bitmap_index = 10363, .adv_w = 196, .box_w = 11, .box_h = 14, .ofs_x = 1, .ofs_y = 0},
    {.bitmap_index = 10440, .adv_w = 179, .box_w = 10, .box_h = 14, .ofs_x = 1, .ofs_y = 0},
    {.bitmap_index = 10510, .adv_w = 155, .box_w = 9, .box_h = 14, .ofs_x = 0, .ofs_y = 0},
    {.bitmap_index = 10573, .adv_w = 155, .box_w = 9, .box_h = 14, .ofs_x = 0, .ofs_y = 0},
    {.bitmap_index = 10636, .adv_w = 155, .box_w = 9, .box_h = 14, .ofs_x = 0, .ofs_y = 0},
    {.bitmap_index = 10699, .adv_w = 155, .box_w = 9, .box_h = 14, .ofs_x = 0, .ofs_y = 0},
    {.bitmap_index = 10762, .adv_w = 155, .box_w = 9, .box_h = 14, .ofs_x = 0, .ofs_y = 0},
    {.bitmap_index = 10825, .adv_w = 155, .box_w = 9, .box_h = 14, .ofs_x = 0, .ofs_y = 0},
    {.bitmap_index = 10888, .adv_w = 260, .box_w = 16, .box_h = 10, .ofs_x = 0, .ofs_y = 0},
    {.bitmap_index = 10968, .adv_w = 163, .box_w = 10, .box_h = 14, .ofs_x = 0, .ofs_y = -4},
    {.bitmap_index = 11038, .adv_w = 164, .box_w = 10, .box_h = 14, .ofs_x = 0, .ofs_y = 0},
    {.bitmap_index = 11108, .adv_w = 164, .box_w = 10, .box_h = 14, .ofs_x = 0, .ofs_y = 0},
    {.bitmap_index = 11178, .adv_w = 164, .box_w = 10, .box_h = 14, .ofs_x = 0, .ofs_y = 0},
    {.bitmap_index = 11248, .adv_w = 164, .box_w = 10, .box_h = 14, .ofs_x = 0, .ofs_y = 0},
    {.bitmap_index = 11318, .adv_w = 71, .box_w = 5, .box_h = 14, .ofs_x = -1, .ofs_y = 0},
    {.bitmap_index = 11353, .adv_w = 71, .box_w = 4, .box_h = 14, .ofs_x = 1, .ofs_y = 0},
    {.bitmap_index = 11381, .adv_w = 71, .box_w = 6, .box_h = 14, .ofs_x = -1, .ofs_y = 0},
    {.bitmap_index = 11423, .adv_w = 71, .box_w = 7, .box_h = 14, .ofs_x = -1, .ofs_y = 0},
    {.bitmap_index = 11472, .adv_w = 171, .box_w = 10, .box_h = 15, .ofs_x = 0, .ofs_y = 0},
    {.bitmap_index = 11547, .adv_w = 168, .box_w = 9, .box_h = 14, .ofs_x = 1, .ofs_y = 0},
    {.bitmap_index = 11610, .adv_w = 170, .box_w = 10, .box_h = 14, .ofs_x = 0, .ofs_y = 0},
    {.bitmap_index = 11680, .adv_w = 170, .box_w = 10, .box_h = 14, .ofs_x = 0, .ofs_y = 0},
    {.bitmap_index = 11750, .adv_w = 170, .box_w = 10, .box_h = 14, .ofs_x = 0, .ofs_y = 0},
    {.bitmap_index = 11820, .adv_w = 170, .box_w = 10, .box_h = 14, .ofs_x = 0, .ofs_y = 0},
    {.bitmap_index = 11890, .adv_w = 170, .box_w = 10, .box_h = 14, .ofs_x = 0, .ofs_y = 0},
    {.bitmap_index = 11960, .adv_w = 180, .box_w = 10, .box_h = 10, .ofs_x = 1, .ofs_y = 1},
    {.bitmap_index = 12010, .adv_w = 170, .box_w = 10, .box_h = 12, .ofs_x = 0, .ofs_y = -1},
    {.bitmap_index = 12070, .adv_w = 166, .box_w = 8, .box_h = 14, .ofs_x = 1, .ofs_y = 0},
    {.bitmap_index = 12126, .adv_w = 166, .box_w = 8, .box_h = 14, .ofs_x = 1, .ofs_y = 0},
    {.bitmap_index = 12182, .adv_w = 166, .box_w = 8, .box_h = 14, .ofs_x = 1, .ofs_y = 0},
    {.bitmap_index = 12238, .adv_w = 166, .box_w = 8, .box_h = 14, .ofs_x = 1, .ofs_y = 0},
    {.bitmap_index = 12294, .adv_w = 146, .box_w = 9, .box_h = 18, .ofs_x = 0, .ofs_y = -4},
    {.bitmap_index = 12375, .adv_w = 178, .box_w = 10, .box_h = 18, .ofs_x = 1, .ofs_y = -4},
    {.bitmap_index = 12465, .adv_w = 146, .box_w = 9, .box_h = 18, .ofs_x = 0, .ofs_y = -4},
    {.bitmap_index = 12546, .adv_w = 171, .box_w = 9, .box_h = 3, .ofs_x = 1, .ofs_y = 4},
    {.bitmap_index = 12560, .adv_w = 255, .box_w = 14, .box_h = 3, .ofs_x = 1, .ofs_y = 4},
    {.bitmap_index = 12581, .adv_w = 69, .box_w = 3, .box_h = 6, .ofs_x = 1, .ofs_y = 9},
    {.bitmap_index = 12590, .adv_w = 67, .box_w = 3, .box_h = 6, .ofs_x = 1, .ofs_y = 8},
    {.bitmap_index = 12599, .adv_w = 123, .box_w = 6, .box_h = 6, .ofs_x = 1, .ofs_y = 9},
    {.bitmap_index = 12617, .adv_w = 121, .box_w = 6, .box_h = 6, .ofs_x = 1, .ofs_y = 8},
    {.bitmap_index = 12635, .adv_w = 221, .box_w = 12, .box_h = 3, .ofs_x = 1, .ofs_y = 0},
    {.bitmap_index = 12653, .adv_w = 92, .box_w = 5, .box_h = 10, .ofs_x = 0, .ofs_y = 0},
    {.bitmap_index = 12678, .adv_w = 88, .box_w = 4, .box_h = 10, .ofs_x = 1, .ofs_y = 0}
};

/*---------------------
 *  CHARACTER MAPPING
 *--------------------*/

static const uint16_t unicode_list_2[] = {
    0x0, 0x1, 0x5, 0x6, 0x9, 0xa, 0x13, 0x26,
    0x27
};

/*Collect the unicode lists and glyph_id offsets*/
static const lv_font_fmt_txt_cmap_t cmaps[] =
{
    {
        .range_start = 32, .range_length = 95, .glyph_id_start = 1,
        .unicode_list = NULL, .glyph_id_ofs_list = NULL, .list_length = 0, .type = LV_FONT_FMT_TXT_CMAP_FORMAT0_TINY
    },
    {
        .range_start = 160, .range_length = 96, .glyph_id_start = 96,
        .unicode_list = NULL, .glyph_id_ofs_list = NULL, .list_length = 0, .type = LV_FONT_FMT_TXT_CMAP_FORMAT0_TINY
    },
    {
        .range_start = 8211, .range_length = 40, .glyph_id_start = 192,
        .unicode_list = unicode_list_2, .glyph_id_ofs_list = NULL, .list_length = 9, .type = LV_FONT_FMT_TXT_CMAP_SPARSE_TINY
    }
};



/*--------------------
 *  ALL CUSTOM DATA
 *--------------------*/

#if LVGL_VERSION_MAJOR == 8
/*Store all the custom data of the font*/
static  lv_font_fmt_txt_glyph_cache_t cache;
#endif

#if LVGL_VERSION_MAJOR >= 8
static const lv_font_fmt_txt_dsc_t font_dsc = {
#else
static lv_font_fmt_txt_dsc_t font_dsc = {
#endif
    .glyph_bitmap = glyph_bitmap,
    .glyph_dsc = glyph_dsc,
    .cmaps = cmaps,
    .kern_dsc = NULL,
    .kern_scale = 0,
    .cmap_num = 3,
    .bpp = 4,
    .kern_classes = 0,
    .bitmap_format = 0,
#if LVGL_VERSION_MAJOR == 8
    .cache = &cache
#endif
};



/*-----------------
 *  PUBLIC FONT
 *----------------*/

/*Initialize a public general font descriptor*/
#if LVGL_VERSION_MAJOR >= 8
const lv_font_t diatype_regular_19 = {
#else
lv_font_t diatype_regular_19 = {
#endif
    .get_glyph_dsc = lv_font_get_glyph_dsc_fmt_txt,    /*Function pointer to get glyph's data*/
    .get_glyph_bitmap = lv_font_get_bitmap_fmt_txt,    /*Function pointer to get glyph's bitmap*/
    .line_height = 24,          /*The maximum line height required by the font*/
    .base_line = 5,             /*Baseline measured from the bottom of the line*/
#if !(LVGL_VERSION_MAJOR == 6 && LVGL_VERSION_MINOR == 0)
    .subpx = LV_FONT_SUBPX_NONE,
#endif
#if LV_VERSION_CHECK(7, 4, 0) || LVGL_VERSION_MAJOR >= 8
    .underline_position = -2,
    .underline_thickness = 1,
#endif
    .dsc = &font_dsc,          /*The custom font data. Will be accessed by `get_glyph_bitmap/dsc` */
#if LV_VERSION_CHECK(8, 2, 0) || LVGL_VERSION_MAJOR >= 9
    .fallback = NULL,
#endif
    .user_data = NULL,
};



#endif /*#if DIATYPE_REGULAR_19*/

