/*******************************************************************************
 * Size: 32 px
 * Bpp: 4
 * Opts: --font /Users/micahsimrose/Library/Fonts/ABCDiatypeEdu-Medium.otf --size 32 --bpp 4 -r 0x20-0x7F,0xA0-0xFF,0x2013-0x2014,0x2018-0x2019,0x201C-0x201D,0x2026 --no-compress --format lvgl -o App/ui/assets/diatype_medium_32.c
 ******************************************************************************/

#ifdef LV_LVGL_H_INCLUDE_SIMPLE
#include "lvgl.h"
#else
#include "lvgl/lvgl.h"
#endif

#ifndef DIATYPE_MEDIUM_32
#define DIATYPE_MEDIUM_32 1
#endif

#if DIATYPE_MEDIUM_32

/*-----------------
 *    BITMAPS
 *----------------*/

/*Store the image of the glyphs*/
static LV_ATTRIBUTE_LARGE_CONST const uint8_t glyph_bitmap[] = {
    /* U+0020 " " */

    /* U+0021 "!" */
    0xbf, 0xfe, 0xb, 0xff, 0xe0, 0xbf, 0xfe, 0xb,
    0xff, 0xe0, 0xbf, 0xfe, 0xb, 0xff, 0xe0, 0xbf,
    0xfe, 0xa, 0xff, 0xd0, 0x8f, 0xfb, 0x6, 0xff,
    0x90, 0x4f, 0xf8, 0x2, 0xff, 0x60, 0x1f, 0xf4,
    0x0, 0xff, 0x20, 0xd, 0xf0, 0x0, 0xbe, 0x0,
    0x0, 0x0, 0x1, 0x11, 0x10, 0xef, 0xff, 0x2e,
    0xff, 0xf2, 0xef, 0xff, 0x2e, 0xff, 0xf2,

    /* U+0022 "\"" */
    0x6f, 0xfd, 0x0, 0xff, 0xf3, 0x6f, 0xfd, 0x0,
    0xff, 0xf3, 0x6f, 0xfd, 0x0, 0xff, 0xf3, 0x5f,
    0xfc, 0x0, 0xff, 0xf2, 0x3f, 0xfa, 0x0, 0xef,
    0xf0, 0x1f, 0xf8, 0x0, 0xcf, 0xe0, 0xf, 0xf7,
    0x0, 0xaf, 0xc0, 0xc, 0xe4, 0x0, 0x7e, 0x90,

    /* U+0023 "#" */
    0x0, 0x0, 0x4, 0xff, 0x70, 0x0, 0x5f, 0xf6,
    0x0, 0x0, 0x0, 0x0, 0x7f, 0xf4, 0x0, 0x7,
    0xff, 0x40, 0x0, 0x0, 0x0, 0x9, 0xff, 0x20,
    0x0, 0x9f, 0xf2, 0x0, 0x0, 0x0, 0x0, 0xcf,
    0xf0, 0x0, 0xc, 0xff, 0x0, 0x0, 0x0, 0x0,
    0xe, 0xfd, 0x0, 0x0, 0xef, 0xd0, 0x0, 0x0,
    0x78, 0x88, 0xff, 0xe8, 0x88, 0x8f, 0xfd, 0x88,
    0x81, 0xe, 0xff, 0xff, 0xff, 0xff, 0xff, 0xff,
    0xff, 0xff, 0x20, 0xef, 0xff, 0xff, 0xff, 0xff,
    0xff, 0xff, 0xff, 0xf2, 0x0, 0x0, 0x8f, 0xf4,
    0x0, 0x7, 0xff, 0x40, 0x0, 0x0, 0x0, 0x9,
    0xff, 0x20, 0x0, 0x9f, 0xf2, 0x0, 0x0, 0x0,
    0x0, 0xbf, 0xf0, 0x0, 0xb, 0xff, 0x0, 0x0,
    0x0, 0x0, 0xd, 0xfe, 0x0, 0x0, 0xdf, 0xe0,
    0x0, 0x0, 0x0, 0x0, 0xff, 0xc0, 0x0, 0xf,
    0xfc, 0x0, 0x0, 0x8, 0x88, 0x9f, 0xfd, 0x88,
    0x89, 0xff, 0xd8, 0x88, 0x0, 0xef, 0xff, 0xff,
    0xff, 0xff, 0xff, 0xff, 0xff, 0xf1, 0xe, 0xff,
    0xff, 0xff, 0xff, 0xff, 0xff, 0xff, 0xff, 0x10,
    0x0, 0x8, 0xff, 0x30, 0x0, 0x8f, 0xf3, 0x0,
    0x0, 0x0, 0x0, 0xaf, 0xf1, 0x0, 0xa, 0xff,
    0x10, 0x0, 0x0, 0x0, 0xc, 0xff, 0x0, 0x0,
    0xdf, 0xf0, 0x0, 0x0, 0x0, 0x0, 0xff, 0xc0,
    0x0, 0xf, 0xfc, 0x0, 0x0, 0x0, 0x0, 0x1f,
    0xfa, 0x0, 0x1, 0xff, 0xa0, 0x0, 0x0, 0x0,
    0x3, 0xff, 0x80, 0x0, 0x3f, 0xf8, 0x0, 0x0,
    0x0,

    /* U+0024 "$" */
    0x0, 0x0, 0x0, 0x3, 0x77, 0x10, 0x0, 0x0,
    0x0, 0x0, 0x0, 0x0, 0x6, 0xff, 0x30, 0x0,
    0x0, 0x0, 0x0, 0x0, 0x0, 0x6, 0xff, 0x30,
    0x0, 0x0, 0x0, 0x0, 0x0, 0x0, 0x2a, 0xff,
    0x70, 0x0, 0x0, 0x0, 0x0, 0x1, 0x9f, 0xff,
    0xff, 0xff, 0xb2, 0x0, 0x0, 0x0, 0x4e, 0xff,
    0xff, 0xff, 0xff, 0xff, 0x60, 0x0, 0x2, 0xff,
    0xff, 0x9a, 0xff, 0xbf, 0xff, 0xf3, 0x0, 0xc,
    0xff, 0xd1, 0x6, 0xff, 0x32, 0xef, 0xfd, 0x0,
    0x2f, 0xff, 0x40, 0x6, 0xff, 0x30, 0x5f, 0xff,
    0x40, 0x4f, 0xff, 0x10, 0x6, 0xff, 0x30, 0xe,
    0xff, 0x70, 0x3f, 0xff, 0x30, 0x6, 0xff, 0x30,
    0x6, 0x77, 0x50, 0xf, 0xff, 0xb0, 0x6, 0xff,
    0x30, 0x0, 0x0, 0x0, 0xa, 0xff, 0xfd, 0x57,
    0xff, 0x30, 0x0, 0x0, 0x0, 0x0, 0xdf, 0xff,
    0xff, 0xff, 0x70, 0x0, 0x0, 0x0, 0x0, 0x1b,
    0xff, 0xff, 0xff, 0xff, 0xa4, 0x0, 0x0, 0x0,
    0x0, 0x5b, 0xff, 0xff, 0xff, 0xff, 0x91, 0x0,
    0x0, 0x0, 0x0, 0x9, 0xff, 0xff, 0xff, 0xfb,
    0x0, 0x0, 0x0, 0x0, 0x6, 0xff, 0x46, 0xef,
    0xff, 0x70, 0x0, 0x0, 0x0, 0x6, 0xff, 0x30,
    0x1e, 0xff, 0xc0, 0xdf, 0xf8, 0x0, 0x6, 0xff,
    0x30, 0x6, 0xff, 0xf0, 0xaf, 0xfb, 0x0, 0x6,
    0xff, 0x30, 0x4, 0xff, 0xf0, 0x7f, 0xff, 0x20,
    0x6, 0xff, 0x30, 0x7, 0xff, 0xd0, 0x1f, 0xff,
    0xc1, 0x6, 0xff, 0x30, 0x1e, 0xff, 0x90, 0x6,
    0xff, 0xfd, 0x57, 0xff, 0x46, 0xef, 0xfe, 0x10,
    0x0, 0xaf, 0xff, 0xff, 0xff, 0xff, 0xff, 0xf4,
    0x0, 0x0, 0x6, 0xff, 0xff, 0xff, 0xff, 0xfc,
    0x20, 0x0, 0x0, 0x0, 0x15, 0x9e, 0xff, 0xd8,
    0x40, 0x0, 0x0, 0x0, 0x0, 0x0, 0x6, 0xff,
    0x30, 0x0, 0x0, 0x0, 0x0, 0x0, 0x0, 0x6,
    0xff, 0x30, 0x0, 0x0, 0x0, 0x0, 0x0, 0x0,
    0x6, 0xff, 0x30, 0x0, 0x0, 0x0,

    /* U+0025 "%" */
    0x0, 0x0, 0x36, 0x63, 0x0, 0x0, 0x0, 0x0,
    0x0, 0x0, 0x0, 0x0, 0x0, 0x2c, 0xff, 0xff,
    0xc2, 0x0, 0x0, 0x0, 0x0, 0x7f, 0xfb, 0x0,
    0x0, 0xef, 0xfe, 0xef, 0xfe, 0x10, 0x0, 0x0,
    0x3, 0xff, 0xe1, 0x0, 0x8, 0xff, 0x80, 0x8,
    0xff, 0x90, 0x0, 0x0, 0x1e, 0xff, 0x30, 0x0,
    0xd, 0xfe, 0x0, 0x0, 0xef, 0xe0, 0x0, 0x0,
    0xbf, 0xf7, 0x0, 0x0, 0xf, 0xfb, 0x0, 0x0,
    0xbf, 0xf1, 0x0, 0x7, 0xff, 0xb0, 0x0, 0x0,
    0xf, 0xfc, 0x0, 0x0, 0xbf, 0xf0, 0x0, 0x3f,
    0xfe, 0x10, 0x0, 0x0, 0xd, 0xff, 0x10, 0x0,
    0xef, 0xd0, 0x0, 0xdf, 0xf4, 0x0, 0x0, 0x0,
    0x7, 0xff, 0xb1, 0x1a, 0xff, 0x80, 0xa, 0xff,
    0x80, 0x0, 0x0, 0x0, 0x0, 0xdf, 0xff, 0xff,
    0xfd, 0x0, 0x6f, 0xfc, 0x0, 0x0, 0x0, 0x0,
    0x0, 0xa, 0xff, 0xff, 0xa1, 0x2, 0xff, 0xe2,
    0x0, 0x0, 0x0, 0x0, 0x0, 0x0, 0x3, 0x30,
    0x0, 0xd, 0xff, 0x50, 0x0, 0x0, 0x0, 0x0,
    0x0, 0x0, 0x0, 0x0, 0x0, 0x9f, 0xf9, 0x0,
    0x0, 0x31, 0x0, 0x0, 0x0, 0x0, 0x0, 0x0,
    0x5, 0xff, 0xd0, 0x2, 0xbf, 0xff, 0xe6, 0x0,
    0x0, 0x0, 0x0, 0x0, 0x2f, 0xff, 0x20, 0x2f,
    0xff, 0xff, 0xff, 0x80, 0x0, 0x0, 0x0, 0x0,
    0xcf, 0xf5, 0x0, 0xbf, 0xf7, 0x13, 0xdf, 0xf3,
    0x0, 0x0, 0x0, 0x8, 0xff, 0xa0, 0x1, 0xff,
    0xb0, 0x0, 0x4f, 0xf8, 0x0, 0x0, 0x0, 0x4f,
    0xfd, 0x0, 0x4, 0xff, 0x70, 0x0, 0xf, 0xfb,
    0x0, 0x0, 0x1, 0xef, 0xf2, 0x0, 0x4, 0xff,
    0x70, 0x0, 0xf, 0xfb, 0x0, 0x0, 0xc, 0xff,
    0x60, 0x0, 0x2, 0xff, 0xa0, 0x0, 0x3f, 0xf9,
    0x0, 0x0, 0x8f, 0xfa, 0x0, 0x0, 0x0, 0xdf,
    0xf4, 0x1, 0xcf, 0xf4, 0x0, 0x3, 0xff, 0xd1,
    0x0, 0x0, 0x0, 0x4f, 0xff, 0xef, 0xff, 0xb0,
    0x0, 0x1e, 0xff, 0x30, 0x0, 0x0, 0x0, 0x5,
    0xef, 0xff, 0xfa, 0x0, 0x0, 0x0, 0x0, 0x0,
    0x0, 0x0, 0x0, 0x0, 0x4, 0x75, 0x20, 0x0,

    /* U+0026 "&" */
    0x0, 0x0, 0x0, 0x25, 0x75, 0x30, 0x0, 0x0,
    0x0, 0x0, 0x0, 0x0, 0x3, 0xcf, 0xff, 0xff,
    0xd4, 0x0, 0x0, 0x0, 0x0, 0x0, 0x4, 0xff,
    0xff, 0xff, 0xff, 0xf4, 0x0, 0x0, 0x0, 0x0,
    0x0, 0xef, 0xff, 0x96, 0x8e, 0xff, 0xe0, 0x0,
    0x0, 0x0, 0x0, 0x3f, 0xff, 0x60, 0x0, 0x3f,
    0xff, 0x20, 0x0, 0x0, 0x0, 0x6, 0xff, 0xf1,
    0x0, 0x0, 0xff, 0xf4, 0x0, 0x0, 0x0, 0x0,
    0x4f, 0xff, 0x30, 0x0, 0x2f, 0xff, 0x20, 0x0,
    0x0, 0x0, 0x0, 0xef, 0xfb, 0x0, 0xb, 0xff,
    0xc0, 0x0, 0x0, 0x0, 0x0, 0x6, 0xff, 0xf7,
    0x1b, 0xff, 0xf3, 0x0, 0x0, 0x0, 0x0, 0x0,
    0xa, 0xff, 0xfe, 0xff, 0xf5, 0x0, 0x0, 0x0,
    0x0, 0x0, 0x0, 0x1f, 0xff, 0xff, 0xd3, 0x0,
    0x0, 0x0, 0x0, 0x0, 0x0, 0x4d, 0xff, 0xff,
    0xf3, 0x0, 0x0, 0x66, 0x62, 0x0, 0x0, 0x6f,
    0xff, 0xfe, 0xff, 0xe1, 0x0, 0x3f, 0xff, 0x40,
    0x0, 0x5f, 0xff, 0xe3, 0x3f, 0xff, 0xc0, 0x5,
    0xff, 0xf2, 0x0, 0xe, 0xff, 0xd1, 0x0, 0x5f,
    0xff, 0xb0, 0x7f, 0xff, 0x0, 0x6, 0xff, 0xf3,
    0x0, 0x0, 0x7f, 0xff, 0x9c, 0xff, 0xb0, 0x0,
    0x9f, 0xfe, 0x0, 0x0, 0x0, 0xaf, 0xff, 0xff,
    0xf3, 0x0, 0xb, 0xff, 0xd0, 0x0, 0x0, 0x0,
    0xcf, 0xff, 0xfb, 0x0, 0x0, 0x9f, 0xff, 0x10,
    0x0, 0x0, 0x1, 0xff, 0xff, 0x60, 0x0, 0x5,
    0xff, 0xfb, 0x0, 0x0, 0x1, 0xbf, 0xff, 0xfe,
    0x20, 0x0, 0xb, 0xff, 0xfe, 0x86, 0x69, 0xef,
    0xff, 0xff, 0xfd, 0x10, 0x0, 0xd, 0xff, 0xff,
    0xff, 0xff, 0xff, 0x65, 0xff, 0xfc, 0x0, 0x0,
    0x7, 0xef, 0xff, 0xff, 0xfa, 0x20, 0x8, 0xff,
    0xfa, 0x0, 0x0, 0x0, 0x35, 0x76, 0x40, 0x0,
    0x0, 0x0, 0x0, 0x0,

    /* U+0027 "'" */
    0x6f, 0xfd, 0x6f, 0xfd, 0x6f, 0xfd, 0x5f, 0xfc,
    0x3f, 0xfa, 0x1f, 0xf8, 0xf, 0xf7, 0xc, 0xe4,

    /* U+0028 "(" */
    0x0, 0x0, 0x47, 0x74, 0x0, 0x1, 0xff, 0xf2,
    0x0, 0xa, 0xff, 0x80, 0x0, 0x3f, 0xff, 0x0,
    0x0, 0x9f, 0xf9, 0x0, 0x1, 0xff, 0xf2, 0x0,
    0x6, 0xff, 0xc0, 0x0, 0xa, 0xff, 0x80, 0x0,
    0xe, 0xff, 0x40, 0x0, 0x2f, 0xff, 0x10, 0x0,
    0x5f, 0xfe, 0x0, 0x0, 0x6f, 0xfc, 0x0, 0x0,
    0x7f, 0xfb, 0x0, 0x0, 0x9f, 0xfa, 0x0, 0x0,
    0x9f, 0xfa, 0x0, 0x0, 0x8f, 0xfb, 0x0, 0x0,
    0x7f, 0xfc, 0x0, 0x0, 0x5f, 0xfd, 0x0, 0x0,
    0x4f, 0xff, 0x0, 0x0, 0xf, 0xff, 0x30, 0x0,
    0xc, 0xff, 0x70, 0x0, 0x8, 0xff, 0xa0, 0x0,
    0x3, 0xff, 0xf0, 0x0, 0x0, 0xdf, 0xf6, 0x0,
    0x0, 0x6f, 0xfc, 0x0, 0x0, 0xe, 0xff, 0x40,
    0x0, 0x5, 0xff, 0xc0, 0x0, 0x0, 0xbf, 0xf5,

    /* U+0029 ")" */
    0x17, 0x76, 0x0, 0x0, 0xc, 0xff, 0x40, 0x0,
    0x4, 0xff, 0xe0, 0x0, 0x0, 0xbf, 0xf7, 0x0,
    0x0, 0x5f, 0xfd, 0x0, 0x0, 0xe, 0xff, 0x40,
    0x0, 0x8, 0xff, 0xa0, 0x0, 0x4, 0xff, 0xe0,
    0x0, 0x0, 0xff, 0xf2, 0x0, 0x0, 0xdf, 0xf6,
    0x0, 0x0, 0xaf, 0xf9, 0x0, 0x0, 0x8f, 0xfa,
    0x0, 0x0, 0x7f, 0xfc, 0x0, 0x0, 0x6f, 0xfd,
    0x0, 0x0, 0x5f, 0xfe, 0x0, 0x0, 0x6f, 0xfc,
    0x0, 0x0, 0x7f, 0xfb, 0x0, 0x0, 0x9f, 0xfa,
    0x0, 0x0, 0xaf, 0xf8, 0x0, 0x0, 0xef, 0xf4,
    0x0, 0x2, 0xff, 0xf1, 0x0, 0x6, 0xff, 0xc0,
    0x0, 0xb, 0xff, 0x80, 0x0, 0x1f, 0xff, 0x10,
    0x0, 0x8f, 0xfa, 0x0, 0x0, 0xef, 0xf3, 0x0,
    0x8, 0xff, 0xa0, 0x0, 0x2f, 0xfe, 0x10, 0x0,

    /* U+002A "*" */
    0x0, 0x5c, 0x0, 0x3b, 0x20, 0x0, 0xe, 0xf7,
    0xc, 0xf9, 0x0, 0x0, 0x4f, 0xf6, 0xfe, 0x10,
    0x0, 0x0, 0xaf, 0xff, 0x50, 0x0, 0xdf, 0xff,
    0xff, 0xff, 0xff, 0x8d, 0xff, 0xff, 0xff, 0xff,
    0xf8, 0x0, 0xa, 0xff, 0xf5, 0x0, 0x0, 0x5,
    0xfe, 0x5f, 0xe1, 0x0, 0x0, 0xef, 0x70, 0xbf,
    0x90, 0x0, 0x5, 0xb0, 0x3, 0xb2, 0x0,

    /* U+002B "+" */
    0x0, 0x0, 0x0, 0x89, 0x92, 0x0, 0x0, 0x0,
    0x0, 0x0, 0x0, 0xdf, 0xf3, 0x0, 0x0, 0x0,
    0x0, 0x0, 0x0, 0xdf, 0xf3, 0x0, 0x0, 0x0,
    0x0, 0x0, 0x0, 0xdf, 0xf3, 0x0, 0x0, 0x0,
    0x0, 0x0, 0x0, 0xdf, 0xf3, 0x0, 0x0, 0x0,
    0x0, 0x0, 0x0, 0xdf, 0xf3, 0x0, 0x0, 0x0,
    0x0, 0x0, 0x0, 0xdf, 0xf3, 0x0, 0x0, 0x0,
    0xdf, 0xff, 0xff, 0xff, 0xff, 0xff, 0xff, 0xf4,
    0xdf, 0xff, 0xff, 0xff, 0xff, 0xff, 0xff, 0xf4,
    0xbd, 0xdd, 0xdd, 0xff, 0xfe, 0xdd, 0xdd, 0xd3,
    0x0, 0x0, 0x0, 0xdf, 0xf3, 0x0, 0x0, 0x0,
    0x0, 0x0, 0x0, 0xdf, 0xf3, 0x0, 0x0, 0x0,
    0x0, 0x0, 0x0, 0xdf, 0xf3, 0x0, 0x0, 0x0,
    0x0, 0x0, 0x0, 0xdf, 0xf3, 0x0, 0x0, 0x0,
    0x0, 0x0, 0x0, 0xdf, 0xf3, 0x0, 0x0, 0x0,
    0x0, 0x0, 0x0, 0xdf, 0xf3, 0x0, 0x0, 0x0,

    /* U+002C "," */
    0x3, 0x33, 0x30, 0x1f, 0xff, 0xf2, 0x1f, 0xff,
    0xf2, 0x1f, 0xff, 0xf2, 0x1f, 0xff, 0xf2, 0x0,
    0xf, 0xf1, 0x0, 0x2f, 0xf0, 0x0, 0xaf, 0xc0,
    0xd, 0xff, 0x30, 0xf, 0xe5, 0x0, 0x4, 0x0,
    0x0,

    /* U+002D "-" */
    0x2, 0x22, 0x22, 0x22, 0x20, 0x1f, 0xff, 0xff,
    0xff, 0xf3, 0x1f, 0xff, 0xff, 0xff, 0xf3, 0x1f,
    0xff, 0xff, 0xff, 0xf3,

    /* U+002E "." */
    0x3, 0x33, 0x30, 0x1f, 0xff, 0xf2, 0x1f, 0xff,
    0xf2, 0x1f, 0xff, 0xf2, 0x1f, 0xff, 0xf2,

    /* U+002F "/" */
    0x0, 0x0, 0x0, 0x0, 0xc, 0xff, 0x60, 0x0,
    0x0, 0x0, 0x2, 0xff, 0xf0, 0x0, 0x0, 0x0,
    0x0, 0x8f, 0xfa, 0x0, 0x0, 0x0, 0x0, 0xe,
    0xff, 0x30, 0x0, 0x0, 0x0, 0x5, 0xff, 0xd0,
    0x0, 0x0, 0x0, 0x0, 0xbf, 0xf7, 0x0, 0x0,
    0x0, 0x0, 0x1f, 0xff, 0x10, 0x0, 0x0, 0x0,
    0x7, 0xff, 0xa0, 0x0, 0x0, 0x0, 0x0, 0xdf,
    0xf4, 0x0, 0x0, 0x0, 0x0, 0x4f, 0xfe, 0x0,
    0x0, 0x0, 0x0, 0xa, 0xff, 0x80, 0x0, 0x0,
    0x0, 0x1, 0xff, 0xf2, 0x0, 0x0, 0x0, 0x0,
    0x6f, 0xfb, 0x0, 0x0, 0x0, 0x0, 0xd, 0xff,
    0x50, 0x0, 0x0, 0x0, 0x3, 0xff, 0xe0, 0x0,
    0x0, 0x0, 0x0, 0x9f, 0xf8, 0x0, 0x0, 0x0,
    0x0, 0xf, 0xff, 0x20, 0x0, 0x0, 0x0, 0x6,
    0xff, 0xc0, 0x0, 0x0, 0x0, 0x0, 0xcf, 0xf6,
    0x0, 0x0, 0x0, 0x0, 0x2f, 0xff, 0x0, 0x0,
    0x0, 0x0, 0x8, 0xff, 0x90, 0x0, 0x0, 0x0,
    0x0, 0xef, 0xf3, 0x0, 0x0, 0x0, 0x0,

    /* U+0030 "0" */
    0x0, 0x0, 0x0, 0x15, 0x77, 0x51, 0x0, 0x0,
    0x0, 0x0, 0x0, 0x1a, 0xff, 0xff, 0xff, 0xb1,
    0x0, 0x0, 0x0, 0x3, 0xff, 0xff, 0xff, 0xff,
    0xff, 0x30, 0x0, 0x0, 0x2f, 0xff, 0xfa, 0x66,
    0xaf, 0xff, 0xf2, 0x0, 0x0, 0xbf, 0xff, 0x30,
    0x0, 0x3, 0xff, 0xfb, 0x0, 0x4, 0xff, 0xf5,
    0x0, 0x0, 0x0, 0x6f, 0xff, 0x40, 0xa, 0xff,
    0xd0, 0x0, 0x0, 0x0, 0xe, 0xff, 0xa0, 0xe,
    0xff, 0x80, 0x0, 0x0, 0x0, 0x9, 0xff, 0xe0,
    0x2f, 0xff, 0x50, 0x0, 0x0, 0x0, 0x5, 0xff,
    0xf2, 0x4f, 0xff, 0x20, 0x0, 0x0, 0x0, 0x3,
    0xff, 0xf4, 0x6f, 0xff, 0x10, 0x0, 0x0, 0x0,
    0x1, 0xff, 0xf5, 0x7f, 0xff, 0x0, 0x0, 0x0,
    0x0, 0x0, 0xff, 0xf6, 0x7f, 0xff, 0x0, 0x0,
    0x0, 0x0, 0x0, 0xff, 0xf7, 0x6f, 0xff, 0x10,
    0x0, 0x0, 0x0, 0x1, 0xff, 0xf6, 0x5f, 0xff,
    0x20, 0x0, 0x0, 0x0, 0x2, 0xff, 0xf5, 0x2f,
    0xff, 0x50, 0x0, 0x0, 0x0, 0x5, 0xff, 0xf2,
    0xf, 0xff, 0x80, 0x0, 0x0, 0x0, 0x8, 0xff,
    0xf0, 0xa, 0xff, 0xd0, 0x0, 0x0, 0x0, 0xd,
    0xff, 0xa0, 0x5, 0xff, 0xf5, 0x0, 0x0, 0x0,
    0x5f, 0xff, 0x50, 0x0, 0xcf, 0xff, 0x30, 0x0,
    0x3, 0xef, 0xfc, 0x0, 0x0, 0x3f, 0xff, 0xfa,
    0x66, 0xaf, 0xff, 0xf3, 0x0, 0x0, 0x5, 0xff,
    0xff, 0xff, 0xff, 0xff, 0x40, 0x0, 0x0, 0x0,
    0x2b, 0xff, 0xff, 0xff, 0xb2, 0x0, 0x0, 0x0,
    0x0, 0x0, 0x15, 0x77, 0x51, 0x0, 0x0, 0x0,

    /* U+0031 "1" */
    0x0, 0x0, 0x0, 0xbf, 0xf6, 0x0, 0x0, 0x3,
    0xff, 0xf6, 0x0, 0x0, 0x2e, 0xff, 0xf6, 0x0,
    0x6, 0xef, 0xff, 0xf6, 0x1a, 0xef, 0xff, 0xff,
    0xf6, 0x3f, 0xff, 0xf7, 0xff, 0xf6, 0x3f, 0xff,
    0x70, 0xff, 0xf6, 0x2a, 0x71, 0x0, 0xff, 0xf6,
    0x0, 0x0, 0x0, 0xff, 0xf6, 0x0, 0x0, 0x0,
    0xff, 0xf6, 0x0, 0x0, 0x0, 0xff, 0xf6, 0x0,
    0x0, 0x0, 0xff, 0xf6, 0x0, 0x0, 0x0, 0xff,
    0xf6, 0x0, 0x0, 0x0, 0xff, 0xf6, 0x0, 0x0,
    0x0, 0xff, 0xf6, 0x0, 0x0, 0x0, 0xff, 0xf6,
    0x0, 0x0, 0x0, 0xff, 0xf6, 0x0, 0x0, 0x0,
    0xff, 0xf6, 0x0, 0x0, 0x0, 0xff, 0xf6, 0x0,
    0x0, 0x0, 0xff, 0xf6, 0x0, 0x0, 0x0, 0xff,
    0xf6, 0x0, 0x0, 0x0, 0xff, 0xf6,

    /* U+0032 "2" */
    0x0, 0x0, 0x0, 0x46, 0x75, 0x20, 0x0, 0x0,
    0x0, 0x0, 0x7, 0xff, 0xff, 0xff, 0xf7, 0x0,
    0x0, 0x0, 0x2d, 0xff, 0xff, 0xff, 0xff, 0xfd,
    0x10, 0x0, 0x1e, 0xff, 0xfd, 0x86, 0x8d, 0xff,
    0xfb, 0x0, 0x9, 0xff, 0xf9, 0x0, 0x0, 0xa,
    0xff, 0xf5, 0x0, 0xff, 0xfd, 0x0, 0x0, 0x0,
    0xe, 0xff, 0xa0, 0x4f, 0xff, 0x60, 0x0, 0x0,
    0x0, 0xbf, 0xfd, 0x5, 0xff, 0xf4, 0x0, 0x0,
    0x0, 0xa, 0xff, 0xd0, 0x5b, 0xbb, 0x20, 0x0,
    0x0, 0x0, 0xdf, 0xfa, 0x0, 0x0, 0x0, 0x0,
    0x0, 0x0, 0x4f, 0xff, 0x70, 0x0, 0x0, 0x0,
    0x0, 0x0, 0x1e, 0xff, 0xe0, 0x0, 0x0, 0x0,
    0x0, 0x0, 0x1d, 0xff, 0xf5, 0x0, 0x0, 0x0,
    0x0, 0x0, 0x3e, 0xff, 0xf8, 0x0, 0x0, 0x0,
    0x0, 0x0, 0x7f, 0xff, 0xf8, 0x0, 0x0, 0x0,
    0x0, 0x1, 0xbf, 0xff, 0xf5, 0x0, 0x0, 0x0,
    0x0, 0x3, 0xef, 0xff, 0xd2, 0x0, 0x0, 0x0,
    0x0, 0x6, 0xff, 0xff, 0x90, 0x0, 0x0, 0x0,
    0x0, 0x6, 0xff, 0xff, 0x50, 0x0, 0x0, 0x0,
    0x0, 0x3, 0xff, 0xfd, 0x20, 0x0, 0x0, 0x0,
    0x0, 0x0, 0xcf, 0xff, 0x42, 0x22, 0x22, 0x22,
    0x22, 0x20, 0x4f, 0xff, 0xff, 0xff, 0xff, 0xff,
    0xff, 0xff, 0x17, 0xff, 0xff, 0xff, 0xff, 0xff,
    0xff, 0xff, 0xf1, 0x9f, 0xff, 0xff, 0xff, 0xff,
    0xff, 0xff, 0xff, 0x10,

    /* U+0033 "3" */
    0x0, 0x0, 0x0, 0x25, 0x75, 0x31, 0x0, 0x0,
    0x0, 0x0, 0x18, 0xff, 0xff, 0xff, 0xf9, 0x10,
    0x0, 0x0, 0x4e, 0xff, 0xff, 0xff, 0xff, 0xff,
    0x40, 0x0, 0x1e, 0xff, 0xfc, 0x86, 0x7b, 0xff,
    0xfe, 0x20, 0xb, 0xff, 0xf6, 0x0, 0x0, 0x4,
    0xff, 0xfa, 0x1, 0xff, 0xfa, 0x0, 0x0, 0x0,
    0xa, 0xff, 0xf0, 0x4f, 0xff, 0x50, 0x0, 0x0,
    0x0, 0x7f, 0xff, 0x1, 0x33, 0x30, 0x0, 0x0,
    0x0, 0x9, 0xff, 0xe0, 0x0, 0x0, 0x0, 0x0,
    0x0, 0x2, 0xef, 0xf8, 0x0, 0x0, 0x0, 0x0,
    0x0, 0x16, 0xef, 0xfd, 0x0, 0x0, 0x0, 0x0,
    0xf, 0xff, 0xff, 0xfa, 0x10, 0x0, 0x0, 0x0,
    0x0, 0xff, 0xff, 0xf8, 0x0, 0x0, 0x0, 0x0,
    0x0, 0xf, 0xff, 0xff, 0xfe, 0x50, 0x0, 0x0,
    0x0, 0x0, 0x0, 0x15, 0xcf, 0xff, 0x50, 0x0,
    0x0, 0x0, 0x0, 0x0, 0x0, 0xbf, 0xfe, 0x0,
    0x0, 0x0, 0x0, 0x0, 0x0, 0x2, 0xff, 0xf5,
    0x7c, 0xcb, 0x0, 0x0, 0x0, 0x0, 0xf, 0xff,
    0x78, 0xff, 0xf0, 0x0, 0x0, 0x0, 0x0, 0xff,
    0xf7, 0x5f, 0xff, 0x60, 0x0, 0x0, 0x0, 0x5f,
    0xff, 0x50, 0xef, 0xff, 0x40, 0x0, 0x0, 0x3f,
    0xff, 0xe0, 0x6, 0xff, 0xff, 0xb7, 0x67, 0xbf,
    0xff, 0xf5, 0x0, 0x7, 0xff, 0xff, 0xff, 0xff,
    0xff, 0xf6, 0x0, 0x0, 0x2, 0xaf, 0xff, 0xff,
    0xff, 0x91, 0x0, 0x0, 0x0, 0x0, 0x15, 0x67,
    0x53, 0x0, 0x0, 0x0,

    /* U+0034 "4" */
    0x0, 0x0, 0x0, 0x0, 0x3, 0xff, 0xff, 0x90,
    0x0, 0x0, 0x0, 0x0, 0x0, 0x1, 0xef, 0xff,
    0xf9, 0x0, 0x0, 0x0, 0x0, 0x0, 0x0, 0xaf,
    0xff, 0xff, 0x90, 0x0, 0x0, 0x0, 0x0, 0x0,
    0x6f, 0xfd, 0xdf, 0xf9, 0x0, 0x0, 0x0, 0x0,
    0x0, 0x2f, 0xff, 0x3c, 0xff, 0x90, 0x0, 0x0,
    0x0, 0x0, 0xd, 0xff, 0x70, 0xcf, 0xf9, 0x0,
    0x0, 0x0, 0x0, 0x9, 0xff, 0xc0, 0xc, 0xff,
    0x90, 0x0, 0x0, 0x0, 0x4, 0xff, 0xe1, 0x0,
    0xcf, 0xf9, 0x0, 0x0, 0x0, 0x1, 0xef, 0xf5,
    0x0, 0xc, 0xff, 0x90, 0x0, 0x0, 0x0, 0xbf,
    0xf9, 0x0, 0x0, 0xcf, 0xf9, 0x0, 0x0, 0x0,
    0x7f, 0xfd, 0x0, 0x0, 0xc, 0xff, 0x90, 0x0,
    0x0, 0x3f, 0xff, 0x30, 0x0, 0x0, 0xcf, 0xf9,
    0x0, 0x0, 0xd, 0xff, 0x60, 0x0, 0x0, 0xc,
    0xff, 0x90, 0x0, 0x3, 0xff, 0xff, 0xff, 0xff,
    0xff, 0xff, 0xff, 0xff, 0xfb, 0x3f, 0xff, 0xff,
    0xff, 0xff, 0xff, 0xff, 0xff, 0xff, 0xb3, 0xff,
    0xff, 0xff, 0xff, 0xff, 0xff, 0xff, 0xff, 0xfb,
    0x0, 0x0, 0x0, 0x0, 0x0, 0xc, 0xff, 0x90,
    0x0, 0x0, 0x0, 0x0, 0x0, 0x0, 0x0, 0xcf,
    0xf9, 0x0, 0x0, 0x0, 0x0, 0x0, 0x0, 0x0,
    0xc, 0xff, 0x90, 0x0, 0x0, 0x0, 0x0, 0x0,
    0x0, 0x0, 0xcf, 0xf9, 0x0, 0x0, 0x0, 0x0,
    0x0, 0x0, 0x0, 0xc, 0xff, 0x90, 0x0, 0x0,
    0x0, 0x0, 0x0, 0x0, 0x0, 0xcf, 0xf9, 0x0,
    0x0,

    /* U+0035 "5" */
    0x0, 0xbf, 0xff, 0xff, 0xff, 0xff, 0xff, 0xf0,
    0x0, 0xd, 0xff, 0xff, 0xff, 0xff, 0xff, 0xff,
    0x0, 0x0, 0xff, 0xff, 0xff, 0xff, 0xff, 0xff,
    0xf0, 0x0, 0x1f, 0xfd, 0x33, 0x33, 0x33, 0x33,
    0x33, 0x0, 0x4, 0xff, 0xb0, 0x0, 0x0, 0x0,
    0x0, 0x0, 0x0, 0x6f, 0xf8, 0x0, 0x0, 0x0,
    0x0, 0x0, 0x0, 0x8, 0xff, 0x60, 0x0, 0x0,
    0x0, 0x0, 0x0, 0x0, 0xaf, 0xf4, 0x6, 0xce,
    0xfd, 0x92, 0x0, 0x0, 0xc, 0xff, 0x4d, 0xff,
    0xff, 0xff, 0xf6, 0x0, 0x0, 0xff, 0xfe, 0xff,
    0xfd, 0xff, 0xff, 0xf8, 0x0, 0x1f, 0xff, 0xfb,
    0x30, 0x0, 0x5f, 0xff, 0xf2, 0x3, 0xff, 0xfa,
    0x0, 0x0, 0x0, 0x3f, 0xff, 0xb0, 0x27, 0x77,
    0x10, 0x0, 0x0, 0x0, 0x9f, 0xff, 0x0, 0x0,
    0x0, 0x0, 0x0, 0x0, 0x5, 0xff, 0xf3, 0x0,
    0x0, 0x0, 0x0, 0x0, 0x0, 0x3f, 0xff, 0x42,
    0x33, 0x20, 0x0, 0x0, 0x0, 0x5, 0xff, 0xf3,
    0x9f, 0xfe, 0x0, 0x0, 0x0, 0x0, 0x7f, 0xff,
    0x17, 0xff, 0xf3, 0x0, 0x0, 0x0, 0x1e, 0xff,
    0xc0, 0x1f, 0xff, 0xd2, 0x0, 0x0, 0x1b, 0xff,
    0xf5, 0x0, 0x6f, 0xff, 0xf9, 0x66, 0x9e, 0xff,
    0xfb, 0x0, 0x0, 0x9f, 0xff, 0xff, 0xff, 0xff,
    0xfa, 0x0, 0x0, 0x0, 0x3c, 0xff, 0xff, 0xff,
    0xd4, 0x0, 0x0, 0x0, 0x0, 0x1, 0x36, 0x76,
    0x30, 0x0, 0x0, 0x0,

    /* U+0036 "6" */
    0x0, 0x0, 0x0, 0x3, 0x57, 0x63, 0x10, 0x0,
    0x0, 0x0, 0x0, 0x7e, 0xff, 0xff, 0xff, 0x91,
    0x0, 0x0, 0x1, 0xcf, 0xff, 0xff, 0xff, 0xff,
    0xf2, 0x0, 0x0, 0xcf, 0xff, 0xc8, 0x56, 0xbf,
    0xff, 0xd0, 0x0, 0x8f, 0xff, 0x70, 0x0, 0x0,
    0x7f, 0xff, 0x50, 0x2f, 0xff, 0x70, 0x0, 0x0,
    0x0, 0xdf, 0xf9, 0x7, 0xff, 0xe0, 0x0, 0x0,
    0x0, 0x3, 0x55, 0x40, 0xdf, 0xf8, 0x0, 0x0,
    0x0, 0x0, 0x0, 0x0, 0x1f, 0xff, 0x50, 0x5,
    0xac, 0xca, 0x50, 0x0, 0x3, 0xff, 0xf2, 0x3e,
    0xff, 0xff, 0xff, 0xb1, 0x0, 0x5f, 0xff, 0x5f,
    0xff, 0xff, 0xff, 0xff, 0xe1, 0x6, 0xff, 0xfe,
    0xfd, 0x51, 0x14, 0xcf, 0xff, 0xb0, 0x7f, 0xff,
    0xfb, 0x0, 0x0, 0x0, 0xaf, 0xff, 0x45, 0xff,
    0xff, 0x10, 0x0, 0x0, 0x1, 0xff, 0xf9, 0x3f,
    0xff, 0xb0, 0x0, 0x0, 0x0, 0xc, 0xff, 0xc2,
    0xff, 0xf9, 0x0, 0x0, 0x0, 0x0, 0x9f, 0xfd,
    0xf, 0xff, 0xa0, 0x0, 0x0, 0x0, 0xa, 0xff,
    0xc0, 0xcf, 0xfc, 0x0, 0x0, 0x0, 0x0, 0xdf,
    0xfa, 0x6, 0xff, 0xf3, 0x0, 0x0, 0x0, 0x4f,
    0xff, 0x50, 0xe, 0xff, 0xd2, 0x0, 0x0, 0x2e,
    0xff, 0xc0, 0x0, 0x4f, 0xff, 0xf8, 0x56, 0x9f,
    0xff, 0xf2, 0x0, 0x0, 0x6f, 0xff, 0xff, 0xff,
    0xff, 0xe5, 0x0, 0x0, 0x0, 0x3c, 0xff, 0xff,
    0xff, 0xa1, 0x0, 0x0, 0x0, 0x0, 0x2, 0x57,
    0x75, 0x10, 0x0, 0x0,

    /* U+0037 "7" */
    0x5f, 0xff, 0xff, 0xff, 0xff, 0xff, 0xff, 0xff,
    0x45, 0xff, 0xff, 0xff, 0xff, 0xff, 0xff, 0xff,
    0xf4, 0x5f, 0xff, 0xff, 0xff, 0xff, 0xff, 0xff,
    0xff, 0x41, 0x33, 0x33, 0x33, 0x33, 0x33, 0x37,
    0xff, 0xf2, 0x0, 0x0, 0x0, 0x0, 0x0, 0x5,
    0xff, 0xf5, 0x0, 0x0, 0x0, 0x0, 0x0, 0x4,
    0xff, 0xf7, 0x0, 0x0, 0x0, 0x0, 0x0, 0x2,
    0xff, 0xfa, 0x0, 0x0, 0x0, 0x0, 0x0, 0x0,
    0xcf, 0xfe, 0x0, 0x0, 0x0, 0x0, 0x0, 0x0,
    0x5f, 0xff, 0x50, 0x0, 0x0, 0x0, 0x0, 0x0,
    0xe, 0xff, 0xc0, 0x0, 0x0, 0x0, 0x0, 0x0,
    0x8, 0xff, 0xf3, 0x0, 0x0, 0x0, 0x0, 0x0,
    0x1, 0xff, 0xfb, 0x0, 0x0, 0x0, 0x0, 0x0,
    0x0, 0x6f, 0xff, 0x50, 0x0, 0x0, 0x0, 0x0,
    0x0, 0xc, 0xff, 0xf0, 0x0, 0x0, 0x0, 0x0,
    0x0, 0x1, 0xff, 0xfa, 0x0, 0x0, 0x0, 0x0,
    0x0, 0x0, 0x7f, 0xff, 0x50, 0x0, 0x0, 0x0,
    0x0, 0x0, 0xc, 0xff, 0xf0, 0x0, 0x0, 0x0,
    0x0, 0x0, 0x0, 0xff, 0xfd, 0x0, 0x0, 0x0,
    0x0, 0x0, 0x0, 0x1f, 0xff, 0xa0, 0x0, 0x0,
    0x0, 0x0, 0x0, 0x4, 0xff, 0xf8, 0x0, 0x0,
    0x0, 0x0, 0x0, 0x0, 0x6f, 0xff, 0x60, 0x0,
    0x0, 0x0, 0x0, 0x0, 0x9, 0xff, 0xf5, 0x0,
    0x0, 0x0, 0x0,

    /* U+0038 "8" */
    0x0, 0x0, 0x0, 0x25, 0x76, 0x31, 0x0, 0x0,
    0x0, 0x0, 0x7, 0xff, 0xff, 0xff, 0xfb, 0x30,
    0x0, 0x0, 0x2e, 0xff, 0xff, 0xff, 0xff, 0xff,
    0x70, 0x0, 0xd, 0xff, 0xfc, 0x75, 0x69, 0xff,
    0xff, 0x50, 0x8, 0xff, 0xf7, 0x0, 0x0, 0x2,
    0xef, 0xfe, 0x0, 0xcf, 0xfc, 0x0, 0x0, 0x0,
    0x5, 0xff, 0xf3, 0xe, 0xff, 0x80, 0x0, 0x0,
    0x0, 0x2f, 0xff, 0x40, 0xcf, 0xfb, 0x0, 0x0,
    0x0, 0x4, 0xff, 0xf2, 0x7, 0xff, 0xf3, 0x0,
    0x0, 0x0, 0xcf, 0xfd, 0x0, 0xc, 0xff, 0xf8,
    0x20, 0x15, 0xcf, 0xff, 0x30, 0x0, 0xa, 0xff,
    0xff, 0xff, 0xff, 0xfd, 0x30, 0x0, 0x0, 0x5,
    0xff, 0xff, 0xff, 0xfb, 0x0, 0x0, 0x0, 0x1b,
    0xff, 0xff, 0xff, 0xff, 0xfe, 0x50, 0x0, 0x1d,
    0xff, 0xe6, 0x20, 0x14, 0xbf, 0xff, 0x70, 0xb,
    0xff, 0xd1, 0x0, 0x0, 0x0, 0x8f, 0xff, 0x32,
    0xff, 0xf4, 0x0, 0x0, 0x0, 0x0, 0xdf, 0xfa,
    0x6f, 0xff, 0x0, 0x0, 0x0, 0x0, 0x9, 0xff,
    0xd7, 0xff, 0xf1, 0x0, 0x0, 0x0, 0x0, 0xaf,
    0xfe, 0x5f, 0xff, 0x60, 0x0, 0x0, 0x0, 0x1e,
    0xff, 0xc1, 0xff, 0xff, 0x40, 0x0, 0x0, 0x1b,
    0xff, 0xf6, 0x7, 0xff, 0xff, 0xb7, 0x56, 0x8f,
    0xff, 0xfd, 0x0, 0x9, 0xff, 0xff, 0xff, 0xff,
    0xff, 0xfd, 0x10, 0x0, 0x2, 0xaf, 0xff, 0xff,
    0xff, 0xd5, 0x0, 0x0, 0x0, 0x0, 0x13, 0x57,
    0x64, 0x20, 0x0, 0x0,

    /* U+0039 "9" */
    0x0, 0x0, 0x0, 0x46, 0x75, 0x30, 0x0, 0x0,
    0x0, 0x0, 0x8, 0xff, 0xff, 0xff, 0xd4, 0x0,
    0x0, 0x0, 0x3e, 0xff, 0xff, 0xff, 0xff, 0xf8,
    0x0, 0x0, 0x1e, 0xff, 0xfb, 0x65, 0x7d, 0xff,
    0xf6, 0x0, 0xb, 0xff, 0xf5, 0x0, 0x0, 0x9,
    0xff, 0xf1, 0x2, 0xff, 0xf8, 0x0, 0x0, 0x0,
    0xd, 0xff, 0x80, 0x6f, 0xff, 0x20, 0x0, 0x0,
    0x0, 0x8f, 0xfd, 0x8, 0xff, 0xf0, 0x0, 0x0,
    0x0, 0x5, 0xff, 0xf2, 0x8f, 0xff, 0x10, 0x0,
    0x0, 0x0, 0x7f, 0xff, 0x45, 0xff, 0xf4, 0x0,
    0x0, 0x0, 0xb, 0xff, 0xf6, 0x1f, 0xff, 0xd0,
    0x0, 0x0, 0x4, 0xff, 0xff, 0x80, 0x8f, 0xff,
    0xc3, 0x0, 0x7, 0xff, 0xff, 0xf9, 0x0, 0xdf,
    0xff, 0xff, 0xdf, 0xff, 0xcc, 0xff, 0x90, 0x1,
    0xbf, 0xff, 0xff, 0xff, 0xa0, 0xcf, 0xf9, 0x0,
    0x0, 0x5b, 0xef, 0xda, 0x40, 0xd, 0xff, 0x70,
    0x0, 0x0, 0x0, 0x0, 0x0, 0x0, 0xff, 0xf5,
    0x0, 0x0, 0x0, 0x0, 0x0, 0x0, 0x3f, 0xff,
    0x21, 0xdd, 0xd4, 0x0, 0x0, 0x0, 0x8, 0xff,
    0xd0, 0xe, 0xff, 0x90, 0x0, 0x0, 0x1, 0xef,
    0xf7, 0x0, 0xbf, 0xff, 0x30, 0x0, 0x1, 0xdf,
    0xfe, 0x0, 0x2, 0xff, 0xff, 0x85, 0x47, 0xef,
    0xff, 0x50, 0x0, 0x6, 0xff, 0xff, 0xff, 0xff,
    0xff, 0x60, 0x0, 0x0, 0x2, 0xbf, 0xff, 0xff,
    0xfc, 0x30, 0x0, 0x0, 0x0, 0x0, 0x14, 0x67,
    0x52, 0x0, 0x0, 0x0,

    /* U+003A ":" */
    0x1f, 0xff, 0xf2, 0x1f, 0xff, 0xf2, 0x1f, 0xff,
    0xf2, 0x1f, 0xff, 0xf2, 0x3, 0x33, 0x30, 0x0,
    0x0, 0x0, 0x0, 0x0, 0x0, 0x0, 0x0, 0x0,
    0x0, 0x0, 0x0, 0x3, 0x33, 0x30, 0x1f, 0xff,
    0xf2, 0x1f, 0xff, 0xf2, 0x1f, 0xff, 0xf2, 0x1f,
    0xff, 0xf2,

    /* U+003B ";" */
    0x1f, 0xff, 0xf2, 0x1f, 0xff, 0xf2, 0x1f, 0xff,
    0xf2, 0x1f, 0xff, 0xf2, 0x3, 0x33, 0x30, 0x0,
    0x0, 0x0, 0x0, 0x0, 0x0, 0x0, 0x0, 0x0,
    0x0, 0x0, 0x0, 0x3, 0x33, 0x30, 0x1f, 0xff,
    0xf2, 0x1f, 0xff, 0xf2, 0x1f, 0xff, 0xf2, 0x1f,
    0xff, 0xf2, 0x0, 0x1f, 0xf1, 0x0, 0x3f, 0xf0,
    0x0, 0xaf, 0xb0, 0xd, 0xff, 0x30, 0x1f, 0xe4,
    0x0, 0x4, 0x0, 0x0,

    /* U+003C "<" */
    0x0, 0x0, 0x0, 0x0, 0x0, 0x0, 0x0, 0x0,
    0x0, 0x0, 0x0, 0x0, 0x0, 0x17, 0xe4, 0x0,
    0x0, 0x0, 0x0, 0x3, 0xaf, 0xff, 0x40, 0x0,
    0x0, 0x0, 0x5c, 0xff, 0xff, 0xf4, 0x0, 0x0,
    0x18, 0xef, 0xff, 0xff, 0xd7, 0x10, 0x4, 0xaf,
    0xff, 0xff, 0xfa, 0x40, 0x0, 0x6d, 0xff, 0xff,
    0xfd, 0x71, 0x0, 0x0, 0xe, 0xff, 0xff, 0xa4,
    0x0, 0x0, 0x0, 0x0, 0xef, 0xfd, 0x30, 0x0,
    0x0, 0x0, 0x0, 0xe, 0xff, 0xff, 0xc6, 0x0,
    0x0, 0x0, 0x0, 0x4b, 0xff, 0xff, 0xff, 0xa3,
    0x0, 0x0, 0x0, 0x2, 0x8e, 0xff, 0xff, 0xfd,
    0x71, 0x0, 0x0, 0x0, 0x6, 0xcf, 0xff, 0xff,
    0xfb, 0x20, 0x0, 0x0, 0x0, 0x3a, 0xff, 0xff,
    0xf4, 0x0, 0x0, 0x0, 0x0, 0x1, 0x7e, 0xff,
    0x40, 0x0, 0x0, 0x0, 0x0, 0x0, 0x5, 0xb4,
    0x0, 0x0, 0x0, 0x0, 0x0, 0x0, 0x0, 0x0,

    /* U+003D "=" */
    0xcd, 0xdd, 0xdd, 0xdd, 0xdd, 0xdd, 0xdd, 0xd3,
    0xef, 0xff, 0xff, 0xff, 0xff, 0xff, 0xff, 0xf4,
    0xef, 0xff, 0xff, 0xff, 0xff, 0xff, 0xff, 0xf4,
    0x0, 0x0, 0x0, 0x0, 0x0, 0x0, 0x0, 0x0,
    0x0, 0x0, 0x0, 0x0, 0x0, 0x0, 0x0, 0x0,
    0x0, 0x0, 0x0, 0x0, 0x0, 0x0, 0x0, 0x0,
    0xcd, 0xdd, 0xdd, 0xdd, 0xdd, 0xdd, 0xdd, 0xd3,
    0xef, 0xff, 0xff, 0xff, 0xff, 0xff, 0xff, 0xf4,
    0xef, 0xff, 0xff, 0xff, 0xff, 0xff, 0xff, 0xf4,

    /* U+003E ">" */
    0x0, 0x0, 0x0, 0x0, 0x0, 0x0, 0x0, 0x0,
    0xf, 0x92, 0x0, 0x0, 0x0, 0x0, 0x0, 0x0,
    0xf, 0xff, 0xc5, 0x0, 0x0, 0x0, 0x0, 0x0,
    0xf, 0xff, 0xff, 0xe7, 0x10, 0x0, 0x0, 0x0,
    0x6, 0xcf, 0xff, 0xff, 0xfa, 0x30, 0x0, 0x0,
    0x0, 0x2, 0x8e, 0xff, 0xff, 0xfc, 0x60, 0x0,
    0x0, 0x0, 0x0, 0x5b, 0xff, 0xff, 0xfe, 0x80,
    0x0, 0x0, 0x0, 0x0, 0x28, 0xef, 0xff, 0xf3,
    0x0, 0x0, 0x0, 0x0, 0x0, 0x1b, 0xff, 0xf3,
    0x0, 0x0, 0x0, 0x0, 0x5b, 0xff, 0xff, 0xf3,
    0x0, 0x0, 0x2, 0x8e, 0xff, 0xff, 0xfd, 0x60,
    0x0, 0x6, 0xcf, 0xff, 0xff, 0xfa, 0x30, 0x0,
    0x9, 0xff, 0xff, 0xff, 0xe8, 0x10, 0x0, 0x0,
    0xf, 0xff, 0xff, 0xc5, 0x0, 0x0, 0x0, 0x0,
    0xf, 0xff, 0x92, 0x0, 0x0, 0x0, 0x0, 0x0,
    0xd, 0x60, 0x0, 0x0, 0x0, 0x0, 0x0, 0x0,
    0x0, 0x0, 0x0, 0x0, 0x0, 0x0, 0x0, 0x0,

    /* U+003F "?" */
    0x0, 0x0, 0x0, 0x46, 0x75, 0x30, 0x0, 0x0,
    0x0, 0x0, 0x6e, 0xff, 0xff, 0xfe, 0x70, 0x0,
    0x0, 0x1c, 0xff, 0xff, 0xff, 0xff, 0xfc, 0x0,
    0x0, 0xaf, 0xff, 0xd8, 0x67, 0xdf, 0xff, 0xa0,
    0x5, 0xff, 0xfa, 0x0, 0x0, 0xb, 0xff, 0xf2,
    0xb, 0xff, 0xe1, 0x0, 0x0, 0x2, 0xff, 0xf6,
    0xf, 0xff, 0xa0, 0x0, 0x0, 0x0, 0xff, 0xf7,
    0xd, 0xdd, 0x70, 0x0, 0x0, 0x2, 0xff, 0xf5,
    0x0, 0x0, 0x0, 0x0, 0x0, 0xb, 0xff, 0xf1,
    0x0, 0x0, 0x0, 0x0, 0x0, 0xaf, 0xff, 0x70,
    0x0, 0x0, 0x0, 0x0, 0x1c, 0xff, 0xf9, 0x0,
    0x0, 0x0, 0x0, 0x1, 0xdf, 0xff, 0x90, 0x0,
    0x0, 0x0, 0x0, 0xb, 0xff, 0xf7, 0x0, 0x0,
    0x0, 0x0, 0x0, 0x4f, 0xff, 0x60, 0x0, 0x0,
    0x0, 0x0, 0x0, 0x9f, 0xfd, 0x0, 0x0, 0x0,
    0x0, 0x0, 0x0, 0xbf, 0xf9, 0x0, 0x0, 0x0,
    0x0, 0x0, 0x0, 0x8a, 0xa5, 0x0, 0x0, 0x0,
    0x0, 0x0, 0x0, 0x0, 0x0, 0x0, 0x0, 0x0,
    0x0, 0x0, 0x0, 0x11, 0x11, 0x0, 0x0, 0x0,
    0x0, 0x0, 0x2, 0xff, 0xfe, 0x0, 0x0, 0x0,
    0x0, 0x0, 0x2, 0xff, 0xfe, 0x0, 0x0, 0x0,
    0x0, 0x0, 0x2, 0xff, 0xfe, 0x0, 0x0, 0x0,
    0x0, 0x0, 0x2, 0xff, 0xfe, 0x0, 0x0, 0x0,

    /* U+0040 "@" */
    0x0, 0x0, 0x0, 0x0, 0x3, 0x68, 0x97, 0x62,
    0x0, 0x0, 0x0, 0x0, 0x0, 0x0, 0x2, 0x9f,
    0xff, 0xff, 0xff, 0xfd, 0x50, 0x0, 0x0, 0x0,
    0x0, 0x8, 0xff, 0xff, 0xff, 0xff, 0xff, 0xff,
    0xc1, 0x0, 0x0, 0x0, 0xb, 0xff, 0xfd, 0x73,
    0x10, 0x14, 0x9f, 0xff, 0xe2, 0x0, 0x0, 0xa,
    0xff, 0xf5, 0x0, 0x0, 0x0, 0x0, 0x3d, 0xff,
    0xd0, 0x0, 0x6, 0xff, 0xe2, 0x0, 0x0, 0x0,
    0x0, 0x0, 0xd, 0xff, 0x80, 0x0, 0xef, 0xf3,
    0x0, 0x0, 0x36, 0x30, 0x1, 0x10, 0x3f, 0xff,
    0x0, 0x7f, 0xf9, 0x0, 0x4, 0xef, 0xff, 0xc8,
    0xff, 0x20, 0x9f, 0xf5, 0xc, 0xff, 0x20, 0x4,
    0xff, 0xff, 0xff, 0xff, 0xf0, 0x4, 0xff, 0x91,
    0xff, 0xd0, 0x0, 0xdf, 0xf8, 0x12, 0xcf, 0xff,
    0x0, 0xf, 0xfb, 0x3f, 0xf9, 0x0, 0x6f, 0xf9,
    0x0, 0x2, 0xff, 0xd0, 0x0, 0xff, 0xd5, 0xff,
    0x70, 0x9, 0xff, 0x20, 0x0, 0xe, 0xfc, 0x0,
    0xf, 0xfb, 0x6f, 0xf7, 0x0, 0xcf, 0xf0, 0x0,
    0x0, 0xef, 0xa0, 0x1, 0xff, 0x95, 0xff, 0x80,
    0xc, 0xff, 0x0, 0x0, 0x1f, 0xf9, 0x0, 0x4f,
    0xf7, 0x3f, 0xfa, 0x0, 0xaf, 0xf4, 0x0, 0x7,
    0xff, 0x80, 0xa, 0xff, 0x20, 0xff, 0xe0, 0x5,
    0xff, 0xd3, 0x16, 0xff, 0xfc, 0x17, 0xff, 0x90,
    0xc, 0xff, 0x30, 0xc, 0xff, 0xff, 0xfe, 0xbf,
    0xff, 0xff, 0xd1, 0x0, 0x6f, 0xfb, 0x0, 0x1b,
    0xff, 0xfe, 0x20, 0xdf, 0xff, 0xb1, 0x0, 0x0,
    0xef, 0xf7, 0x0, 0x1, 0x43, 0x0, 0x0, 0x34,
    0x10, 0x0, 0x0, 0x4, 0xff, 0xf8, 0x0, 0x0,
    0x0, 0x0, 0x0, 0x10, 0x0, 0x0, 0x0, 0x7,
    0xff, 0xfc, 0x40, 0x0, 0x0, 0x2, 0x9f, 0x90,
    0x0, 0x0, 0x0, 0x6, 0xff, 0xff, 0xfc, 0xaa,
    0xce, 0xff, 0xff, 0x20, 0x0, 0x0, 0x0, 0x3,
    0xbf, 0xff, 0xff, 0xff, 0xff, 0xfc, 0x30, 0x0,
    0x0, 0x0, 0x0, 0x0, 0x27, 0xbd, 0xff, 0xeb,
    0x72, 0x0, 0x0, 0x0,

    /* U+0041 "A" */
    0x0, 0x0, 0x0, 0x0, 0x1f, 0xff, 0xf7, 0x0,
    0x0, 0x0, 0x0, 0x0, 0x0, 0x0, 0x0, 0x8,
    0xff, 0xff, 0xd0, 0x0, 0x0, 0x0, 0x0, 0x0,
    0x0, 0x0, 0x0, 0xef, 0xff, 0xff, 0x40, 0x0,
    0x0, 0x0, 0x0, 0x0, 0x0, 0x0, 0x5f, 0xfe,
    0xbf, 0xfb, 0x0, 0x0, 0x0, 0x0, 0x0, 0x0,
    0x0, 0xc, 0xff, 0x85, 0xff, 0xf1, 0x0, 0x0,
    0x0, 0x0, 0x0, 0x0, 0x2, 0xff, 0xf2, 0xe,
    0xff, 0x80, 0x0, 0x0, 0x0, 0x0, 0x0, 0x0,
    0x9f, 0xfc, 0x0, 0x9f, 0xfe, 0x0, 0x0, 0x0,
    0x0, 0x0, 0x0, 0xf, 0xff, 0x60, 0x3, 0xff,
    0xf5, 0x0, 0x0, 0x0, 0x0, 0x0, 0x6, 0xff,
    0xf1, 0x0, 0xd, 0xff, 0xc0, 0x0, 0x0, 0x0,
    0x0, 0x0, 0xdf, 0xfa, 0x0, 0x0, 0x7f, 0xff,
    0x30, 0x0, 0x0, 0x0, 0x0, 0x3f, 0xff, 0x40,
    0x0, 0x1, 0xff, 0xf9, 0x0, 0x0, 0x0, 0x0,
    0xa, 0xff, 0xe0, 0x0, 0x0, 0xb, 0xff, 0xf0,
    0x0, 0x0, 0x0, 0x1, 0xff, 0xf8, 0x0, 0x0,
    0x0, 0x5f, 0xff, 0x60, 0x0, 0x0, 0x0, 0x7f,
    0xff, 0xff, 0xff, 0xff, 0xff, 0xff, 0xfd, 0x0,
    0x0, 0x0, 0xe, 0xff, 0xff, 0xff, 0xff, 0xff,
    0xff, 0xff, 0xf4, 0x0, 0x0, 0x5, 0xff, 0xff,
    0xff, 0xff, 0xff, 0xff, 0xff, 0xff, 0xa0, 0x0,
    0x0, 0xbf, 0xff, 0x0, 0x0, 0x0, 0x0, 0x0,
    0xcf, 0xff, 0x10, 0x0, 0x2f, 0xff, 0x90, 0x0,
    0x0, 0x0, 0x0, 0x6, 0xff, 0xf8, 0x0, 0x8,
    0xff, 0xf2, 0x0, 0x0, 0x0, 0x0, 0x0, 0xf,
    0xff, 0xe0, 0x0, 0xef, 0xfc, 0x0, 0x0, 0x0,
    0x0, 0x0, 0x0, 0x9f, 0xff, 0x50, 0x6f, 0xff,
    0x60, 0x0, 0x0, 0x0, 0x0, 0x0, 0x3, 0xff,
    0xfb, 0xc, 0xff, 0xf0, 0x0, 0x0, 0x0, 0x0,
    0x0, 0x0, 0xc, 0xff, 0xf2,

    /* U+0042 "B" */
    0x4f, 0xff, 0xff, 0xff, 0xff, 0xec, 0xb5, 0x0,
    0x0, 0x4f, 0xff, 0xff, 0xff, 0xff, 0xff, 0xff,
    0xe4, 0x0, 0x4f, 0xff, 0xff, 0xff, 0xff, 0xff,
    0xff, 0xff, 0x30, 0x4f, 0xff, 0x30, 0x0, 0x0,
    0x14, 0xcf, 0xff, 0xc0, 0x4f, 0xff, 0x30, 0x0,
    0x0, 0x0, 0xd, 0xff, 0xf0, 0x4f, 0xff, 0x30,
    0x0, 0x0, 0x0, 0x9, 0xff, 0xf2, 0x4f, 0xff,
    0x30, 0x0, 0x0, 0x0, 0x9, 0xff, 0xf0, 0x4f,
    0xff, 0x30, 0x0, 0x0, 0x0, 0x1e, 0xff, 0xa0,
    0x4f, 0xff, 0x30, 0x0, 0x0, 0x26, 0xdf, 0xfe,
    0x10, 0x4f, 0xff, 0xff, 0xff, 0xff, 0xff, 0xff,
    0xb1, 0x0, 0x4f, 0xff, 0xff, 0xff, 0xff, 0xff,
    0xfa, 0x20, 0x0, 0x4f, 0xff, 0xff, 0xff, 0xff,
    0xff, 0xff, 0xf8, 0x0, 0x4f, 0xff, 0x30, 0x0,
    0x0, 0x13, 0xaf, 0xff, 0xa0, 0x4f, 0xff, 0x30,
    0x0, 0x0, 0x0, 0x7, 0xff, 0xf4, 0x4f, 0xff,
    0x30, 0x0, 0x0, 0x0, 0x0, 0xff, 0xf9, 0x4f,
    0xff, 0x30, 0x0, 0x0, 0x0, 0x0, 0xef, 0xfb,
    0x4f, 0xff, 0x30, 0x0, 0x0, 0x0, 0x1, 0xff,
    0xfa, 0x4f, 0xff, 0x30, 0x0, 0x0, 0x0, 0x8,
    0xff, 0xf8, 0x4f, 0xff, 0x30, 0x0, 0x0, 0x14,
    0xaf, 0xff, 0xf2, 0x4f, 0xff, 0xff, 0xff, 0xff,
    0xff, 0xff, 0xff, 0x70, 0x4f, 0xff, 0xff, 0xff,
    0xff, 0xff, 0xff, 0xe5, 0x0, 0x4f, 0xff, 0xff,
    0xff, 0xff, 0xdc, 0xa4, 0x0, 0x0,

    /* U+0043 "C" */
    0x0, 0x0, 0x0, 0x0, 0x25, 0x67, 0x64, 0x10,
    0x0, 0x0, 0x0, 0x0, 0x0, 0x0, 0x7d, 0xff,
    0xff, 0xff, 0xfb, 0x20, 0x0, 0x0, 0x0, 0x0,
    0x3e, 0xff, 0xff, 0xff, 0xff, 0xff, 0xf9, 0x10,
    0x0, 0x0, 0x5, 0xff, 0xff, 0xfb, 0x98, 0xbd,
    0xff, 0xff, 0xc0, 0x0, 0x0, 0x3f, 0xff, 0xf9,
    0x10, 0x0, 0x0, 0x5e, 0xff, 0xfa, 0x0, 0x0,
    0xef, 0xff, 0x50, 0x0, 0x0, 0x0, 0x2, 0xff,
    0xff, 0x30, 0x7, 0xff, 0xfa, 0x0, 0x0, 0x0,
    0x0, 0x0, 0x5f, 0xff, 0xa0, 0xe, 0xff, 0xf1,
    0x0, 0x0, 0x0, 0x0, 0x0, 0xf, 0xff, 0xe0,
    0x2f, 0xff, 0x90, 0x0, 0x0, 0x0, 0x0, 0x0,
    0x5, 0x77, 0x70, 0x6f, 0xff, 0x50, 0x0, 0x0,
    0x0, 0x0, 0x0, 0x0, 0x0, 0x0, 0x8f, 0xff,
    0x20, 0x0, 0x0, 0x0, 0x0, 0x0, 0x0, 0x0,
    0x0, 0x9f, 0xff, 0x10, 0x0, 0x0, 0x0, 0x0,
    0x0, 0x0, 0x0, 0x0, 0x9f, 0xff, 0x10, 0x0,
    0x0, 0x0, 0x0, 0x0, 0x0, 0x0, 0x0, 0x8f,
    0xff, 0x20, 0x0, 0x0, 0x0, 0x0, 0x0, 0x0,
    0x0, 0x0, 0x6f, 0xff, 0x50, 0x0, 0x0, 0x0,
    0x0, 0x0, 0x0, 0x0, 0x0, 0x2f, 0xff, 0xa0,
    0x0, 0x0, 0x0, 0x0, 0x0, 0x5, 0x88, 0x80,
    0xe, 0xff, 0xf2, 0x0, 0x0, 0x0, 0x0, 0x0,
    0xd, 0xff, 0xe0, 0x8, 0xff, 0xfb, 0x0, 0x0,
    0x0, 0x0, 0x0, 0x3f, 0xff, 0xa0, 0x1, 0xff,
    0xff, 0x60, 0x0, 0x0, 0x0, 0x1, 0xef, 0xff,
    0x30, 0x0, 0x6f, 0xff, 0xf9, 0x10, 0x0, 0x0,
    0x5e, 0xff, 0xfa, 0x0, 0x0, 0x8, 0xff, 0xff,
    0xfb, 0x98, 0xbe, 0xff, 0xff, 0xc1, 0x0, 0x0,
    0x0, 0x6f, 0xff, 0xff, 0xff, 0xff, 0xff, 0xf9,
    0x10, 0x0, 0x0, 0x0, 0x1, 0x9e, 0xff, 0xff,
    0xff, 0xfb, 0x20, 0x0, 0x0, 0x0, 0x0, 0x0,
    0x0, 0x35, 0x77, 0x64, 0x10, 0x0, 0x0, 0x0,

    /* U+0044 "D" */
    0x4f, 0xff, 0xff, 0xff, 0xfe, 0xda, 0x72, 0x0,
    0x0, 0x0, 0x4f, 0xff, 0xff, 0xff, 0xff, 0xff,
    0xff, 0xb3, 0x0, 0x0, 0x4f, 0xff, 0xff, 0xff,
    0xff, 0xff, 0xff, 0xff, 0x70, 0x0, 0x4f, 0xff,
    0x30, 0x0, 0x1, 0x37, 0xdf, 0xff, 0xf7, 0x0,
    0x4f, 0xff, 0x30, 0x0, 0x0, 0x0, 0x7, 0xff,
    0xff, 0x40, 0x4f, 0xff, 0x30, 0x0, 0x0, 0x0,
    0x0, 0x6f, 0xff, 0xc0, 0x4f, 0xff, 0x30, 0x0,
    0x0, 0x0, 0x0, 0xb, 0xff, 0xf3, 0x4f, 0xff,
    0x30, 0x0, 0x0, 0x0, 0x0, 0x4, 0xff, 0xf8,
    0x4f, 0xff, 0x30, 0x0, 0x0, 0x0, 0x0, 0x0,
    0xff, 0xfb, 0x4f, 0xff, 0x30, 0x0, 0x0, 0x0,
    0x0, 0x0, 0xdf, 0xfd, 0x4f, 0xff, 0x30, 0x0,
    0x0, 0x0, 0x0, 0x0, 0xbf, 0xfe, 0x4f, 0xff,
    0x30, 0x0, 0x0, 0x0, 0x0, 0x0, 0xbf, 0xfe,
    0x4f, 0xff, 0x30, 0x0, 0x0, 0x0, 0x0, 0x0,
    0xdf, 0xfd, 0x4f, 0xff, 0x30, 0x0, 0x0, 0x0,
    0x0, 0x0, 0xff, 0xfb, 0x4f, 0xff, 0x30, 0x0,
    0x0, 0x0, 0x0, 0x4, 0xff, 0xf7, 0x4f, 0xff,
    0x30, 0x0, 0x0, 0x0, 0x0, 0xb, 0xff, 0xf3,
    0x4f, 0xff, 0x30, 0x0, 0x0, 0x0, 0x0, 0x6f,
    0xff, 0xb0, 0x4f, 0xff, 0x30, 0x0, 0x0, 0x0,
    0x7, 0xff, 0xff, 0x30, 0x4f, 0xff, 0x30, 0x0,
    0x3, 0x58, 0xef, 0xff, 0xf6, 0x0, 0x4f, 0xff,
    0xff, 0xff, 0xff, 0xff, 0xff, 0xff, 0x60, 0x0,
    0x4f, 0xff, 0xff, 0xff, 0xff, 0xff, 0xff, 0xb3,
    0x0, 0x0, 0x4f, 0xff, 0xff, 0xff, 0xfe, 0xdb,
    0x72, 0x0, 0x0, 0x0,

    /* U+0045 "E" */
    0x4f, 0xff, 0xff, 0xff, 0xff, 0xff, 0xff, 0xfc,
    0x4, 0xff, 0xff, 0xff, 0xff, 0xff, 0xff, 0xff,
    0xc0, 0x4f, 0xff, 0xff, 0xff, 0xff, 0xff, 0xff,
    0xfb, 0x4, 0xff, 0xf3, 0x0, 0x0, 0x0, 0x0,
    0x0, 0x0, 0x4f, 0xff, 0x30, 0x0, 0x0, 0x0,
    0x0, 0x0, 0x4, 0xff, 0xf3, 0x0, 0x0, 0x0,
    0x0, 0x0, 0x0, 0x4f, 0xff, 0x30, 0x0, 0x0,
    0x0, 0x0, 0x0, 0x4, 0xff, 0xf3, 0x0, 0x0,
    0x0, 0x0, 0x0, 0x0, 0x4f, 0xff, 0x30, 0x0,
    0x0, 0x0, 0x0, 0x0, 0x4, 0xff, 0xff, 0xff,
    0xff, 0xff, 0xff, 0xff, 0x30, 0x4f, 0xff, 0xff,
    0xff, 0xff, 0xff, 0xff, 0xf3, 0x4, 0xff, 0xff,
    0xff, 0xff, 0xff, 0xff, 0xff, 0x30, 0x4f, 0xff,
    0x40, 0x0, 0x0, 0x0, 0x0, 0x0, 0x4, 0xff,
    0xf3, 0x0, 0x0, 0x0, 0x0, 0x0, 0x0, 0x4f,
    0xff, 0x30, 0x0, 0x0, 0x0, 0x0, 0x0, 0x4,
    0xff, 0xf3, 0x0, 0x0, 0x0, 0x0, 0x0, 0x0,
    0x4f, 0xff, 0x30, 0x0, 0x0, 0x0, 0x0, 0x0,
    0x4, 0xff, 0xf3, 0x0, 0x0, 0x0, 0x0, 0x0,
    0x0, 0x4f, 0xff, 0x30, 0x0, 0x0, 0x0, 0x0,
    0x0, 0x4, 0xff, 0xff, 0xff, 0xff, 0xff, 0xff,
    0xff, 0xf2, 0x4f, 0xff, 0xff, 0xff, 0xff, 0xff,
    0xff, 0xff, 0x24, 0xff, 0xff, 0xff, 0xff, 0xff,
    0xff, 0xff, 0xf2,

    /* U+0046 "F" */
    0x4f, 0xff, 0xff, 0xff, 0xff, 0xff, 0xff, 0xfb,
    0x4f, 0xff, 0xff, 0xff, 0xff, 0xff, 0xff, 0xfb,
    0x4f, 0xff, 0xff, 0xff, 0xff, 0xff, 0xff, 0xfb,
    0x4f, 0xff, 0x30, 0x0, 0x0, 0x0, 0x0, 0x0,
    0x4f, 0xff, 0x30, 0x0, 0x0, 0x0, 0x0, 0x0,
    0x4f, 0xff, 0x30, 0x0, 0x0, 0x0, 0x0, 0x0,
    0x4f, 0xff, 0x30, 0x0, 0x0, 0x0, 0x0, 0x0,
    0x4f, 0xff, 0x30, 0x0, 0x0, 0x0, 0x0, 0x0,
    0x4f, 0xff, 0x30, 0x0, 0x0, 0x0, 0x0, 0x0,
    0x4f, 0xff, 0xff, 0xff, 0xff, 0xff, 0xff, 0xf2,
    0x4f, 0xff, 0xff, 0xff, 0xff, 0xff, 0xff, 0xf2,
    0x4f, 0xff, 0xff, 0xff, 0xff, 0xff, 0xff, 0xf2,
    0x4f, 0xff, 0x30, 0x0, 0x0, 0x0, 0x0, 0x0,
    0x4f, 0xff, 0x30, 0x0, 0x0, 0x0, 0x0, 0x0,
    0x4f, 0xff, 0x30, 0x0, 0x0, 0x0, 0x0, 0x0,
    0x4f, 0xff, 0x30, 0x0, 0x0, 0x0, 0x0, 0x0,
    0x4f, 0xff, 0x30, 0x0, 0x0, 0x0, 0x0, 0x0,
    0x4f, 0xff, 0x30, 0x0, 0x0, 0x0, 0x0, 0x0,
    0x4f, 0xff, 0x30, 0x0, 0x0, 0x0, 0x0, 0x0,
    0x4f, 0xff, 0x30, 0x0, 0x0, 0x0, 0x0, 0x0,
    0x4f, 0xff, 0x30, 0x0, 0x0, 0x0, 0x0, 0x0,
    0x4f, 0xff, 0x30, 0x0, 0x0, 0x0, 0x0, 0x0,

    /* U+0047 "G" */
    0x0, 0x0, 0x0, 0x0, 0x15, 0x67, 0x65, 0x10,
    0x0, 0x0, 0x0, 0x0, 0x0, 0x6, 0xdf, 0xff,
    0xff, 0xff, 0xc4, 0x0, 0x0, 0x0, 0x0, 0x3d,
    0xff, 0xff, 0xff, 0xff, 0xff, 0xfc, 0x10, 0x0,
    0x0, 0x5f, 0xff, 0xff, 0xc9, 0x8a, 0xdf, 0xff,
    0xfd, 0x0, 0x0, 0x3f, 0xff, 0xfa, 0x10, 0x0,
    0x0, 0x3c, 0xff, 0xfb, 0x0, 0xd, 0xff, 0xf6,
    0x0, 0x0, 0x0, 0x0, 0xc, 0xff, 0xf4, 0x6,
    0xff, 0xf9, 0x0, 0x0, 0x0, 0x0, 0x0, 0x3f,
    0xff, 0x90, 0xdf, 0xff, 0x10, 0x0, 0x0, 0x0,
    0x0, 0x0, 0x66, 0x65, 0x2f, 0xff, 0x90, 0x0,
    0x0, 0x0, 0x0, 0x0, 0x0, 0x0, 0x6, 0xff,
    0xf5, 0x0, 0x0, 0x0, 0x0, 0x0, 0x0, 0x0,
    0x0, 0x7f, 0xff, 0x20, 0x0, 0x0, 0x0, 0x0,
    0x0, 0x0, 0x0, 0x9, 0xff, 0xf1, 0x0, 0x0,
    0x0, 0xdf, 0xff, 0xff, 0xff, 0xfe, 0x9f, 0xff,
    0x10, 0x0, 0x0, 0xd, 0xff, 0xff, 0xff, 0xff,
    0xe8, 0xff, 0xf2, 0x0, 0x0, 0x0, 0xdf, 0xff,
    0xff, 0xff, 0xfe, 0x6f, 0xff, 0x50, 0x0, 0x0,
    0x0, 0x0, 0x0, 0x5, 0xff, 0xe2, 0xff, 0xfa,
    0x0, 0x0, 0x0, 0x0, 0x0, 0x0, 0x8f, 0xfe,
    0xe, 0xff, 0xf2, 0x0, 0x0, 0x0, 0x0, 0x0,
    0xb, 0xff, 0xe0, 0x8f, 0xff, 0xb0, 0x0, 0x0,
    0x0, 0x0, 0x2, 0xff, 0xfe, 0x1, 0xff, 0xff,
    0x60, 0x0, 0x0, 0x0, 0x0, 0xcf, 0xff, 0xe0,
    0x5, 0xff, 0xff, 0x91, 0x0, 0x0, 0x3, 0xdf,
    0xff, 0xfe, 0x0, 0x8, 0xff, 0xff, 0xfb, 0x88,
    0xad, 0xff, 0xf9, 0xff, 0xe0, 0x0, 0x6, 0xff,
    0xff, 0xff, 0xff, 0xff, 0xf9, 0x2f, 0xfe, 0x0,
    0x0, 0x1, 0x9e, 0xff, 0xff, 0xff, 0xc4, 0x2,
    0xff, 0xe0, 0x0, 0x0, 0x0, 0x3, 0x57, 0x75,
    0x20, 0x0, 0x0, 0x0,

    /* U+0048 "H" */
    0x4f, 0xff, 0x30, 0x0, 0x0, 0x0, 0x0, 0xa,
    0xff, 0xe4, 0xff, 0xf3, 0x0, 0x0, 0x0, 0x0,
    0x0, 0xaf, 0xfe, 0x4f, 0xff, 0x30, 0x0, 0x0,
    0x0, 0x0, 0xa, 0xff, 0xe4, 0xff, 0xf3, 0x0,
    0x0, 0x0, 0x0, 0x0, 0xaf, 0xfe, 0x4f, 0xff,
    0x30, 0x0, 0x0, 0x0, 0x0, 0xa, 0xff, 0xe4,
    0xff, 0xf3, 0x0, 0x0, 0x0, 0x0, 0x0, 0xaf,
    0xfe, 0x4f, 0xff, 0x30, 0x0, 0x0, 0x0, 0x0,
    0xa, 0xff, 0xe4, 0xff, 0xf3, 0x0, 0x0, 0x0,
    0x0, 0x0, 0xaf, 0xfe, 0x4f, 0xff, 0x30, 0x0,
    0x0, 0x0, 0x0, 0xa, 0xff, 0xe4, 0xff, 0xff,
    0xff, 0xff, 0xff, 0xff, 0xff, 0xff, 0xfe, 0x4f,
    0xff, 0xff, 0xff, 0xff, 0xff, 0xff, 0xff, 0xff,
    0xe4, 0xff, 0xff, 0xff, 0xff, 0xff, 0xff, 0xff,
    0xff, 0xfe, 0x4f, 0xff, 0x30, 0x0, 0x0, 0x0,
    0x0, 0xa, 0xff, 0xe4, 0xff, 0xf3, 0x0, 0x0,
    0x0, 0x0, 0x0, 0xaf, 0xfe, 0x4f, 0xff, 0x30,
    0x0, 0x0, 0x0, 0x0, 0xa, 0xff, 0xe4, 0xff,
    0xf3, 0x0, 0x0, 0x0, 0x0, 0x0, 0xaf, 0xfe,
    0x4f, 0xff, 0x30, 0x0, 0x0, 0x0, 0x0, 0xa,
    0xff, 0xe4, 0xff, 0xf3, 0x0, 0x0, 0x0, 0x0,
    0x0, 0xaf, 0xfe, 0x4f, 0xff, 0x30, 0x0, 0x0,
    0x0, 0x0, 0xa, 0xff, 0xe4, 0xff, 0xf3, 0x0,
    0x0, 0x0, 0x0, 0x0, 0xaf, 0xfe, 0x4f, 0xff,
    0x30, 0x0, 0x0, 0x0, 0x0, 0xa, 0xff, 0xe4,
    0xff, 0xf3, 0x0, 0x0, 0x0, 0x0, 0x0, 0xaf,
    0xfe,

    /* U+0049 "I" */
    0x4f, 0xff, 0x34, 0xff, 0xf3, 0x4f, 0xff, 0x34,
    0xff, 0xf3, 0x4f, 0xff, 0x34, 0xff, 0xf3, 0x4f,
    0xff, 0x34, 0xff, 0xf3, 0x4f, 0xff, 0x34, 0xff,
    0xf3, 0x4f, 0xff, 0x34, 0xff, 0xf3, 0x4f, 0xff,
    0x34, 0xff, 0xf3, 0x4f, 0xff, 0x34, 0xff, 0xf3,
    0x4f, 0xff, 0x34, 0xff, 0xf3, 0x4f, 0xff, 0x34,
    0xff, 0xf3, 0x4f, 0xff, 0x34, 0xff, 0xf3,

    /* U+004A "J" */
    0x0, 0x0, 0x0, 0x0, 0x0, 0x9, 0xff, 0xf0,
    0x0, 0x0, 0x0, 0x0, 0x0, 0x9, 0xff, 0xf0,
    0x0, 0x0, 0x0, 0x0, 0x0, 0x9, 0xff, 0xf0,
    0x0, 0x0, 0x0, 0x0, 0x0, 0x9, 0xff, 0xf0,
    0x0, 0x0, 0x0, 0x0, 0x0, 0x9, 0xff, 0xf0,
    0x0, 0x0, 0x0, 0x0, 0x0, 0x9, 0xff, 0xf0,
    0x0, 0x0, 0x0, 0x0, 0x0, 0x9, 0xff, 0xf0,
    0x0, 0x0, 0x0, 0x0, 0x0, 0x9, 0xff, 0xf0,
    0x0, 0x0, 0x0, 0x0, 0x0, 0x9, 0xff, 0xf0,
    0x0, 0x0, 0x0, 0x0, 0x0, 0x9, 0xff, 0xf0,
    0x0, 0x0, 0x0, 0x0, 0x0, 0x9, 0xff, 0xf0,
    0x0, 0x0, 0x0, 0x0, 0x0, 0x9, 0xff, 0xf0,
    0x0, 0x0, 0x0, 0x0, 0x0, 0x9, 0xff, 0xf0,
    0x0, 0x0, 0x0, 0x0, 0x0, 0x9, 0xff, 0xf0,
    0x0, 0x0, 0x0, 0x0, 0x0, 0x9, 0xff, 0xf0,
    0x6f, 0xff, 0x20, 0x0, 0x0, 0xa, 0xff, 0xf0,
    0x4f, 0xff, 0x40, 0x0, 0x0, 0xb, 0xff, 0xe0,
    0x1f, 0xff, 0x90, 0x0, 0x0, 0x1f, 0xff, 0xb0,
    0xc, 0xff, 0xf4, 0x0, 0x0, 0xaf, 0xff, 0x60,
    0x3, 0xff, 0xff, 0xb8, 0x9d, 0xff, 0xfc, 0x0,
    0x0, 0x8f, 0xff, 0xff, 0xff, 0xff, 0xe2, 0x0,
    0x0, 0x4, 0xef, 0xff, 0xff, 0xf8, 0x0, 0x0,
    0x0, 0x0, 0x3, 0x67, 0x63, 0x0, 0x0, 0x0,

    /* U+004B "K" */
    0x4f, 0xff, 0x20, 0x0, 0x0, 0x0, 0x3f, 0xff,
    0xf5, 0x0, 0x4f, 0xff, 0x20, 0x0, 0x0, 0x3,
    0xef, 0xff, 0x50, 0x0, 0x4f, 0xff, 0x20, 0x0,
    0x0, 0x2e, 0xff, 0xf5, 0x0, 0x0, 0x4f, 0xff,
    0x20, 0x0, 0x2, 0xef, 0xff, 0x50, 0x0, 0x0,
    0x4f, 0xff, 0x20, 0x0, 0x2e, 0xff, 0xf5, 0x0,
    0x0, 0x0, 0x4f, 0xff, 0x20, 0x2, 0xef, 0xff,
    0x60, 0x0, 0x0, 0x0, 0x4f, 0xff, 0x20, 0x1e,
    0xff, 0xf6, 0x0, 0x0, 0x0, 0x0, 0x4f, 0xff,
    0x21, 0xdf, 0xff, 0x60, 0x0, 0x0, 0x0, 0x0,
    0x4f, 0xff, 0x4d, 0xff, 0xf6, 0x0, 0x0, 0x0,
    0x0, 0x0, 0x4f, 0xff, 0xef, 0xff, 0x90, 0x0,
    0x0, 0x0, 0x0, 0x0, 0x4f, 0xff, 0xff, 0xff,
    0xf3, 0x0, 0x0, 0x0, 0x0, 0x0, 0x4f, 0xff,
    0xff, 0xff, 0xfe, 0x10, 0x0, 0x0, 0x0, 0x0,
    0x4f, 0xff, 0xf7, 0xaf, 0xff, 0xd1, 0x0, 0x0,
    0x0, 0x0, 0x4f, 0xff, 0x70, 0xc, 0xff, 0xfb,
    0x0, 0x0, 0x0, 0x0, 0x4f, 0xff, 0x20, 0x1,
    0xdf, 0xff, 0xa0, 0x0, 0x0, 0x0, 0x4f, 0xff,
    0x20, 0x0, 0x2e, 0xff, 0xf8, 0x0, 0x0, 0x0,
    0x4f, 0xff, 0x20, 0x0, 0x4, 0xff, 0xff, 0x60,
    0x0, 0x0, 0x4f, 0xff, 0x20, 0x0, 0x0, 0x6f,
    0xff, 0xf4, 0x0, 0x0, 0x4f, 0xff, 0x20, 0x0,
    0x0, 0x8, 0xff, 0xff, 0x30, 0x0, 0x4f, 0xff,
    0x20, 0x0, 0x0, 0x0, 0xaf, 0xff, 0xe1, 0x0,
    0x4f, 0xff, 0x20, 0x0, 0x0, 0x0, 0xc, 0xff,
    0xfd, 0x10, 0x4f, 0xff, 0x20, 0x0, 0x0, 0x0,
    0x1, 0xdf, 0xff, 0xc0,

    /* U+004C "L" */
    0x4f, 0xff, 0x30, 0x0, 0x0, 0x0, 0x0, 0x0,
    0x4f, 0xff, 0x30, 0x0, 0x0, 0x0, 0x0, 0x0,
    0x4f, 0xff, 0x30, 0x0, 0x0, 0x0, 0x0, 0x0,
    0x4f, 0xff, 0x30, 0x0, 0x0, 0x0, 0x0, 0x0,
    0x4f, 0xff, 0x30, 0x0, 0x0, 0x0, 0x0, 0x0,
    0x4f, 0xff, 0x30, 0x0, 0x0, 0x0, 0x0, 0x0,
    0x4f, 0xff, 0x30, 0x0, 0x0, 0x0, 0x0, 0x0,
    0x4f, 0xff, 0x30, 0x0, 0x0, 0x0, 0x0, 0x0,
    0x4f, 0xff, 0x30, 0x0, 0x0, 0x0, 0x0, 0x0,
    0x4f, 0xff, 0x30, 0x0, 0x0, 0x0, 0x0, 0x0,
    0x4f, 0xff, 0x30, 0x0, 0x0, 0x0, 0x0, 0x0,
    0x4f, 0xff, 0x30, 0x0, 0x0, 0x0, 0x0, 0x0,
    0x4f, 0xff, 0x30, 0x0, 0x0, 0x0, 0x0, 0x0,
    0x4f, 0xff, 0x30, 0x0, 0x0, 0x0, 0x0, 0x0,
    0x4f, 0xff, 0x30, 0x0, 0x0, 0x0, 0x0, 0x0,
    0x4f, 0xff, 0x30, 0x0, 0x0, 0x0, 0x0, 0x0,
    0x4f, 0xff, 0x30, 0x0, 0x0, 0x0, 0x0, 0x0,
    0x4f, 0xff, 0x30, 0x0, 0x0, 0x0, 0x0, 0x0,
    0x4f, 0xff, 0x30, 0x0, 0x0, 0x0, 0x0, 0x0,
    0x4f, 0xff, 0xff, 0xff, 0xff, 0xff, 0xff, 0xfb,
    0x4f, 0xff, 0xff, 0xff, 0xff, 0xff, 0xff, 0xfb,
    0x4f, 0xff, 0xff, 0xff, 0xff, 0xff, 0xff, 0xfb,

    /* U+004D "M" */
    0x4f, 0xff, 0xff, 0x70, 0x0, 0x0, 0x0, 0x0,
    0x0, 0x1, 0xff, 0xff, 0xfa, 0x4f, 0xff, 0xff,
    0xd0, 0x0, 0x0, 0x0, 0x0, 0x0, 0x7, 0xff,
    0xff, 0xfa, 0x4f, 0xff, 0xff, 0xf3, 0x0, 0x0,
    0x0, 0x0, 0x0, 0xd, 0xff, 0xff, 0xfa, 0x4f,
    0xff, 0xef, 0xf9, 0x0, 0x0, 0x0, 0x0, 0x0,
    0x3f, 0xff, 0xef, 0xfa, 0x4f, 0xff, 0x9f, 0xff,
    0x0, 0x0, 0x0, 0x0, 0x0, 0x9f, 0xfc, 0xcf,
    0xfa, 0x4f, 0xff, 0x3f, 0xff, 0x50, 0x0, 0x0,
    0x0, 0x0, 0xef, 0xf6, 0xcf, 0xfa, 0x4f, 0xff,
    0x1b, 0xff, 0xc0, 0x0, 0x0, 0x0, 0x5, 0xff,
    0xf1, 0xcf, 0xfa, 0x4f, 0xff, 0x15, 0xff, 0xf2,
    0x0, 0x0, 0x0, 0xb, 0xff, 0xb0, 0xcf, 0xfa,
    0x4f, 0xff, 0x10, 0xff, 0xf8, 0x0, 0x0, 0x0,
    0x1f, 0xff, 0x50, 0xcf, 0xfa, 0x4f, 0xff, 0x10,
    0x9f, 0xfe, 0x0, 0x0, 0x0, 0x7f, 0xfe, 0x0,
    0xcf, 0xfa, 0x4f, 0xff, 0x10, 0x3f, 0xff, 0x40,
    0x0, 0x0, 0xdf, 0xf9, 0x0, 0xcf, 0xfa, 0x4f,
    0xff, 0x10, 0xd, 0xff, 0xa0, 0x0, 0x2, 0xff,
    0xf3, 0x0, 0xcf, 0xfa, 0x4f, 0xff, 0x10, 0x7,
    0xff, 0xf1, 0x0, 0x8, 0xff, 0xd0, 0x0, 0xcf,
    0xfa, 0x4f, 0xff, 0x10, 0x1, 0xff, 0xf6, 0x0,
    0xe, 0xff, 0x70, 0x0, 0xcf, 0xfa, 0x4f, 0xff,
    0x10, 0x0, 0xbf, 0xfc, 0x0, 0x4f, 0xff, 0x10,
    0x0, 0xcf, 0xfa, 0x4f, 0xff, 0x10, 0x0, 0x5f,
    0xff, 0x30, 0xaf, 0xfb, 0x0, 0x0, 0xcf, 0xfa,
    0x4f, 0xff, 0x10, 0x0, 0xe, 0xff, 0x91, 0xff,
    0xf5, 0x0, 0x0, 0xcf, 0xfa, 0x4f, 0xff, 0x10,
    0x0, 0x8, 0xff, 0xe6, 0xff, 0xf0, 0x0, 0x0,
    0xcf, 0xfa, 0x4f, 0xff, 0x10, 0x0, 0x2, 0xff,
    0xfe, 0xff, 0xa0, 0x0, 0x0, 0xcf, 0xfa, 0x4f,
    0xff, 0x10, 0x0, 0x0, 0xcf, 0xff, 0xff, 0x40,
    0x0, 0x0, 0xcf, 0xfa, 0x4f, 0xff, 0x10, 0x0,
    0x0, 0x6f, 0xff, 0xfe, 0x0, 0x0, 0x0, 0xcf,
    0xfa, 0x4f, 0xff, 0x10, 0x0, 0x0, 0x1f, 0xff,
    0xf8, 0x0, 0x0, 0x0, 0xcf, 0xfa,

    /* U+004E "N" */
    0x4f, 0xff, 0xff, 0x50, 0x0, 0x0, 0x0, 0x0,
    0x8f, 0xff, 0x4, 0xff, 0xff, 0xfe, 0x0, 0x0,
    0x0, 0x0, 0x8, 0xff, 0xf0, 0x4f, 0xff, 0xff,
    0xf8, 0x0, 0x0, 0x0, 0x0, 0x8f, 0xff, 0x4,
    0xff, 0xfe, 0xff, 0xf2, 0x0, 0x0, 0x0, 0x8,
    0xff, 0xf0, 0x4f, 0xff, 0x6f, 0xff, 0xb0, 0x0,
    0x0, 0x0, 0x8f, 0xff, 0x4, 0xff, 0xf3, 0x9f,
    0xff, 0x40, 0x0, 0x0, 0x8, 0xff, 0xf0, 0x4f,
    0xff, 0x31, 0xef, 0xfd, 0x0, 0x0, 0x0, 0x8f,
    0xff, 0x4, 0xff, 0xf3, 0x6, 0xff, 0xf7, 0x0,
    0x0, 0x8, 0xff, 0xf0, 0x4f, 0xff, 0x30, 0xc,
    0xff, 0xf1, 0x0, 0x0, 0x8f, 0xff, 0x4, 0xff,
    0xf3, 0x0, 0x3f, 0xff, 0xa0, 0x0, 0x8, 0xff,
    0xf0, 0x4f, 0xff, 0x30, 0x0, 0x9f, 0xff, 0x40,
    0x0, 0x8f, 0xff, 0x4, 0xff, 0xf3, 0x0, 0x1,
    0xef, 0xfd, 0x0, 0x8, 0xff, 0xf0, 0x4f, 0xff,
    0x30, 0x0, 0x6, 0xff, 0xf7, 0x0, 0x8f, 0xff,
    0x4, 0xff, 0xf3, 0x0, 0x0, 0xc, 0xff, 0xf1,
    0x8, 0xff, 0xf0, 0x4f, 0xff, 0x30, 0x0, 0x0,
    0x3f, 0xff, 0xa0, 0x8f, 0xff, 0x4, 0xff, 0xf3,
    0x0, 0x0, 0x0, 0x9f, 0xff, 0x38, 0xff, 0xf0,
    0x4f, 0xff, 0x30, 0x0, 0x0, 0x1, 0xff, 0xfd,
    0x8f, 0xff, 0x4, 0xff, 0xf3, 0x0, 0x0, 0x0,
    0x6, 0xff, 0xfe, 0xff, 0xf0, 0x4f, 0xff, 0x30,
    0x0, 0x0, 0x0, 0xd, 0xff, 0xff, 0xff, 0x4,
    0xff, 0xf3, 0x0, 0x0, 0x0, 0x0, 0x3f, 0xff,
    0xff, 0xf0, 0x4f, 0xff, 0x30, 0x0, 0x0, 0x0,
    0x0, 0xaf, 0xff, 0xff, 0x4, 0xff, 0xf3, 0x0,
    0x0, 0x0, 0x0, 0x1, 0xff, 0xff, 0xf0,

    /* U+004F "O" */
    0x0, 0x0, 0x0, 0x0, 0x25, 0x67, 0x53, 0x0,
    0x0, 0x0, 0x0, 0x0, 0x0, 0x0, 0x7, 0xdf,
    0xff, 0xff, 0xff, 0x92, 0x0, 0x0, 0x0, 0x0,
    0x0, 0x4e, 0xff, 0xff, 0xff, 0xff, 0xff, 0xf8,
    0x0, 0x0, 0x0, 0x0, 0x5f, 0xff, 0xff, 0xb9,
    0x8a, 0xef, 0xff, 0xfa, 0x0, 0x0, 0x0, 0x3f,
    0xff, 0xf8, 0x10, 0x0, 0x0, 0x5e, 0xff, 0xf8,
    0x0, 0x0, 0xe, 0xff, 0xf5, 0x0, 0x0, 0x0,
    0x0, 0x2d, 0xff, 0xf4, 0x0, 0x6, 0xff, 0xfa,
    0x0, 0x0, 0x0, 0x0, 0x0, 0x4f, 0xff, 0xc0,
    0x0, 0xdf, 0xff, 0x20, 0x0, 0x0, 0x0, 0x0,
    0x0, 0xbf, 0xff, 0x30, 0x2f, 0xff, 0x90, 0x0,
    0x0, 0x0, 0x0, 0x0, 0x3, 0xff, 0xf8, 0x6,
    0xff, 0xf5, 0x0, 0x0, 0x0, 0x0, 0x0, 0x0,
    0xf, 0xff, 0xc0, 0x7f, 0xff, 0x20, 0x0, 0x0,
    0x0, 0x0, 0x0, 0x0, 0xcf, 0xfe, 0x9, 0xff,
    0xf1, 0x0, 0x0, 0x0, 0x0, 0x0, 0x0, 0xb,
    0xff, 0xf0, 0x9f, 0xff, 0x10, 0x0, 0x0, 0x0,
    0x0, 0x0, 0x0, 0xbf, 0xff, 0x8, 0xff, 0xf2,
    0x0, 0x0, 0x0, 0x0, 0x0, 0x0, 0xc, 0xff,
    0xe0, 0x6f, 0xff, 0x50, 0x0, 0x0, 0x0, 0x0,
    0x0, 0x0, 0xef, 0xfc, 0x2, 0xff, 0xf9, 0x0,
    0x0, 0x0, 0x0, 0x0, 0x0, 0x3f, 0xff, 0x80,
    0xe, 0xff, 0xf1, 0x0, 0x0, 0x0, 0x0, 0x0,
    0xa, 0xff, 0xf4, 0x0, 0x7f, 0xff, 0x90, 0x0,
    0x0, 0x0, 0x0, 0x3, 0xff, 0xfd, 0x0, 0x0,
    0xef, 0xff, 0x40, 0x0, 0x0, 0x0, 0x1, 0xdf,
    0xff, 0x50, 0x0, 0x4, 0xff, 0xff, 0x70, 0x0,
    0x0, 0x4, 0xdf, 0xff, 0x90, 0x0, 0x0, 0x6,
    0xff, 0xff, 0xfa, 0x88, 0x9d, 0xff, 0xff, 0xb0,
    0x0, 0x0, 0x0, 0x4, 0xef, 0xff, 0xff, 0xff,
    0xff, 0xff, 0x80, 0x0, 0x0, 0x0, 0x0, 0x0,
    0x8e, 0xff, 0xff, 0xff, 0xfa, 0x20, 0x0, 0x0,
    0x0, 0x0, 0x0, 0x0, 0x2, 0x57, 0x76, 0x40,
    0x0, 0x0, 0x0, 0x0,

    /* U+0050 "P" */
    0x4f, 0xff, 0xff, 0xff, 0xff, 0xec, 0xa5, 0x0,
    0x0, 0x4f, 0xff, 0xff, 0xff, 0xff, 0xff, 0xff,
    0xe5, 0x0, 0x4f, 0xff, 0xff, 0xff, 0xff, 0xff,
    0xff, 0xff, 0x40, 0x4f, 0xff, 0x30, 0x0, 0x0,
    0x13, 0xaf, 0xff, 0xe1, 0x4f, 0xff, 0x30, 0x0,
    0x0, 0x0, 0x9, 0xff, 0xf6, 0x4f, 0xff, 0x30,
    0x0, 0x0, 0x0, 0x2, 0xff, 0xf9, 0x4f, 0xff,
    0x30, 0x0, 0x0, 0x0, 0x0, 0xff, 0xfa, 0x4f,
    0xff, 0x30, 0x0, 0x0, 0x0, 0x2, 0xff, 0xf9,
    0x4f, 0xff, 0x30, 0x0, 0x0, 0x0, 0x9, 0xff,
    0xf6, 0x4f, 0xff, 0x30, 0x0, 0x0, 0x13, 0xaf,
    0xff, 0xf1, 0x4f, 0xff, 0xff, 0xff, 0xff, 0xff,
    0xff, 0xff, 0x60, 0x4f, 0xff, 0xff, 0xff, 0xff,
    0xff, 0xff, 0xe5, 0x0, 0x4f, 0xff, 0xff, 0xff,
    0xff, 0xec, 0xa5, 0x0, 0x0, 0x4f, 0xff, 0x30,
    0x0, 0x0, 0x0, 0x0, 0x0, 0x0, 0x4f, 0xff,
    0x30, 0x0, 0x0, 0x0, 0x0, 0x0, 0x0, 0x4f,
    0xff, 0x30, 0x0, 0x0, 0x0, 0x0, 0x0, 0x0,
    0x4f, 0xff, 0x30, 0x0, 0x0, 0x0, 0x0, 0x0,
    0x0, 0x4f, 0xff, 0x30, 0x0, 0x0, 0x0, 0x0,
    0x0, 0x0, 0x4f, 0xff, 0x30, 0x0, 0x0, 0x0,
    0x0, 0x0, 0x0, 0x4f, 0xff, 0x30, 0x0, 0x0,
    0x0, 0x0, 0x0, 0x0, 0x4f, 0xff, 0x30, 0x0,
    0x0, 0x0, 0x0, 0x0, 0x0, 0x4f, 0xff, 0x30,
    0x0, 0x0, 0x0, 0x0, 0x0, 0x0,

    /* U+0051 "Q" */
    0x0, 0x0, 0x0, 0x0, 0x25, 0x67, 0x53, 0x0,
    0x0, 0x0, 0x0, 0x0, 0x0, 0x0, 0x7, 0xdf,
    0xff, 0xff, 0xff, 0xa2, 0x0, 0x0, 0x0, 0x0,
    0x0, 0x4e, 0xff, 0xff, 0xff, 0xff, 0xff, 0xf8,
    0x0, 0x0, 0x0, 0x0, 0x5f, 0xff, 0xff, 0xb9,
    0x8a, 0xef, 0xff, 0xfa, 0x0, 0x0, 0x0, 0x3f,
    0xff, 0xf8, 0x10, 0x0, 0x0, 0x5e, 0xff, 0xf8,
    0x0, 0x0, 0xe, 0xff, 0xf5, 0x0, 0x0, 0x0,
    0x0, 0x2d, 0xff, 0xf4, 0x0, 0x6, 0xff, 0xfa,
    0x0, 0x0, 0x0, 0x0, 0x0, 0x4f, 0xff, 0xc0,
    0x0, 0xdf, 0xff, 0x20, 0x0, 0x0, 0x0, 0x0,
    0x0, 0xbf, 0xff, 0x30, 0x2f, 0xff, 0x90, 0x0,
    0x0, 0x0, 0x0, 0x0, 0x3, 0xff, 0xf8, 0x6,
    0xff, 0xf5, 0x0, 0x0, 0x0, 0x0, 0x0, 0x0,
    0xf, 0xff, 0xc0, 0x7f, 0xff, 0x20, 0x0, 0x0,
    0x0, 0x0, 0x0, 0x0, 0xcf, 0xfe, 0x9, 0xff,
    0xf1, 0x0, 0x0, 0x0, 0x0, 0x0, 0x0, 0xb,
    0xff, 0xf0, 0x9f, 0xff, 0x10, 0x0, 0x0, 0x0,
    0x0, 0x0, 0x0, 0xbf, 0xff, 0x8, 0xff, 0xf2,
    0x0, 0x0, 0x0, 0x0, 0x0, 0x0, 0xe, 0xff,
    0xe0, 0x6f, 0xff, 0x50, 0x0, 0x0, 0x0, 0x0,
    0x0, 0x0, 0xff, 0xfc, 0x2, 0xff, 0xf9, 0x0,
    0x0, 0x0, 0x1, 0xa2, 0x0, 0x3f, 0xff, 0x80,
    0xe, 0xff, 0xf1, 0x0, 0x0, 0x2, 0xdf, 0xd1,
    0xa, 0xff, 0xf3, 0x0, 0x7f, 0xff, 0x90, 0x0,
    0x0, 0x4f, 0xff, 0xd4, 0xff, 0xfd, 0x0, 0x0,
    0xef, 0xff, 0x40, 0x0, 0x0, 0x5f, 0xff, 0xff,
    0xff, 0x40, 0x0, 0x4, 0xff, 0xff, 0x70, 0x0,
    0x0, 0x7f, 0xff, 0xff, 0x90, 0x0, 0x0, 0x6,
    0xff, 0xff, 0xfa, 0x88, 0x9d, 0xff, 0xff, 0xe0,
    0x0, 0x0, 0x0, 0x4, 0xef, 0xff, 0xff, 0xff,
    0xff, 0xff, 0xff, 0x70, 0x0, 0x0, 0x0, 0x0,
    0x8e, 0xff, 0xff, 0xff, 0xe9, 0xbf, 0xff, 0x60,
    0x0, 0x0, 0x0, 0x0, 0x2, 0x57, 0x75, 0x30,
    0x0, 0xcf, 0xf6, 0x0, 0x0, 0x0, 0x0, 0x0,
    0x0, 0x0, 0x0, 0x0, 0x1, 0xc3, 0x0, 0x0,
    0x0, 0x0, 0x0, 0x0, 0x0, 0x0, 0x0, 0x0,
    0x0, 0x0, 0x0,

    /* U+0052 "R" */
    0x4f, 0xff, 0xff, 0xff, 0xff, 0xfd, 0xb7, 0x10,
    0x0, 0x4f, 0xff, 0xff, 0xff, 0xff, 0xff, 0xff,
    0xf6, 0x0, 0x4f, 0xff, 0xff, 0xff, 0xff, 0xff,
    0xff, 0xff, 0x50, 0x4f, 0xff, 0x30, 0x0, 0x0,
    0x14, 0xbf, 0xff, 0xf1, 0x4f, 0xff, 0x30, 0x0,
    0x0, 0x0, 0xb, 0xff, 0xf5, 0x4f, 0xff, 0x30,
    0x0, 0x0, 0x0, 0x4, 0xff, 0xf7, 0x4f, 0xff,
    0x30, 0x0, 0x0, 0x0, 0x2, 0xff, 0xf6, 0x4f,
    0xff, 0x30, 0x0, 0x0, 0x0, 0x5, 0xff, 0xf3,
    0x4f, 0xff, 0x30, 0x0, 0x0, 0x0, 0xc, 0xff,
    0xc0, 0x4f, 0xff, 0x40, 0x0, 0x0, 0x25, 0xcf,
    0xff, 0x30, 0x4f, 0xff, 0xff, 0xff, 0xff, 0xff,
    0xff, 0xd2, 0x0, 0x4f, 0xff, 0xff, 0xff, 0xff,
    0xff, 0xfc, 0x30, 0x0, 0x4f, 0xff, 0xff, 0xff,
    0xff, 0xff, 0xff, 0xf8, 0x0, 0x4f, 0xff, 0x30,
    0x0, 0x0, 0x15, 0xdf, 0xff, 0x50, 0x4f, 0xff,
    0x30, 0x0, 0x0, 0x0, 0x1f, 0xff, 0xd0, 0x4f,
    0xff, 0x30, 0x0, 0x0, 0x0, 0xa, 0xff, 0xf0,
    0x4f, 0xff, 0x30, 0x0, 0x0, 0x0, 0x8, 0xff,
    0xf1, 0x4f, 0xff, 0x30, 0x0, 0x0, 0x0, 0x7,
    0xff, 0xf1, 0x4f, 0xff, 0x30, 0x0, 0x0, 0x0,
    0x7, 0xff, 0xf1, 0x4f, 0xff, 0x30, 0x0, 0x0,
    0x0, 0x7, 0xff, 0xf1, 0x4f, 0xff, 0x30, 0x0,
    0x0, 0x0, 0x7, 0xff, 0xf1, 0x4f, 0xff, 0x30,
    0x0, 0x0, 0x0, 0x7, 0xff, 0xf1,

    /* U+0053 "S" */
    0x0, 0x0, 0x0, 0x14, 0x67, 0x52, 0x0, 0x0,
    0x0, 0x0, 0x0, 0x5, 0xdf, 0xff, 0xff, 0xff,
    0xa2, 0x0, 0x0, 0x0, 0x2d, 0xff, 0xff, 0xff,
    0xff, 0xff, 0xf7, 0x0, 0x0, 0x1e, 0xff, 0xff,
    0xb8, 0x8a, 0xef, 0xff, 0xf5, 0x0, 0x9, 0xff,
    0xf9, 0x10, 0x0, 0x0, 0x6f, 0xff, 0xf2, 0x0,
    0xff, 0xfc, 0x0, 0x0, 0x0, 0x0, 0x7f, 0xff,
    0x80, 0x2f, 0xff, 0x80, 0x0, 0x0, 0x0, 0x0,
    0xff, 0xfc, 0x0, 0xff, 0xfa, 0x0, 0x0, 0x0,
    0x0, 0x5, 0x77, 0x60, 0xd, 0xff, 0xf5, 0x0,
    0x0, 0x0, 0x0, 0x0, 0x0, 0x0, 0x6f, 0xff,
    0xfc, 0x73, 0x0, 0x0, 0x0, 0x0, 0x0, 0x0,
    0xaf, 0xff, 0xff, 0xff, 0xc8, 0x40, 0x0, 0x0,
    0x0, 0x0, 0x7f, 0xff, 0xff, 0xff, 0xff, 0xfa,
    0x20, 0x0, 0x0, 0x0, 0x17, 0xcf, 0xff, 0xff,
    0xff, 0xff, 0x60, 0x0, 0x0, 0x0, 0x0, 0x4,
    0x7a, 0xef, 0xff, 0xff, 0x30, 0x0, 0x0, 0x0,
    0x0, 0x0, 0x0, 0x4c, 0xff, 0xfd, 0x4, 0x55,
    0x30, 0x0, 0x0, 0x0, 0x0, 0xc, 0xff, 0xf1,
    0xdf, 0xfe, 0x0, 0x0, 0x0, 0x0, 0x0, 0x6f,
    0xff, 0x4a, 0xff, 0xf3, 0x0, 0x0, 0x0, 0x0,
    0x6, 0xff, 0xf4, 0x5f, 0xff, 0xd0, 0x0, 0x0,
    0x0, 0x0, 0xbf, 0xff, 0x10, 0xdf, 0xff, 0xc3,
    0x0, 0x0, 0x1, 0x9f, 0xff, 0xa0, 0x3, 0xff,
    0xff, 0xfc, 0xa8, 0x8a, 0xff, 0xff, 0xe1, 0x0,
    0x3, 0xcf, 0xff, 0xff, 0xff, 0xff, 0xff, 0xd2,
    0x0, 0x0, 0x0, 0x5d, 0xff, 0xff, 0xff, 0xfe,
    0x70, 0x0, 0x0, 0x0, 0x0, 0x2, 0x56, 0x76,
    0x52, 0x0, 0x0, 0x0,

    /* U+0054 "T" */
    0xbf, 0xff, 0xff, 0xff, 0xff, 0xff, 0xff, 0xff,
    0xff, 0xf0, 0xbf, 0xff, 0xff, 0xff, 0xff, 0xff,
    0xff, 0xff, 0xff, 0xf0, 0xbf, 0xff, 0xff, 0xff,
    0xff, 0xff, 0xff, 0xff, 0xff, 0xf0, 0x0, 0x0,
    0x0, 0x1, 0xff, 0xf6, 0x0, 0x0, 0x0, 0x0,
    0x0, 0x0, 0x0, 0x1, 0xff, 0xf6, 0x0, 0x0,
    0x0, 0x0, 0x0, 0x0, 0x0, 0x1, 0xff, 0xf6,
    0x0, 0x0, 0x0, 0x0, 0x0, 0x0, 0x0, 0x1,
    0xff, 0xf6, 0x0, 0x0, 0x0, 0x0, 0x0, 0x0,
    0x0, 0x1, 0xff, 0xf6, 0x0, 0x0, 0x0, 0x0,
    0x0, 0x0, 0x0, 0x1, 0xff, 0xf6, 0x0, 0x0,
    0x0, 0x0, 0x0, 0x0, 0x0, 0x1, 0xff, 0xf6,
    0x0, 0x0, 0x0, 0x0, 0x0, 0x0, 0x0, 0x1,
    0xff, 0xf6, 0x0, 0x0, 0x0, 0x0, 0x0, 0x0,
    0x0, 0x1, 0xff, 0xf6, 0x0, 0x0, 0x0, 0x0,
    0x0, 0x0, 0x0, 0x1, 0xff, 0xf6, 0x0, 0x0,
    0x0, 0x0, 0x0, 0x0, 0x0, 0x1, 0xff, 0xf6,
    0x0, 0x0, 0x0, 0x0, 0x0, 0x0, 0x0, 0x1,
    0xff, 0xf6, 0x0, 0x0, 0x0, 0x0, 0x0, 0x0,
    0x0, 0x1, 0xff, 0xf6, 0x0, 0x0, 0x0, 0x0,
    0x0, 0x0, 0x0, 0x1, 0xff, 0xf6, 0x0, 0x0,
    0x0, 0x0, 0x0, 0x0, 0x0, 0x1, 0xff, 0xf6,
    0x0, 0x0, 0x0, 0x0, 0x0, 0x0, 0x0, 0x1,
    0xff, 0xf6, 0x0, 0x0, 0x0, 0x0, 0x0, 0x0,
    0x0, 0x1, 0xff, 0xf6, 0x0, 0x0, 0x0, 0x0,
    0x0, 0x0, 0x0, 0x1, 0xff, 0xf6, 0x0, 0x0,
    0x0, 0x0, 0x0, 0x0, 0x0, 0x1, 0xff, 0xf6,
    0x0, 0x0, 0x0, 0x0,

    /* U+0055 "U" */
    0x8f, 0xff, 0x0, 0x0, 0x0, 0x0, 0x0, 0x8f,
    0xff, 0x8f, 0xff, 0x0, 0x0, 0x0, 0x0, 0x0,
    0x8f, 0xff, 0x8f, 0xff, 0x0, 0x0, 0x0, 0x0,
    0x0, 0x8f, 0xff, 0x8f, 0xff, 0x0, 0x0, 0x0,
    0x0, 0x0, 0x8f, 0xff, 0x8f, 0xff, 0x0, 0x0,
    0x0, 0x0, 0x0, 0x8f, 0xff, 0x8f, 0xff, 0x0,
    0x0, 0x0, 0x0, 0x0, 0x8f, 0xff, 0x8f, 0xff,
    0x0, 0x0, 0x0, 0x0, 0x0, 0x8f, 0xff, 0x8f,
    0xff, 0x0, 0x0, 0x0, 0x0, 0x0, 0x8f, 0xff,
    0x8f, 0xff, 0x0, 0x0, 0x0, 0x0, 0x0, 0x8f,
    0xff, 0x8f, 0xff, 0x0, 0x0, 0x0, 0x0, 0x0,
    0x8f, 0xff, 0x8f, 0xff, 0x0, 0x0, 0x0, 0x0,
    0x0, 0x8f, 0xff, 0x8f, 0xff, 0x0, 0x0, 0x0,
    0x0, 0x0, 0x8f, 0xff, 0x8f, 0xff, 0x0, 0x0,
    0x0, 0x0, 0x0, 0x8f, 0xff, 0x8f, 0xff, 0x10,
    0x0, 0x0, 0x0, 0x0, 0x9f, 0xff, 0x7f, 0xff,
    0x30, 0x0, 0x0, 0x0, 0x0, 0xbf, 0xfe, 0x6f,
    0xff, 0x40, 0x0, 0x0, 0x0, 0x0, 0xdf, 0xfd,
    0x2f, 0xff, 0xa0, 0x0, 0x0, 0x0, 0x3, 0xff,
    0xf9, 0xd, 0xff, 0xf2, 0x0, 0x0, 0x0, 0xa,
    0xff, 0xf5, 0x6, 0xff, 0xfe, 0x30, 0x0, 0x0,
    0x9f, 0xff, 0xd0, 0x0, 0xcf, 0xff, 0xfc, 0x98,
    0xbe, 0xff, 0xff, 0x40, 0x0, 0x1c, 0xff, 0xff,
    0xff, 0xff, 0xff, 0xf5, 0x0, 0x0, 0x0, 0x6e,
    0xff, 0xff, 0xff, 0xfa, 0x20, 0x0, 0x0, 0x0,
    0x0, 0x25, 0x77, 0x64, 0x0, 0x0, 0x0,

    /* U+0056 "V" */
    0xaf, 0xff, 0x30, 0x0, 0x0, 0x0, 0x0, 0x0,
    0x5, 0xff, 0xf7, 0x4f, 0xff, 0x90, 0x0, 0x0,
    0x0, 0x0, 0x0, 0xb, 0xff, 0xf1, 0xe, 0xff,
    0xf0, 0x0, 0x0, 0x0, 0x0, 0x0, 0x1f, 0xff,
    0xa0, 0x8, 0xff, 0xf5, 0x0, 0x0, 0x0, 0x0,
    0x0, 0x7f, 0xff, 0x40, 0x2, 0xff, 0xfb, 0x0,
    0x0, 0x0, 0x0, 0x0, 0xdf, 0xfe, 0x0, 0x0,
    0xbf, 0xff, 0x10, 0x0, 0x0, 0x0, 0x3, 0xff,
    0xf7, 0x0, 0x0, 0x5f, 0xff, 0x70, 0x0, 0x0,
    0x0, 0x9, 0xff, 0xf1, 0x0, 0x0, 0xf, 0xff,
    0xd0, 0x0, 0x0, 0x0, 0xe, 0xff, 0xb0, 0x0,
    0x0, 0x9, 0xff, 0xf3, 0x0, 0x0, 0x0, 0x4f,
    0xff, 0x50, 0x0, 0x0, 0x3, 0xff, 0xf8, 0x0,
    0x0, 0x0, 0xaf, 0xfe, 0x0, 0x0, 0x0, 0x0,
    0xdf, 0xfe, 0x0, 0x0, 0x1, 0xff, 0xf8, 0x0,
    0x0, 0x0, 0x0, 0x6f, 0xff, 0x40, 0x0, 0x6,
    0xff, 0xf2, 0x0, 0x0, 0x0, 0x0, 0x1f, 0xff,
    0xa0, 0x0, 0xc, 0xff, 0xc0, 0x0, 0x0, 0x0,
    0x0, 0xa, 0xff, 0xf1, 0x0, 0x2f, 0xff, 0x50,
    0x0, 0x0, 0x0, 0x0, 0x4, 0xff, 0xf6, 0x0,
    0x8f, 0xfe, 0x0, 0x0, 0x0, 0x0, 0x0, 0x0,
    0xdf, 0xfc, 0x0, 0xef, 0xf9, 0x0, 0x0, 0x0,
    0x0, 0x0, 0x0, 0x7f, 0xff, 0x23, 0xff, 0xf3,
    0x0, 0x0, 0x0, 0x0, 0x0, 0x0, 0x1f, 0xff,
    0x79, 0xff, 0xc0, 0x0, 0x0, 0x0, 0x0, 0x0,
    0x0, 0xb, 0xff, 0xde, 0xff, 0x60, 0x0, 0x0,
    0x0, 0x0, 0x0, 0x0, 0x5, 0xff, 0xff, 0xff,
    0x0, 0x0, 0x0, 0x0, 0x0, 0x0, 0x0, 0x0,
    0xef, 0xff, 0xf9, 0x0, 0x0, 0x0, 0x0, 0x0,
    0x0, 0x0, 0x0, 0x8f, 0xff, 0xf3, 0x0, 0x0,
    0x0, 0x0,

    /* U+0057 "W" */
    0x7f, 0xff, 0x50, 0x0, 0x0, 0x0, 0x6, 0xff,
    0xff, 0xa0, 0x0, 0x0, 0x0, 0x2, 0xff, 0xf7,
    0x3f, 0xff, 0x90, 0x0, 0x0, 0x0, 0xa, 0xff,
    0xff, 0xe0, 0x0, 0x0, 0x0, 0x6, 0xff, 0xf3,
    0xe, 0xff, 0xd0, 0x0, 0x0, 0x0, 0xe, 0xff,
    0xff, 0xf3, 0x0, 0x0, 0x0, 0xa, 0xff, 0xe0,
    0xa, 0xff, 0xf1, 0x0, 0x0, 0x0, 0x3f, 0xff,
    0xcf, 0xf7, 0x0, 0x0, 0x0, 0xe, 0xff, 0xa0,
    0x6, 0xff, 0xf5, 0x0, 0x0, 0x0, 0x7f, 0xfc,
    0x7f, 0xfb, 0x0, 0x0, 0x0, 0x2f, 0xff, 0x60,
    0x1, 0xff, 0xf9, 0x0, 0x0, 0x0, 0xbf, 0xf8,
    0x4f, 0xff, 0x0, 0x0, 0x0, 0x7f, 0xff, 0x10,
    0x0, 0xdf, 0xfe, 0x0, 0x0, 0x0, 0xff, 0xf4,
    0xf, 0xff, 0x30, 0x0, 0x0, 0xbf, 0xfd, 0x0,
    0x0, 0x9f, 0xff, 0x20, 0x0, 0x4, 0xff, 0xf0,
    0xb, 0xff, 0x70, 0x0, 0x0, 0xff, 0xf9, 0x0,
    0x0, 0x4f, 0xff, 0x60, 0x0, 0x8, 0xff, 0xb0,
    0x7, 0xff, 0xb0, 0x0, 0x3, 0xff, 0xf4, 0x0,
    0x0, 0xf, 0xff, 0xa0, 0x0, 0xd, 0xff, 0x70,
    0x3, 0xff, 0xf0, 0x0, 0x8, 0xff, 0xf0, 0x0,
    0x0, 0xc, 0xff, 0xe0, 0x0, 0x1f, 0xff, 0x30,
    0x0, 0xff, 0xf3, 0x0, 0xc, 0xff, 0xb0, 0x0,
    0x0, 0x7, 0xff, 0xf2, 0x0, 0x5f, 0xfe, 0x0,
    0x0, 0xbf, 0xf7, 0x0, 0xf, 0xff, 0x70, 0x0,
    0x0, 0x3, 0xff, 0xf6, 0x0, 0xaf, 0xfa, 0x0,
    0x0, 0x7f, 0xfc, 0x0, 0x4f, 0xff, 0x30, 0x0,
    0x0, 0x0, 0xef, 0xfa, 0x0, 0xef, 0xf6, 0x0,
    0x0, 0x3f, 0xff, 0x0, 0x8f, 0xfe, 0x0, 0x0,
    0x0, 0x0, 0xaf, 0xfe, 0x2, 0xff, 0xf1, 0x0,
    0x0, 0xf, 0xff, 0x40, 0xdf, 0xfa, 0x0, 0x0,
    0x0, 0x0, 0x6f, 0xff, 0x26, 0xff, 0xd0, 0x0,
    0x0, 0xb, 0xff, 0x81, 0xff, 0xf6, 0x0, 0x0,
    0x0, 0x0, 0x1f, 0xff, 0x6a, 0xff, 0x90, 0x0,
    0x0, 0x7, 0xff, 0xc4, 0xff, 0xf1, 0x0, 0x0,
    0x0, 0x0, 0xd, 0xff, 0xae, 0xff, 0x40, 0x0,
    0x0, 0x3, 0xff, 0xf9, 0xff, 0xd0, 0x0, 0x0,
    0x0, 0x0, 0x9, 0xff, 0xff, 0xff, 0x0, 0x0,
    0x0, 0x0, 0xef, 0xff, 0xff, 0x90, 0x0, 0x0,
    0x0, 0x0, 0x4, 0xff, 0xff, 0xfc, 0x0, 0x0,
    0x0, 0x0, 0xaf, 0xff, 0xff, 0x40, 0x0, 0x0,
    0x0, 0x0, 0x0, 0xff, 0xff, 0xf7, 0x0, 0x0,
    0x0, 0x0, 0x6f, 0xff, 0xff, 0x0, 0x0, 0x0,
    0x0, 0x0, 0x0, 0xcf, 0xff, 0xf3, 0x0, 0x0,
    0x0, 0x0, 0x2f, 0xff, 0xfc, 0x0, 0x0, 0x0,

    /* U+0058 "X" */
    0x1, 0xef, 0xff, 0x30, 0x0, 0x0, 0x0, 0x0,
    0x8f, 0xff, 0x90, 0x0, 0x4f, 0xff, 0xd0, 0x0,
    0x0, 0x0, 0x3, 0xff, 0xfd, 0x0, 0x0, 0x9,
    0xff, 0xf9, 0x0, 0x0, 0x0, 0xd, 0xff, 0xf2,
    0x0, 0x0, 0x0, 0xdf, 0xff, 0x40, 0x0, 0x0,
    0x9f, 0xff, 0x60, 0x0, 0x0, 0x0, 0x2f, 0xff,
    0xe0, 0x0, 0x4, 0xff, 0xfa, 0x0, 0x0, 0x0,
    0x0, 0x6, 0xff, 0xfa, 0x0, 0xe, 0xff, 0xe1,
    0x0, 0x0, 0x0, 0x0, 0x0, 0xbf, 0xff, 0x50,
    0x9f, 0xff, 0x30, 0x0, 0x0, 0x0, 0x0, 0x0,
    0x1e, 0xff, 0xe5, 0xff, 0xf7, 0x0, 0x0, 0x0,
    0x0, 0x0, 0x0, 0x4, 0xff, 0xff, 0xff, 0xc0,
    0x0, 0x0, 0x0, 0x0, 0x0, 0x0, 0x0, 0x8f,
    0xff, 0xfe, 0x10, 0x0, 0x0, 0x0, 0x0, 0x0,
    0x0, 0x0, 0xe, 0xff, 0xf7, 0x0, 0x0, 0x0,
    0x0, 0x0, 0x0, 0x0, 0x0, 0x7f, 0xff, 0xfe,
    0x10, 0x0, 0x0, 0x0, 0x0, 0x0, 0x0, 0x3,
    0xff, 0xff, 0xff, 0xc0, 0x0, 0x0, 0x0, 0x0,
    0x0, 0x0, 0x1e, 0xff, 0xd7, 0xff, 0xf7, 0x0,
    0x0, 0x0, 0x0, 0x0, 0x0, 0xaf, 0xff, 0x40,
    0xcf, 0xff, 0x30, 0x0, 0x0, 0x0, 0x0, 0x6,
    0xff, 0xf8, 0x0, 0x2f, 0xff, 0xe1, 0x0, 0x0,
    0x0, 0x0, 0x2f, 0xff, 0xd0, 0x0, 0x6, 0xff,
    0xfa, 0x0, 0x0, 0x0, 0x0, 0xdf, 0xff, 0x30,
    0x0, 0x0, 0xbf, 0xff, 0x60, 0x0, 0x0, 0x9,
    0xff, 0xf7, 0x0, 0x0, 0x0, 0x1e, 0xff, 0xf2,
    0x0, 0x0, 0x4f, 0xff, 0xc0, 0x0, 0x0, 0x0,
    0x5, 0xff, 0xfd, 0x0, 0x1, 0xef, 0xff, 0x20,
    0x0, 0x0, 0x0, 0x0, 0xaf, 0xff, 0x90, 0xb,
    0xff, 0xf6, 0x0, 0x0, 0x0, 0x0, 0x0, 0x1e,
    0xff, 0xf5,

    /* U+0059 "Y" */
    0x8f, 0xff, 0x80, 0x0, 0x0, 0x0, 0x0, 0x6,
    0xff, 0xf9, 0xe, 0xff, 0xf2, 0x0, 0x0, 0x0,
    0x0, 0x1e, 0xff, 0xe0, 0x4, 0xff, 0xfb, 0x0,
    0x0, 0x0, 0x0, 0x9f, 0xff, 0x50, 0x0, 0xaf,
    0xff, 0x50, 0x0, 0x0, 0x3, 0xff, 0xfa, 0x0,
    0x0, 0x1f, 0xff, 0xe0, 0x0, 0x0, 0xc, 0xff,
    0xf1, 0x0, 0x0, 0x6, 0xff, 0xf8, 0x0, 0x0,
    0x6f, 0xff, 0x60, 0x0, 0x0, 0x0, 0xcf, 0xff,
    0x20, 0x1, 0xff, 0xfc, 0x0, 0x0, 0x0, 0x0,
    0x2f, 0xff, 0xb0, 0xa, 0xff, 0xf2, 0x0, 0x0,
    0x0, 0x0, 0x8, 0xff, 0xf4, 0x3f, 0xff, 0x80,
    0x0, 0x0, 0x0, 0x0, 0x0, 0xdf, 0xfc, 0xcf,
    0xfd, 0x0, 0x0, 0x0, 0x0, 0x0, 0x0, 0x4f,
    0xff, 0xff, 0xf3, 0x0, 0x0, 0x0, 0x0, 0x0,
    0x0, 0xa, 0xff, 0xff, 0x90, 0x0, 0x0, 0x0,
    0x0, 0x0, 0x0, 0x1, 0xef, 0xfe, 0x10, 0x0,
    0x0, 0x0, 0x0, 0x0, 0x0, 0x0, 0xcf, 0xfc,
    0x0, 0x0, 0x0, 0x0, 0x0, 0x0, 0x0, 0x0,
    0xcf, 0xfc, 0x0, 0x0, 0x0, 0x0, 0x0, 0x0,
    0x0, 0x0, 0xcf, 0xfc, 0x0, 0x0, 0x0, 0x0,
    0x0, 0x0, 0x0, 0x0, 0xcf, 0xfc, 0x0, 0x0,
    0x0, 0x0, 0x0, 0x0, 0x0, 0x0, 0xcf, 0xfc,
    0x0, 0x0, 0x0, 0x0, 0x0, 0x0, 0x0, 0x0,
    0xcf, 0xfc, 0x0, 0x0, 0x0, 0x0, 0x0, 0x0,
    0x0, 0x0, 0xcf, 0xfc, 0x0, 0x0, 0x0, 0x0,
    0x0, 0x0, 0x0, 0x0, 0xcf, 0xfc, 0x0, 0x0,
    0x0, 0x0, 0x0, 0x0, 0x0, 0x0, 0xcf, 0xfc,
    0x0, 0x0, 0x0, 0x0,

    /* U+005A "Z" */
    0x6f, 0xff, 0xff, 0xff, 0xff, 0xff, 0xff, 0xff,
    0xf1, 0x6f, 0xff, 0xff, 0xff, 0xff, 0xff, 0xff,
    0xff, 0xf1, 0x6f, 0xff, 0xff, 0xff, 0xff, 0xff,
    0xff, 0xff, 0xf1, 0x0, 0x0, 0x0, 0x0, 0x0,
    0x0, 0x6f, 0xff, 0xb0, 0x0, 0x0, 0x0, 0x0,
    0x0, 0x4, 0xff, 0xfd, 0x10, 0x0, 0x0, 0x0,
    0x0, 0x0, 0x2f, 0xff, 0xf2, 0x0, 0x0, 0x0,
    0x0, 0x0, 0x1, 0xdf, 0xff, 0x40, 0x0, 0x0,
    0x0, 0x0, 0x0, 0xb, 0xff, 0xf7, 0x0, 0x0,
    0x0, 0x0, 0x0, 0x0, 0x9f, 0xff, 0xa0, 0x0,
    0x0, 0x0, 0x0, 0x0, 0x6, 0xff, 0xfc, 0x0,
    0x0, 0x0, 0x0, 0x0, 0x0, 0x3f, 0xff, 0xe1,
    0x0, 0x0, 0x0, 0x0, 0x0, 0x1, 0xef, 0xff,
    0x30, 0x0, 0x0, 0x0, 0x0, 0x0, 0xc, 0xff,
    0xf6, 0x0, 0x0, 0x0, 0x0, 0x0, 0x0, 0xaf,
    0xff, 0x80, 0x0, 0x0, 0x0, 0x0, 0x0, 0x7,
    0xff, 0xfb, 0x0, 0x0, 0x0, 0x0, 0x0, 0x0,
    0x5f, 0xff, 0xd1, 0x0, 0x0, 0x0, 0x0, 0x0,
    0x2, 0xff, 0xff, 0x20, 0x0, 0x0, 0x0, 0x0,
    0x0, 0x1d, 0xff, 0xf4, 0x0, 0x0, 0x0, 0x0,
    0x0, 0x0, 0xbf, 0xff, 0x60, 0x0, 0x0, 0x0,
    0x0, 0x0, 0x0, 0xff, 0xff, 0xff, 0xff, 0xff,
    0xff, 0xff, 0xff, 0xf8, 0xff, 0xff, 0xff, 0xff,
    0xff, 0xff, 0xff, 0xff, 0xf8, 0xff, 0xff, 0xff,
    0xff, 0xff, 0xff, 0xff, 0xff, 0xf8,

    /* U+005B "[" */
    0x37, 0x77, 0x77, 0x77, 0xff, 0xff, 0xfe, 0x7f,
    0xff, 0xff, 0xe7, 0xff, 0xb0, 0x0, 0x7f, 0xfb,
    0x0, 0x7, 0xff, 0xb0, 0x0, 0x7f, 0xfb, 0x0,
    0x7, 0xff, 0xb0, 0x0, 0x7f, 0xfb, 0x0, 0x7,
    0xff, 0xb0, 0x0, 0x7f, 0xfb, 0x0, 0x7, 0xff,
    0xb0, 0x0, 0x7f, 0xfb, 0x0, 0x7, 0xff, 0xb0,
    0x0, 0x7f, 0xfb, 0x0, 0x7, 0xff, 0xb0, 0x0,
    0x7f, 0xfb, 0x0, 0x7, 0xff, 0xb0, 0x0, 0x7f,
    0xfb, 0x0, 0x7, 0xff, 0xb0, 0x0, 0x7f, 0xfb,
    0x0, 0x7, 0xff, 0xb0, 0x0, 0x7f, 0xfb, 0x0,
    0x7, 0xff, 0xb0, 0x0, 0x7f, 0xfb, 0x0, 0x7,
    0xff, 0xd8, 0x87, 0x7f, 0xff, 0xff, 0xe7, 0xff,
    0xff, 0xfe,

    /* U+005C "\\" */
    0xe, 0xff, 0x40, 0x0, 0x0, 0x0, 0x0, 0x8f,
    0xfa, 0x0, 0x0, 0x0, 0x0, 0x2, 0xff, 0xf1,
    0x0, 0x0, 0x0, 0x0, 0xc, 0xff, 0x60, 0x0,
    0x0, 0x0, 0x0, 0x6f, 0xfd, 0x0, 0x0, 0x0,
    0x0, 0x0, 0xff, 0xf3, 0x0, 0x0, 0x0, 0x0,
    0x9, 0xff, 0x90, 0x0, 0x0, 0x0, 0x0, 0x3f,
    0xff, 0x0, 0x0, 0x0, 0x0, 0x0, 0xdf, 0xf6,
    0x0, 0x0, 0x0, 0x0, 0x6, 0xff, 0xc0, 0x0,
    0x0, 0x0, 0x0, 0x1f, 0xff, 0x20, 0x0, 0x0,
    0x0, 0x0, 0xaf, 0xf8, 0x0, 0x0, 0x0, 0x0,
    0x4, 0xff, 0xe0, 0x0, 0x0, 0x0, 0x0, 0xd,
    0xff, 0x50, 0x0, 0x0, 0x0, 0x0, 0x7f, 0xfb,
    0x0, 0x0, 0x0, 0x0, 0x1, 0xff, 0xf2, 0x0,
    0x0, 0x0, 0x0, 0xb, 0xff, 0x80, 0x0, 0x0,
    0x0, 0x0, 0x5f, 0xfe, 0x0, 0x0, 0x0, 0x0,
    0x0, 0xef, 0xf4, 0x0, 0x0, 0x0, 0x0, 0x8,
    0xff, 0xb0, 0x0, 0x0, 0x0, 0x0, 0x2f, 0xff,
    0x10, 0x0, 0x0, 0x0, 0x0, 0xcf, 0xf7,

    /* U+005D "]" */
    0x28, 0x88, 0x88, 0x81, 0x4f, 0xff, 0xff, 0xf2,
    0x4f, 0xff, 0xff, 0xf2, 0x0, 0x0, 0xff, 0xf2,
    0x0, 0x0, 0xff, 0xf2, 0x0, 0x0, 0xff, 0xf2,
    0x0, 0x0, 0xff, 0xf2, 0x0, 0x0, 0xff, 0xf2,
    0x0, 0x0, 0xff, 0xf2, 0x0, 0x0, 0xff, 0xf2,
    0x0, 0x0, 0xff, 0xf2, 0x0, 0x0, 0xff, 0xf2,
    0x0, 0x0, 0xff, 0xf2, 0x0, 0x0, 0xff, 0xf2,
    0x0, 0x0, 0xff, 0xf2, 0x0, 0x0, 0xff, 0xf2,
    0x0, 0x0, 0xff, 0xf2, 0x0, 0x0, 0xff, 0xf2,
    0x0, 0x0, 0xff, 0xf2, 0x0, 0x0, 0xff, 0xf2,
    0x0, 0x0, 0xff, 0xf2, 0x0, 0x0, 0xff, 0xf2,
    0x0, 0x0, 0xff, 0xf2, 0x0, 0x0, 0xff, 0xf2,
    0x0, 0x0, 0xff, 0xf2, 0x27, 0x78, 0xff, 0xf2,
    0x4f, 0xff, 0xff, 0xf2, 0x4f, 0xff, 0xff, 0xf2,

    /* U+005E "^" */
    0x0, 0x0, 0x6, 0x77, 0x50, 0x0, 0x0, 0x0,
    0x0, 0x2f, 0xff, 0xe0, 0x0, 0x0, 0x0, 0x0,
    0xaf, 0xff, 0xf6, 0x0, 0x0, 0x0, 0x1, 0xff,
    0xff, 0xfd, 0x0, 0x0, 0x0, 0x8, 0xff, 0x9d,
    0xff, 0x50, 0x0, 0x0, 0xe, 0xff, 0x37, 0xff,
    0xc0, 0x0, 0x0, 0x6f, 0xfd, 0x1, 0xff, 0xf3,
    0x0, 0x0, 0xdf, 0xf6, 0x0, 0xaf, 0xfa, 0x0,
    0x5, 0xff, 0xf0, 0x0, 0x3f, 0xff, 0x20, 0xc,
    0xff, 0x90, 0x0, 0xd, 0xff, 0x90, 0x3f, 0xff,
    0x30, 0x0, 0x6, 0xff, 0xf1, 0xaf, 0xfc, 0x0,
    0x0, 0x0, 0xff, 0xf7,

    /* U+005F "_" */
    0x7f, 0xff, 0xff, 0xff, 0xff, 0xff, 0xff, 0xff,
    0x57, 0xff, 0xff, 0xff, 0xff, 0xff, 0xff, 0xff,
    0xf5, 0x7f, 0xff, 0xff, 0xff, 0xff, 0xff, 0xff,
    0xff, 0x50,

    /* U+0060 "`" */
    0x26, 0x66, 0x40, 0x0, 0xcf, 0xff, 0x10, 0x1,
    0xef, 0xf9, 0x0, 0x3, 0xff, 0xf1, 0x0, 0x7,
    0xff, 0x80,

    /* U+0061 "a" */
    0x0, 0x0, 0x3, 0x67, 0x52, 0x0, 0x0, 0x0,
    0x7, 0xff, 0xff, 0xff, 0xc3, 0x0, 0x0, 0xcf,
    0xff, 0xff, 0xff, 0xff, 0x40, 0x8, 0xff, 0xf8,
    0x20, 0x2a, 0xff, 0xd0, 0xe, 0xff, 0x80, 0x0,
    0x0, 0xdf, 0xf4, 0x2c, 0xcc, 0x20, 0x0, 0x0,
    0xcf, 0xf7, 0x0, 0x0, 0x0, 0x1, 0x48, 0xff,
    0xf9, 0x0, 0x4, 0x9c, 0xff, 0xff, 0xff, 0xf9,
    0x2, 0xcf, 0xff, 0xff, 0xfc, 0xcf, 0xf9, 0xd,
    0xff, 0xfb, 0x62, 0x0, 0x9f, 0xf9, 0x6f, 0xff,
    0x40, 0x0, 0x0, 0xaf, 0xf9, 0x9f, 0xfc, 0x0,
    0x0, 0x0, 0xdf, 0xf9, 0x8f, 0xfe, 0x0, 0x0,
    0x7, 0xff, 0xf9, 0x5f, 0xff, 0xa2, 0x3, 0x9f,
    0xff, 0xf9, 0xb, 0xff, 0xff, 0xff, 0xff, 0x9f,
    0xf9, 0x0, 0x9f, 0xff, 0xff, 0xd3, 0x7f, 0xf9,
    0x0, 0x1, 0x57, 0x63, 0x0, 0x0, 0x0,

    /* U+0062 "b" */
    0xdf, 0xf7, 0x0, 0x0, 0x0, 0x0, 0x0, 0x0,
    0xdf, 0xf7, 0x0, 0x0, 0x0, 0x0, 0x0, 0x0,
    0xdf, 0xf7, 0x0, 0x0, 0x0, 0x0, 0x0, 0x0,
    0xdf, 0xf7, 0x0, 0x0, 0x0, 0x0, 0x0, 0x0,
    0xdf, 0xf7, 0x0, 0x0, 0x0, 0x0, 0x0, 0x0,
    0xdf, 0xf7, 0x0, 0x0, 0x0, 0x0, 0x0, 0x0,
    0xdf, 0xf7, 0x0, 0x25, 0x76, 0x20, 0x0, 0x0,
    0xdf, 0xf7, 0x1b, 0xff, 0xff, 0xfc, 0x10, 0x0,
    0xdf, 0xf9, 0xef, 0xff, 0xff, 0xff, 0xf4, 0x0,
    0xdf, 0xff, 0xfd, 0x63, 0x49, 0xff, 0xff, 0x10,
    0xdf, 0xff, 0xb0, 0x0, 0x0, 0x4f, 0xff, 0x90,
    0xdf, 0xff, 0x10, 0x0, 0x0, 0x9, 0xff, 0xf1,
    0xdf, 0xf9, 0x0, 0x0, 0x0, 0x2, 0xff, 0xf5,
    0xdf, 0xf7, 0x0, 0x0, 0x0, 0x0, 0xff, 0xf7,
    0xdf, 0xf5, 0x0, 0x0, 0x0, 0x0, 0xef, 0xf8,
    0xdf, 0xf7, 0x0, 0x0, 0x0, 0x0, 0xff, 0xf7,
    0xdf, 0xf9, 0x0, 0x0, 0x0, 0x2, 0xff, 0xf5,
    0xdf, 0xff, 0x10, 0x0, 0x0, 0x9, 0xff, 0xf1,
    0xdf, 0xff, 0xb0, 0x0, 0x0, 0x4f, 0xff, 0xa0,
    0xdf, 0xff, 0xfc, 0x52, 0x48, 0xff, 0xff, 0x10,
    0xdf, 0xf9, 0xef, 0xff, 0xff, 0xff, 0xf5, 0x0,
    0xdf, 0xf7, 0x2c, 0xff, 0xff, 0xfc, 0x20, 0x0,
    0x0, 0x0, 0x0, 0x26, 0x76, 0x30, 0x0, 0x0,

    /* U+0063 "c" */
    0x0, 0x0, 0x1, 0x56, 0x74, 0x20, 0x0, 0x0,
    0x0, 0x0, 0x9f, 0xff, 0xff, 0xfc, 0x30, 0x0,
    0x0, 0x4e, 0xff, 0xff, 0xff, 0xff, 0xf6, 0x0,
    0x3, 0xff, 0xff, 0x84, 0x36, 0xef, 0xff, 0x30,
    0xc, 0xff, 0xe2, 0x0, 0x0, 0x1e, 0xff, 0xb0,
    0x3f, 0xff, 0x60, 0x0, 0x0, 0x6, 0xff, 0xf0,
    0x8f, 0xff, 0x0, 0x0, 0x0, 0x1, 0x55, 0x50,
    0xaf, 0xfc, 0x0, 0x0, 0x0, 0x0, 0x0, 0x0,
    0xbf, 0xfa, 0x0, 0x0, 0x0, 0x0, 0x0, 0x0,
    0xaf, 0xfc, 0x0, 0x0, 0x0, 0x0, 0x0, 0x0,
    0x8f, 0xfe, 0x0, 0x0, 0x0, 0x0, 0x66, 0x62,
    0x4f, 0xff, 0x60, 0x0, 0x0, 0x3, 0xff, 0xf1,
    0xc, 0xff, 0xe2, 0x0, 0x0, 0xc, 0xff, 0xc0,
    0x2, 0xff, 0xff, 0x73, 0x25, 0xdf, 0xff, 0x40,
    0x0, 0x6f, 0xff, 0xff, 0xff, 0xff, 0xf7, 0x0,
    0x0, 0x2, 0xbf, 0xff, 0xff, 0xfc, 0x30, 0x0,
    0x0, 0x0, 0x2, 0x57, 0x64, 0x20, 0x0, 0x0,

    /* U+0064 "d" */
    0x0, 0x0, 0x0, 0x0, 0x0, 0x0, 0xbf, 0xf9,
    0x0, 0x0, 0x0, 0x0, 0x0, 0x0, 0xbf, 0xf9,
    0x0, 0x0, 0x0, 0x0, 0x0, 0x0, 0xbf, 0xf9,
    0x0, 0x0, 0x0, 0x0, 0x0, 0x0, 0xbf, 0xf9,
    0x0, 0x0, 0x0, 0x0, 0x0, 0x0, 0xbf, 0xf9,
    0x0, 0x0, 0x0, 0x0, 0x0, 0x0, 0xbf, 0xf9,
    0x0, 0x0, 0x3, 0x67, 0x52, 0x0, 0xbf, 0xf9,
    0x0, 0x2, 0xdf, 0xff, 0xff, 0xa0, 0xbf, 0xf9,
    0x0, 0x6f, 0xff, 0xff, 0xff, 0xfc, 0xbf, 0xf9,
    0x3, 0xff, 0xff, 0x84, 0x37, 0xef, 0xff, 0xf9,
    0xc, 0xff, 0xe3, 0x0, 0x0, 0x1d, 0xff, 0xf9,
    0x4f, 0xff, 0x70, 0x0, 0x0, 0x4, 0xff, 0xf9,
    0x8f, 0xff, 0x0, 0x0, 0x0, 0x0, 0xdf, 0xf9,
    0xaf, 0xfd, 0x0, 0x0, 0x0, 0x0, 0xaf, 0xf9,
    0xbf, 0xfb, 0x0, 0x0, 0x0, 0x0, 0x9f, 0xf9,
    0xaf, 0xfd, 0x0, 0x0, 0x0, 0x0, 0xaf, 0xf9,
    0x9f, 0xff, 0x0, 0x0, 0x0, 0x0, 0xdf, 0xf9,
    0x5f, 0xff, 0x60, 0x0, 0x0, 0x4, 0xff, 0xf9,
    0xd, 0xff, 0xe2, 0x0, 0x0, 0x1d, 0xff, 0xf9,
    0x4, 0xff, 0xff, 0x73, 0x26, 0xef, 0xff, 0xf9,
    0x0, 0x9f, 0xff, 0xff, 0xff, 0xfc, 0xbf, 0xf9,
    0x0, 0x6, 0xef, 0xff, 0xff, 0xa0, 0xbf, 0xf9,
    0x0, 0x0, 0x4, 0x67, 0x51, 0x0, 0x0, 0x0,

    /* U+0065 "e" */
    0x0, 0x0, 0x2, 0x57, 0x75, 0x10, 0x0, 0x0,
    0x0, 0x1, 0xbf, 0xff, 0xff, 0xf8, 0x0, 0x0,
    0x0, 0x4e, 0xff, 0xff, 0xff, 0xff, 0xd2, 0x0,
    0x2, 0xff, 0xfb, 0x31, 0x25, 0xef, 0xfb, 0x0,
    0xb, 0xff, 0x90, 0x0, 0x0, 0x1f, 0xff, 0x50,
    0x3f, 0xff, 0x0, 0x0, 0x0, 0x8, 0xff, 0xb0,
    0x8f, 0xfd, 0x55, 0x55, 0x55, 0x59, 0xff, 0xe0,
    0xaf, 0xff, 0xff, 0xff, 0xff, 0xff, 0xff, 0xf0,
    0xbf, 0xff, 0xff, 0xff, 0xff, 0xff, 0xff, 0xf2,
    0xaf, 0xfb, 0x0, 0x0, 0x0, 0x0, 0x0, 0x0,
    0x8f, 0xfd, 0x0, 0x0, 0x0, 0x0, 0x0, 0x0,
    0x4f, 0xff, 0x30, 0x0, 0x0, 0x7, 0xee, 0xc0,
    0xd, 0xff, 0xd1, 0x0, 0x0, 0x1d, 0xff, 0x90,
    0x3, 0xff, 0xfe, 0x63, 0x25, 0xdf, 0xff, 0x20,
    0x0, 0x7f, 0xff, 0xff, 0xff, 0xff, 0xf5, 0x0,
    0x0, 0x4, 0xdf, 0xff, 0xff, 0xfb, 0x20, 0x0,
    0x0, 0x0, 0x2, 0x67, 0x64, 0x10, 0x0, 0x0,

    /* U+0066 "f" */
    0x0, 0x0, 0x0, 0x25, 0x75, 0x0, 0x0, 0x0,
    0x9f, 0xff, 0xf1, 0x0, 0x0, 0x8f, 0xff, 0xff,
    0x10, 0x0, 0x1f, 0xff, 0xd7, 0x60, 0x0, 0x4,
    0xff, 0xf2, 0x0, 0x0, 0x0, 0x6f, 0xfe, 0x0,
    0x0, 0x0, 0x7, 0xff, 0xd0, 0x0, 0x0, 0x0,
    0x7f, 0xfd, 0x0, 0x0, 0x7f, 0xff, 0xff, 0xff,
    0xff, 0x17, 0xff, 0xff, 0xff, 0xff, 0xf1, 0x4a,
    0xad, 0xff, 0xfa, 0xaa, 0x10, 0x0, 0x7f, 0xfd,
    0x0, 0x0, 0x0, 0x7, 0xff, 0xd0, 0x0, 0x0,
    0x0, 0x7f, 0xfd, 0x0, 0x0, 0x0, 0x7, 0xff,
    0xd0, 0x0, 0x0, 0x0, 0x7f, 0xfd, 0x0, 0x0,
    0x0, 0x7, 0xff, 0xd0, 0x0, 0x0, 0x0, 0x7f,
    0xfd, 0x0, 0x0, 0x0, 0x7, 0xff, 0xd0, 0x0,
    0x0, 0x0, 0x7f, 0xfd, 0x0, 0x0, 0x0, 0x7,
    0xff, 0xd0, 0x0, 0x0, 0x0, 0x7f, 0xfd, 0x0,
    0x0, 0x0, 0x7, 0xff, 0xd0, 0x0, 0x0,

    /* U+0067 "g" */
    0x0, 0x0, 0x3, 0x67, 0x51, 0x0, 0x0, 0x0,
    0x0, 0x3, 0xdf, 0xff, 0xff, 0x90, 0xcf, 0xf8,
    0x0, 0x7f, 0xff, 0xff, 0xff, 0xfb, 0xcf, 0xf8,
    0x3, 0xff, 0xff, 0x73, 0x37, 0xef, 0xff, 0xf8,
    0xc, 0xff, 0xe2, 0x0, 0x0, 0x2d, 0xff, 0xf8,
    0x4f, 0xff, 0x60, 0x0, 0x0, 0x5, 0xff, 0xf8,
    0x8f, 0xff, 0x0, 0x0, 0x0, 0x0, 0xef, 0xf8,
    0xaf, 0xfd, 0x0, 0x0, 0x0, 0x0, 0xbf, 0xf8,
    0xbf, 0xfb, 0x0, 0x0, 0x0, 0x0, 0xaf, 0xf8,
    0xaf, 0xfe, 0x0, 0x0, 0x0, 0x0, 0xcf, 0xf8,
    0x7f, 0xff, 0x20, 0x0, 0x0, 0x1, 0xff, 0xf8,
    0x2f, 0xff, 0xa0, 0x0, 0x0, 0x9, 0xff, 0xf8,
    0xa, 0xff, 0xf9, 0x0, 0x0, 0x8f, 0xff, 0xf8,
    0x1, 0xff, 0xff, 0xeb, 0xbe, 0xff, 0xef, 0xf8,
    0x0, 0x2c, 0xff, 0xff, 0xff, 0xf5, 0xcf, 0xf8,
    0x0, 0x0, 0x7c, 0xef, 0xd9, 0x20, 0xcf, 0xf8,
    0x0, 0x0, 0x0, 0x0, 0x0, 0x0, 0xdf, 0xf7,
    0x5, 0x55, 0x10, 0x0, 0x0, 0x0, 0xff, 0xf6,
    0xe, 0xff, 0x70, 0x0, 0x0, 0x2, 0xff, 0xf2,
    0xa, 0xff, 0xd0, 0x0, 0x0, 0xb, 0xff, 0xc0,
    0x3, 0xff, 0xfd, 0x52, 0x25, 0xdf, 0xff, 0x30,
    0x0, 0x7f, 0xff, 0xff, 0xff, 0xff, 0xf7, 0x0,
    0x0, 0x4, 0xcf, 0xff, 0xff, 0xfc, 0x30, 0x0,
    0x0, 0x0, 0x2, 0x47, 0x64, 0x10, 0x0, 0x0,

    /* U+0068 "h" */
    0xdf, 0xf7, 0x0, 0x0, 0x0, 0x0, 0x0, 0xdf,
    0xf7, 0x0, 0x0, 0x0, 0x0, 0x0, 0xdf, 0xf7,
    0x0, 0x0, 0x0, 0x0, 0x0, 0xdf, 0xf7, 0x0,
    0x0, 0x0, 0x0, 0x0, 0xdf, 0xf7, 0x0, 0x0,
    0x0, 0x0, 0x0, 0xdf, 0xf7, 0x0, 0x0, 0x0,
    0x0, 0x0, 0xdf, 0xf7, 0x0, 0x36, 0x74, 0x10,
    0x0, 0xdf, 0xf7, 0x2c, 0xff, 0xff, 0xf7, 0x0,
    0xdf, 0xf9, 0xef, 0xff, 0xff, 0xff, 0x80, 0xdf,
    0xff, 0xfa, 0x42, 0x6e, 0xff, 0xf2, 0xdf, 0xff,
    0x70, 0x0, 0x2, 0xff, 0xf8, 0xdf, 0xfd, 0x0,
    0x0, 0x0, 0xbf, 0xfa, 0xdf, 0xf9, 0x0, 0x0,
    0x0, 0x9f, 0xfc, 0xdf, 0xf8, 0x0, 0x0, 0x0,
    0x8f, 0xfc, 0xdf, 0xf7, 0x0, 0x0, 0x0, 0x8f,
    0xfc, 0xdf, 0xf7, 0x0, 0x0, 0x0, 0x8f, 0xfc,
    0xdf, 0xf7, 0x0, 0x0, 0x0, 0x8f, 0xfc, 0xdf,
    0xf7, 0x0, 0x0, 0x0, 0x8f, 0xfc, 0xdf, 0xf7,
    0x0, 0x0, 0x0, 0x8f, 0xfc, 0xdf, 0xf7, 0x0,
    0x0, 0x0, 0x8f, 0xfc, 0xdf, 0xf7, 0x0, 0x0,
    0x0, 0x8f, 0xfc, 0xdf, 0xf7, 0x0, 0x0, 0x0,
    0x8f, 0xfc,

    /* U+0069 "i" */
    0xaa, 0xa7, 0xff, 0xfa, 0xff, 0xfa, 0xff, 0xfa,
    0x0, 0x0, 0x0, 0x0, 0x0, 0x0, 0xdf, 0xf7,
    0xdf, 0xf7, 0xdf, 0xf7, 0xdf, 0xf7, 0xdf, 0xf7,
    0xdf, 0xf7, 0xdf, 0xf7, 0xdf, 0xf7, 0xdf, 0xf7,
    0xdf, 0xf7, 0xdf, 0xf7, 0xdf, 0xf7, 0xdf, 0xf7,
    0xdf, 0xf7, 0xdf, 0xf7,

    /* U+006A "j" */
    0x0, 0x9, 0xaa, 0x80, 0x0, 0xdf, 0xfc, 0x0,
    0xd, 0xff, 0xc0, 0x0, 0xdf, 0xfc, 0x0, 0x0,
    0x0, 0x0, 0x0, 0x0, 0x0, 0x0, 0x0, 0x0,
    0x0, 0x0, 0xbf, 0xf9, 0x0, 0xb, 0xff, 0x90,
    0x0, 0xbf, 0xf9, 0x0, 0xb, 0xff, 0x90, 0x0,
    0xbf, 0xf9, 0x0, 0xb, 0xff, 0x90, 0x0, 0xbf,
    0xf9, 0x0, 0xb, 0xff, 0x90, 0x0, 0xbf, 0xf9,
    0x0, 0xb, 0xff, 0x90, 0x0, 0xbf, 0xf9, 0x0,
    0xb, 0xff, 0x90, 0x0, 0xbf, 0xf9, 0x0, 0xb,
    0xff, 0x90, 0x0, 0xbf, 0xf9, 0x0, 0xb, 0xff,
    0x90, 0x0, 0xbf, 0xf9, 0x0, 0xb, 0xff, 0x90,
    0x0, 0xef, 0xf8, 0x46, 0xcf, 0xff, 0x6c, 0xff,
    0xff, 0xe0, 0xcf, 0xff, 0xd3, 0x4, 0x66, 0x30,
    0x0,

    /* U+006B "k" */
    0xdf, 0xf7, 0x0, 0x0, 0x0, 0x0, 0x0, 0xd,
    0xff, 0x70, 0x0, 0x0, 0x0, 0x0, 0x0, 0xdf,
    0xf7, 0x0, 0x0, 0x0, 0x0, 0x0, 0xd, 0xff,
    0x70, 0x0, 0x0, 0x0, 0x0, 0x0, 0xdf, 0xf7,
    0x0, 0x0, 0x0, 0x0, 0x0, 0xd, 0xff, 0x70,
    0x0, 0x0, 0x0, 0x0, 0x0, 0xdf, 0xf7, 0x0,
    0x0, 0x0, 0x0, 0x0, 0xd, 0xff, 0x70, 0x0,
    0x1, 0xdf, 0xff, 0x50, 0xdf, 0xf7, 0x0, 0x1,
    0xdf, 0xff, 0x40, 0xd, 0xff, 0x70, 0x1, 0xdf,
    0xff, 0x40, 0x0, 0xdf, 0xf7, 0x1, 0xdf, 0xff,
    0x30, 0x0, 0xd, 0xff, 0x71, 0xdf, 0xff, 0x30,
    0x0, 0x0, 0xdf, 0xf9, 0xdf, 0xfe, 0x30, 0x0,
    0x0, 0xd, 0xff, 0xff, 0xff, 0x70, 0x0, 0x0,
    0x0, 0xdf, 0xff, 0xff, 0xff, 0x30, 0x0, 0x0,
    0xd, 0xff, 0xfd, 0xef, 0xfe, 0x10, 0x0, 0x0,
    0xdf, 0xfd, 0x14, 0xff, 0xfc, 0x0, 0x0, 0xd,
    0xff, 0x70, 0x7, 0xff, 0xfa, 0x0, 0x0, 0xdf,
    0xf7, 0x0, 0xa, 0xff, 0xf8, 0x0, 0xd, 0xff,
    0x70, 0x0, 0xd, 0xff, 0xf6, 0x0, 0xdf, 0xf7,
    0x0, 0x0, 0x2e, 0xff, 0xf3, 0xd, 0xff, 0x70,
    0x0, 0x0, 0x4f, 0xff, 0xe2,

    /* U+006C "l" */
    0xdf, 0xf7, 0xdf, 0xf7, 0xdf, 0xf7, 0xdf, 0xf7,
    0xdf, 0xf7, 0xdf, 0xf7, 0xdf, 0xf7, 0xdf, 0xf7,
    0xdf, 0xf7, 0xdf, 0xf7, 0xdf, 0xf7, 0xdf, 0xf7,
    0xdf, 0xf7, 0xdf, 0xf7, 0xdf, 0xf7, 0xdf, 0xf7,
    0xdf, 0xf7, 0xdf, 0xf7, 0xdf, 0xf7, 0xdf, 0xf7,
    0xdf, 0xf7, 0xdf, 0xf7,

    /* U+006D "m" */
    0x0, 0x0, 0x0, 0x46, 0x63, 0x0, 0x0, 0x2,
    0x57, 0x41, 0x0, 0xd, 0xff, 0x71, 0xdf, 0xff,
    0xfa, 0x0, 0x1a, 0xff, 0xff, 0xf7, 0x0, 0xdf,
    0xf8, 0xdf, 0xff, 0xff, 0xfb, 0x1d, 0xff, 0xff,
    0xff, 0xf7, 0xd, 0xff, 0xff, 0x83, 0x4a, 0xff,
    0xfd, 0xfd, 0x52, 0x5e, 0xff, 0xf1, 0xdf, 0xff,
    0x50, 0x0, 0xc, 0xff, 0xfe, 0x10, 0x0, 0x2f,
    0xff, 0x7d, 0xff, 0xd0, 0x0, 0x0, 0x6f, 0xff,
    0x70, 0x0, 0x0, 0xcf, 0xf9, 0xdf, 0xf9, 0x0,
    0x0, 0x4, 0xff, 0xf3, 0x0, 0x0, 0xa, 0xff,
    0xbd, 0xff, 0x80, 0x0, 0x0, 0x3f, 0xff, 0x20,
    0x0, 0x0, 0x9f, 0xfc, 0xdf, 0xf7, 0x0, 0x0,
    0x2, 0xff, 0xf2, 0x0, 0x0, 0x8, 0xff, 0xcd,
    0xff, 0x70, 0x0, 0x0, 0x2f, 0xff, 0x20, 0x0,
    0x0, 0x8f, 0xfc, 0xdf, 0xf7, 0x0, 0x0, 0x2,
    0xff, 0xf2, 0x0, 0x0, 0x8, 0xff, 0xcd, 0xff,
    0x70, 0x0, 0x0, 0x2f, 0xff, 0x20, 0x0, 0x0,
    0x8f, 0xfc, 0xdf, 0xf7, 0x0, 0x0, 0x2, 0xff,
    0xf2, 0x0, 0x0, 0x8, 0xff, 0xcd, 0xff, 0x70,
    0x0, 0x0, 0x2f, 0xff, 0x20, 0x0, 0x0, 0x8f,
    0xfc, 0xdf, 0xf7, 0x0, 0x0, 0x2, 0xff, 0xf2,
    0x0, 0x0, 0x8, 0xff, 0xcd, 0xff, 0x70, 0x0,
    0x0, 0x2f, 0xff, 0x20, 0x0, 0x0, 0x8f, 0xfc,

    /* U+006E "n" */
    0x0, 0x0, 0x0, 0x36, 0x74, 0x10, 0x0, 0xdf,
    0xf7, 0x2c, 0xff, 0xff, 0xf7, 0x0, 0xdf, 0xf9,
    0xef, 0xff, 0xff, 0xff, 0x80, 0xdf, 0xff, 0xfa,
    0x42, 0x5e, 0xff, 0xf2, 0xdf, 0xff, 0x70, 0x0,
    0x2, 0xff, 0xf8, 0xdf, 0xfd, 0x0, 0x0, 0x0,
    0xbf, 0xfa, 0xdf, 0xf9, 0x0, 0x0, 0x0, 0x9f,
    0xfc, 0xdf, 0xf8, 0x0, 0x0, 0x0, 0x8f, 0xfc,
    0xdf, 0xf7, 0x0, 0x0, 0x0, 0x8f, 0xfc, 0xdf,
    0xf7, 0x0, 0x0, 0x0, 0x8f, 0xfc, 0xdf, 0xf7,
    0x0, 0x0, 0x0, 0x8f, 0xfc, 0xdf, 0xf7, 0x0,
    0x0, 0x0, 0x8f, 0xfc, 0xdf, 0xf7, 0x0, 0x0,
    0x0, 0x8f, 0xfc, 0xdf, 0xf7, 0x0, 0x0, 0x0,
    0x8f, 0xfc, 0xdf, 0xf7, 0x0, 0x0, 0x0, 0x8f,
    0xfc, 0xdf, 0xf7, 0x0, 0x0, 0x0, 0x8f, 0xfc,

    /* U+006F "o" */
    0x0, 0x0, 0x1, 0x57, 0x75, 0x10, 0x0, 0x0,
    0x0, 0x1, 0xaf, 0xff, 0xff, 0xfb, 0x10, 0x0,
    0x0, 0x4e, 0xff, 0xff, 0xff, 0xff, 0xf5, 0x0,
    0x1, 0xff, 0xfe, 0x73, 0x37, 0xef, 0xff, 0x20,
    0xb, 0xff, 0xe2, 0x0, 0x0, 0x1d, 0xff, 0xc0,
    0x3f, 0xff, 0x50, 0x0, 0x0, 0x4, 0xff, 0xf5,
    0x8f, 0xfe, 0x0, 0x0, 0x0, 0x0, 0xdf, 0xf9,
    0xaf, 0xfc, 0x0, 0x0, 0x0, 0x0, 0xbf, 0xfb,
    0xbf, 0xfa, 0x0, 0x0, 0x0, 0x0, 0x9f, 0xfc,
    0xaf, 0xfc, 0x0, 0x0, 0x0, 0x0, 0xbf, 0xfb,
    0x8f, 0xfe, 0x0, 0x0, 0x0, 0x0, 0xdf, 0xf9,
    0x4f, 0xff, 0x50, 0x0, 0x0, 0x4, 0xff, 0xf5,
    0xb, 0xff, 0xd1, 0x0, 0x0, 0x1d, 0xff, 0xc0,
    0x2, 0xff, 0xfe, 0x63, 0x36, 0xef, 0xff, 0x30,
    0x0, 0x5f, 0xff, 0xff, 0xff, 0xff, 0xf6, 0x0,
    0x0, 0x1, 0xbf, 0xff, 0xff, 0xfb, 0x20, 0x0,
    0x0, 0x0, 0x1, 0x57, 0x75, 0x20, 0x0, 0x0,

    /* U+0070 "p" */
    0x0, 0x0, 0x0, 0x25, 0x76, 0x30, 0x0, 0x0,
    0xdf, 0xf7, 0x1b, 0xff, 0xff, 0xfd, 0x20, 0x0,
    0xdf, 0xf9, 0xef, 0xff, 0xff, 0xff, 0xf5, 0x0,
    0xdf, 0xff, 0xfd, 0x63, 0x49, 0xff, 0xff, 0x10,
    0xdf, 0xff, 0xb0, 0x0, 0x0, 0x4f, 0xff, 0x90,
    0xdf, 0xff, 0x10, 0x0, 0x0, 0x9, 0xff, 0xf1,
    0xdf, 0xfa, 0x0, 0x0, 0x0, 0x3, 0xff, 0xf3,
    0xdf, 0xf7, 0x0, 0x0, 0x0, 0x0, 0xff, 0xf6,
    0xdf, 0xf6, 0x0, 0x0, 0x0, 0x0, 0xef, 0xf8,
    0xdf, 0xf7, 0x0, 0x0, 0x0, 0x0, 0xff, 0xf7,
    0xdf, 0xfa, 0x0, 0x0, 0x0, 0x3, 0xff, 0xf5,
    0xdf, 0xff, 0x10, 0x0, 0x0, 0x9, 0xff, 0xf1,
    0xdf, 0xff, 0xb0, 0x0, 0x0, 0x4f, 0xff, 0x90,
    0xdf, 0xff, 0xfd, 0x52, 0x48, 0xff, 0xfe, 0x10,
    0xdf, 0xf9, 0xef, 0xff, 0xff, 0xff, 0xf5, 0x0,
    0xdf, 0xf7, 0x2c, 0xff, 0xff, 0xfc, 0x30, 0x0,
    0xdf, 0xf7, 0x0, 0x26, 0x76, 0x20, 0x0, 0x0,
    0xdf, 0xf7, 0x0, 0x0, 0x0, 0x0, 0x0, 0x0,
    0xdf, 0xf7, 0x0, 0x0, 0x0, 0x0, 0x0, 0x0,
    0xdf, 0xf7, 0x0, 0x0, 0x0, 0x0, 0x0, 0x0,
    0xdf, 0xf7, 0x0, 0x0, 0x0, 0x0, 0x0, 0x0,
    0xdf, 0xf7, 0x0, 0x0, 0x0, 0x0, 0x0, 0x0,
    0xdf, 0xf7, 0x0, 0x0, 0x0, 0x0, 0x0, 0x0,

    /* U+0071 "q" */
    0x0, 0x0, 0x3, 0x67, 0x52, 0x0, 0x0, 0x0,
    0x0, 0x4, 0xdf, 0xff, 0xff, 0xa1, 0x9f, 0xfa,
    0x0, 0x7f, 0xff, 0xff, 0xff, 0xfd, 0xaf, 0xfa,
    0x2, 0xff, 0xff, 0x84, 0x36, 0xef, 0xff, 0xfa,
    0xc, 0xff, 0xe2, 0x0, 0x0, 0x1c, 0xff, 0xfa,
    0x4f, 0xff, 0x60, 0x0, 0x0, 0x4, 0xff, 0xfa,
    0x8f, 0xff, 0x0, 0x0, 0x0, 0x0, 0xdf, 0xfa,
    0xaf, 0xfd, 0x0, 0x0, 0x0, 0x0, 0xaf, 0xfa,
    0xbf, 0xfb, 0x0, 0x0, 0x0, 0x0, 0x9f, 0xfa,
    0xaf, 0xfc, 0x0, 0x0, 0x0, 0x0, 0xaf, 0xfa,
    0x9f, 0xff, 0x0, 0x0, 0x0, 0x0, 0xdf, 0xfa,
    0x5f, 0xff, 0x50, 0x0, 0x0, 0x4, 0xff, 0xfa,
    0xd, 0xff, 0xe1, 0x0, 0x0, 0x1d, 0xff, 0xfa,
    0x4, 0xff, 0xfe, 0x63, 0x26, 0xef, 0xff, 0xfa,
    0x0, 0x8f, 0xff, 0xff, 0xff, 0xfd, 0xbf, 0xfa,
    0x0, 0x4, 0xef, 0xff, 0xff, 0xa1, 0xaf, 0xfa,
    0x0, 0x0, 0x4, 0x67, 0x52, 0x0, 0xaf, 0xfa,
    0x0, 0x0, 0x0, 0x0, 0x0, 0x0, 0xaf, 0xfa,
    0x0, 0x0, 0x0, 0x0, 0x0, 0x0, 0xaf, 0xfa,
    0x0, 0x0, 0x0, 0x0, 0x0, 0x0, 0xaf, 0xfa,
    0x0, 0x0, 0x0, 0x0, 0x0, 0x0, 0xaf, 0xfa,
    0x0, 0x0, 0x0, 0x0, 0x0, 0x0, 0xaf, 0xfa,
    0x0, 0x0, 0x0, 0x0, 0x0, 0x0, 0xaf, 0xfa,

    /* U+0072 "r" */
    0x0, 0x0, 0x0, 0x36, 0x6d, 0xff, 0x71, 0xbf,
    0xfe, 0xdf, 0xf7, 0xcf, 0xff, 0xed, 0xff, 0xdf,
    0xfe, 0xca, 0xdf, 0xff, 0xe5, 0x0, 0xd, 0xff,
    0xf4, 0x0, 0x0, 0xdf, 0xfc, 0x0, 0x0, 0xd,
    0xff, 0x90, 0x0, 0x0, 0xdf, 0xf8, 0x0, 0x0,
    0xd, 0xff, 0x70, 0x0, 0x0, 0xdf, 0xf7, 0x0,
    0x0, 0xd, 0xff, 0x70, 0x0, 0x0, 0xdf, 0xf7,
    0x0, 0x0, 0xd, 0xff, 0x70, 0x0, 0x0, 0xdf,
    0xf7, 0x0, 0x0, 0xd, 0xff, 0x70, 0x0, 0x0,

    /* U+0073 "s" */
    0x0, 0x0, 0x2, 0x57, 0x64, 0x10, 0x0, 0x0,
    0x0, 0x5d, 0xff, 0xff, 0xff, 0x91, 0x0, 0x0,
    0x6f, 0xff, 0xff, 0xff, 0xff, 0xd1, 0x0, 0x1f,
    0xff, 0xa2, 0x2, 0x7f, 0xff, 0xb0, 0x5, 0xff,
    0xe0, 0x0, 0x0, 0x6f, 0xff, 0x0, 0x5f, 0xff,
    0x10, 0x0, 0x1, 0x88, 0x81, 0x1, 0xff, 0xfd,
    0x62, 0x0, 0x0, 0x0, 0x0, 0x6, 0xff, 0xff,
    0xff, 0xc8, 0x30, 0x0, 0x0, 0x3, 0xcf, 0xff,
    0xff, 0xff, 0xb1, 0x0, 0x0, 0x0, 0x15, 0x8b,
    0xff, 0xff, 0xc0, 0x1, 0x11, 0x0, 0x0, 0x0,
    0x8f, 0xff, 0x30, 0xdf, 0xf7, 0x0, 0x0, 0x0,
    0xdf, 0xf6, 0x9, 0xff, 0xd0, 0x0, 0x0, 0xf,
    0xff, 0x40, 0x3f, 0xff, 0xc4, 0x11, 0x4c, 0xff,
    0xe0, 0x0, 0x6f, 0xff, 0xff, 0xff, 0xff, 0xf4,
    0x0, 0x0, 0x4c, 0xff, 0xff, 0xff, 0xb3, 0x0,
    0x0, 0x0, 0x2, 0x46, 0x64, 0x20, 0x0, 0x0,

    /* U+0074 "t" */
    0x0, 0x5, 0xff, 0xf0, 0x0, 0x0, 0x0, 0x5f,
    0xff, 0x0, 0x0, 0x0, 0x5, 0xff, 0xf0, 0x0,
    0x0, 0x0, 0x5f, 0xff, 0x0, 0x0, 0x0, 0x5,
    0xff, 0xf0, 0x0, 0x0, 0x0, 0x5f, 0xff, 0x0,
    0x0, 0x9f, 0xff, 0xff, 0xff, 0xff, 0x79, 0xff,
    0xff, 0xff, 0xff, 0xf7, 0x6a, 0xac, 0xff, 0xfa,
    0xaa, 0x50, 0x0, 0x5f, 0xff, 0x0, 0x0, 0x0,
    0x5, 0xff, 0xf0, 0x0, 0x0, 0x0, 0x5f, 0xff,
    0x0, 0x0, 0x0, 0x5, 0xff, 0xf0, 0x0, 0x0,
    0x0, 0x5f, 0xff, 0x0, 0x0, 0x0, 0x5, 0xff,
    0xf0, 0x0, 0x0, 0x0, 0x5f, 0xff, 0x0, 0x0,
    0x0, 0x5, 0xff, 0xf0, 0x0, 0x0, 0x0, 0x2f,
    0xff, 0x70, 0x0, 0x0, 0x0, 0xef, 0xff, 0xec,
    0x50, 0x0, 0x5, 0xff, 0xff, 0xf6, 0x0, 0x0,
    0x3, 0xbe, 0xfe, 0x50,

    /* U+0075 "u" */
    0xff, 0xf5, 0x0, 0x0, 0x0, 0xcf, 0xf8, 0xff,
    0xf5, 0x0, 0x0, 0x0, 0xcf, 0xf8, 0xff, 0xf5,
    0x0, 0x0, 0x0, 0xcf, 0xf8, 0xff, 0xf5, 0x0,
    0x0, 0x0, 0xcf, 0xf8, 0xff, 0xf5, 0x0, 0x0,
    0x0, 0xcf, 0xf8, 0xff, 0xf5, 0x0, 0x0, 0x0,
    0xcf, 0xf8, 0xff, 0xf5, 0x0, 0x0, 0x0, 0xcf,
    0xf8, 0xff, 0xf5, 0x0, 0x0, 0x0, 0xcf, 0xf8,
    0xff, 0xf5, 0x0, 0x0, 0x0, 0xdf, 0xf8, 0xff,
    0xf6, 0x0, 0x0, 0x0, 0xff, 0xf8, 0xdf, 0xf8,
    0x0, 0x0, 0x2, 0xff, 0xf8, 0xaf, 0xfe, 0x0,
    0x0, 0xb, 0xff, 0xf8, 0x5f, 0xff, 0xd5, 0x24,
    0xbf, 0xff, 0xf8, 0xb, 0xff, 0xff, 0xff, 0xfd,
    0xcf, 0xf8, 0x0, 0x9f, 0xff, 0xff, 0xb1, 0xcf,
    0xf8, 0x0, 0x2, 0x57, 0x62, 0x0, 0x0, 0x0,

    /* U+0076 "v" */
    0x7f, 0xff, 0x10, 0x0, 0x0, 0x0, 0xef, 0xf8,
    0x1f, 0xff, 0x60, 0x0, 0x0, 0x3, 0xff, 0xf2,
    0xb, 0xff, 0xc0, 0x0, 0x0, 0x9, 0xff, 0xc0,
    0x5, 0xff, 0xf2, 0x0, 0x0, 0xe, 0xff, 0x60,
    0x0, 0xef, 0xf7, 0x0, 0x0, 0x4f, 0xff, 0x0,
    0x0, 0x8f, 0xfd, 0x0, 0x0, 0xaf, 0xf9, 0x0,
    0x0, 0x2f, 0xff, 0x30, 0x0, 0xff, 0xf3, 0x0,
    0x0, 0xb, 0xff, 0x80, 0x5, 0xff, 0xd0, 0x0,
    0x0, 0x5, 0xff, 0xe0, 0xa, 0xff, 0x70, 0x0,
    0x0, 0x0, 0xef, 0xf4, 0xf, 0xff, 0x10, 0x0,
    0x0, 0x0, 0x9f, 0xf9, 0x5f, 0xfb, 0x0, 0x0,
    0x0, 0x0, 0x2f, 0xfe, 0xbf, 0xf4, 0x0, 0x0,
    0x0, 0x0, 0xc, 0xff, 0xff, 0xe0, 0x0, 0x0,
    0x0, 0x0, 0x6, 0xff, 0xff, 0x80, 0x0, 0x0,
    0x0, 0x0, 0x0, 0xff, 0xff, 0x20, 0x0, 0x0,

    /* U+0077 "w" */
    0x7f, 0xff, 0x0, 0x0, 0x0, 0x7f, 0xff, 0xf1,
    0x0, 0x0, 0x4, 0xff, 0xf0, 0x2f, 0xff, 0x40,
    0x0, 0x0, 0xcf, 0xff, 0xf6, 0x0, 0x0, 0x9,
    0xff, 0xa0, 0xd, 0xff, 0x90, 0x0, 0x0, 0xff,
    0xff, 0xfb, 0x0, 0x0, 0xd, 0xff, 0x50, 0x8,
    0xff, 0xd0, 0x0, 0x5, 0xff, 0xaf, 0xff, 0x0,
    0x0, 0x2f, 0xff, 0x0, 0x2, 0xff, 0xf2, 0x0,
    0x9, 0xff, 0x5b, 0xff, 0x40, 0x0, 0x7f, 0xfa,
    0x0, 0x0, 0xdf, 0xf7, 0x0, 0xe, 0xff, 0x16,
    0xff, 0x80, 0x0, 0xbf, 0xf5, 0x0, 0x0, 0x8f,
    0xfb, 0x0, 0x2f, 0xfc, 0x2, 0xff, 0xd0, 0x0,
    0xff, 0xf0, 0x0, 0x0, 0x3f, 0xff, 0x0, 0x6f,
    0xf8, 0x0, 0xdf, 0xf2, 0x5, 0xff, 0xb0, 0x0,
    0x0, 0xd, 0xff, 0x40, 0xbf, 0xf3, 0x0, 0x9f,
    0xf6, 0x9, 0xff, 0x60, 0x0, 0x0, 0x8, 0xff,
    0x90, 0xff, 0xe0, 0x0, 0x4f, 0xfb, 0xe, 0xff,
    0x10, 0x0, 0x0, 0x3, 0xff, 0xe4, 0xff, 0xa0,
    0x0, 0xf, 0xff, 0x3f, 0xfc, 0x0, 0x0, 0x0,
    0x0, 0xef, 0xfb, 0xff, 0x50, 0x0, 0xb, 0xff,
    0xbf, 0xf6, 0x0, 0x0, 0x0, 0x0, 0x9f, 0xff,
    0xff, 0x10, 0x0, 0x6, 0xff, 0xff, 0xf1, 0x0,
    0x0, 0x0, 0x0, 0x3f, 0xff, 0xfc, 0x0, 0x0,
    0x1, 0xff, 0xff, 0xc0, 0x0, 0x0, 0x0, 0x0,
    0xe, 0xff, 0xf7, 0x0, 0x0, 0x0, 0xdf, 0xff,
    0x70, 0x0, 0x0,

    /* U+0078 "x" */
    0x1e, 0xff, 0xc0, 0x0, 0x0, 0xd, 0xff, 0xc0,
    0x4, 0xff, 0xf8, 0x0, 0x0, 0x9f, 0xfe, 0x10,
    0x0, 0x8f, 0xff, 0x30, 0x5, 0xff, 0xf4, 0x0,
    0x0, 0xc, 0xff, 0xd0, 0x1e, 0xff, 0x80, 0x0,
    0x0, 0x2, 0xff, 0xf9, 0xbf, 0xfb, 0x0, 0x0,
    0x0, 0x0, 0x5f, 0xff, 0xff, 0xe1, 0x0, 0x0,
    0x0, 0x0, 0x9, 0xff, 0xff, 0x30, 0x0, 0x0,
    0x0, 0x0, 0x3, 0xff, 0xfd, 0x0, 0x0, 0x0,
    0x0, 0x0, 0xd, 0xff, 0xff, 0x80, 0x0, 0x0,
    0x0, 0x0, 0xaf, 0xfd, 0xff, 0xf4, 0x0, 0x0,
    0x0, 0x6, 0xff, 0xf2, 0x9f, 0xfe, 0x10, 0x0,
    0x0, 0x2f, 0xff, 0x70, 0xd, 0xff, 0xc0, 0x0,
    0x0, 0xdf, 0xfb, 0x0, 0x3, 0xff, 0xf8, 0x0,
    0xa, 0xff, 0xe1, 0x0, 0x0, 0x8f, 0xff, 0x40,
    0x6f, 0xff, 0x40, 0x0, 0x0, 0xc, 0xff, 0xe1,

    /* U+0079 "y" */
    0x7f, 0xff, 0x30, 0x0, 0x0, 0x1, 0xff, 0xf6,
    0x1f, 0xff, 0x90, 0x0, 0x0, 0x6, 0xff, 0xf0,
    0xa, 0xff, 0xe0, 0x0, 0x0, 0xb, 0xff, 0xa0,
    0x4, 0xff, 0xf4, 0x0, 0x0, 0x1f, 0xff, 0x40,
    0x0, 0xdf, 0xfa, 0x0, 0x0, 0x6f, 0xfe, 0x0,
    0x0, 0x7f, 0xff, 0x0, 0x0, 0xbf, 0xf8, 0x0,
    0x0, 0x1f, 0xff, 0x60, 0x1, 0xff, 0xf2, 0x0,
    0x0, 0xa, 0xff, 0xb0, 0x6, 0xff, 0xc0, 0x0,
    0x0, 0x3, 0xff, 0xf1, 0xb, 0xff, 0x60, 0x0,
    0x0, 0x0, 0xdf, 0xf7, 0x1f, 0xff, 0x0, 0x0,
    0x0, 0x0, 0x6f, 0xfc, 0x6f, 0xfa, 0x0, 0x0,
    0x0, 0x0, 0xf, 0xff, 0xcf, 0xf4, 0x0, 0x0,
    0x0, 0x0, 0x9, 0xff, 0xff, 0xe0, 0x0, 0x0,
    0x0, 0x0, 0x2, 0xff, 0xff, 0x80, 0x0, 0x0,
    0x0, 0x0, 0x0, 0xcf, 0xff, 0x20, 0x0, 0x0,
    0x0, 0x0, 0x0, 0xbf, 0xfc, 0x0, 0x0, 0x0,
    0x0, 0x0, 0x1, 0xff, 0xf6, 0x0, 0x0, 0x0,
    0x0, 0x0, 0x7, 0xff, 0xf0, 0x0, 0x0, 0x0,
    0x0, 0x0, 0xd, 0xff, 0xa0, 0x0, 0x0, 0x0,
    0x0, 0x0, 0x3f, 0xff, 0x40, 0x0, 0x0, 0x0,
    0x0, 0x0, 0xaf, 0xfe, 0x0, 0x0, 0x0, 0x0,
    0x0, 0x0, 0xff, 0xf8, 0x0, 0x0, 0x0, 0x0,

    /* U+007A "z" */
    0x8f, 0xff, 0xff, 0xff, 0xff, 0xff, 0xc0, 0x8f,
    0xff, 0xff, 0xff, 0xff, 0xff, 0xc0, 0x59, 0x99,
    0x99, 0x99, 0x9f, 0xff, 0xc0, 0x0, 0x0, 0x0,
    0x0, 0xaf, 0xff, 0x40, 0x0, 0x0, 0x0, 0x9,
    0xff, 0xf4, 0x0, 0x0, 0x0, 0x0, 0x9f, 0xff,
    0x50, 0x0, 0x0, 0x0, 0x8, 0xff, 0xf5, 0x0,
    0x0, 0x0, 0x0, 0x7f, 0xff, 0x60, 0x0, 0x0,
    0x0, 0x7, 0xff, 0xf7, 0x0, 0x0, 0x0, 0x0,
    0x6f, 0xff, 0x70, 0x0, 0x0, 0x0, 0x5, 0xff,
    0xf8, 0x0, 0x0, 0x0, 0x0, 0x5f, 0xff, 0x90,
    0x0, 0x0, 0x0, 0x0, 0xef, 0xff, 0xa9, 0x99,
    0x99, 0x99, 0x90, 0xef, 0xff, 0xff, 0xff, 0xff,
    0xff, 0xf1, 0xef, 0xff, 0xff, 0xff, 0xff, 0xff,
    0xf1,

    /* U+007B "{" */
    0x0, 0x0, 0x0, 0x25, 0x74, 0x0, 0x0, 0x1a,
    0xff, 0xf9, 0x0, 0x0, 0xaf, 0xff, 0xf9, 0x0,
    0x2, 0xff, 0xf9, 0x10, 0x0, 0x5, 0xff, 0xe0,
    0x0, 0x0, 0x8, 0xff, 0xb0, 0x0, 0x0, 0x8,
    0xff, 0xa0, 0x0, 0x0, 0x8, 0xff, 0xa0, 0x0,
    0x0, 0x8, 0xff, 0xa0, 0x0, 0x0, 0x8, 0xff,
    0xa0, 0x0, 0x0, 0xa, 0xff, 0xa0, 0x0, 0x0,
    0x1e, 0xff, 0x80, 0x0, 0x27, 0xef, 0xff, 0x20,
    0x0, 0x8f, 0xff, 0xd4, 0x0, 0x0, 0x8f, 0xfe,
    0x60, 0x0, 0x0, 0x6e, 0xff, 0xfc, 0x0, 0x0,
    0x0, 0x6f, 0xff, 0x60, 0x0, 0x0, 0xc, 0xff,
    0xa0, 0x0, 0x0, 0x9, 0xff, 0xb0, 0x0, 0x0,
    0x8, 0xff, 0xb0, 0x0, 0x0, 0x8, 0xff, 0xb0,
    0x0, 0x0, 0x8, 0xff, 0xb0, 0x0, 0x0, 0x8,
    0xff, 0xb0, 0x0, 0x0, 0x6, 0xff, 0xd0, 0x0,
    0x0, 0x4, 0xff, 0xf3, 0x0, 0x0, 0x0, 0xef,
    0xff, 0xa5, 0x0, 0x0, 0x5f, 0xff, 0xf9, 0x0,
    0x0, 0x2, 0xad, 0xf9,

    /* U+007C "|" */
    0x37, 0x75, 0x7f, 0xfb, 0x7f, 0xfb, 0x7f, 0xfb,
    0x7f, 0xfb, 0x7f, 0xfb, 0x7f, 0xfb, 0x7f, 0xfb,
    0x7f, 0xfb, 0x7f, 0xfb, 0x7f, 0xfb, 0x7f, 0xfb,
    0x7f, 0xfb, 0x7f, 0xfb, 0x7f, 0xfb, 0x7f, 0xfb,
    0x7f, 0xfb, 0x7f, 0xfb, 0x7f, 0xfb, 0x7f, 0xfb,
    0x7f, 0xfb, 0x7f, 0xfb, 0x7f, 0xfb, 0x7f, 0xfb,
    0x7f, 0xfb, 0x7f, 0xfb, 0x7f, 0xfb, 0x7f, 0xfb,

    /* U+007D "}" */
    0x7, 0x74, 0x10, 0x0, 0x0, 0x0, 0xff, 0xfe,
    0x60, 0x0, 0x0, 0xf, 0xff, 0xff, 0x30, 0x0,
    0x0, 0x4, 0xef, 0xfb, 0x0, 0x0, 0x0, 0x6,
    0xff, 0xe0, 0x0, 0x0, 0x0, 0x3f, 0xff, 0x10,
    0x0, 0x0, 0x2, 0xff, 0xf1, 0x0, 0x0, 0x0,
    0x2f, 0xff, 0x10, 0x0, 0x0, 0x2, 0xff, 0xf1,
    0x0, 0x0, 0x0, 0x2f, 0xff, 0x10, 0x0, 0x0,
    0x2, 0xff, 0xf3, 0x0, 0x0, 0x0, 0xf, 0xff,
    0x80, 0x0, 0x0, 0x0, 0x9f, 0xff, 0xa4, 0x0,
    0x0, 0x0, 0xaf, 0xff, 0xf1, 0x0, 0x0, 0x2,
    0xaf, 0xff, 0x10, 0x0, 0x3, 0xff, 0xff, 0xd1,
    0x0, 0x0, 0xcf, 0xfd, 0x20, 0x0, 0x0, 0xf,
    0xff, 0x50, 0x0, 0x0, 0x1, 0xff, 0xf2, 0x0,
    0x0, 0x0, 0x1f, 0xff, 0x10, 0x0, 0x0, 0x1,
    0xff, 0xf1, 0x0, 0x0, 0x0, 0x1f, 0xff, 0x10,
    0x0, 0x0, 0x2, 0xff, 0xf1, 0x0, 0x0, 0x0,
    0x3f, 0xff, 0x0, 0x0, 0x0, 0x9, 0xff, 0xd0,
    0x0, 0x0, 0x8b, 0xff, 0xf8, 0x0, 0x0, 0xf,
    0xff, 0xfd, 0x0, 0x0, 0x0, 0xff, 0xc8, 0x0,
    0x0, 0x0,

    /* U+007E "~" */
    0x0, 0x0, 0x0, 0x0, 0x0, 0x0, 0x0, 0x0,
    0x2a, 0xef, 0xec, 0x85, 0x21, 0x9f, 0xfa, 0x2e,
    0xff, 0xff, 0xff, 0xff, 0xff, 0xff, 0x7a, 0xff,
    0xff, 0xff, 0xff, 0xff, 0xff, 0xd0, 0xdf, 0xf7,
    0x2, 0x58, 0xce, 0xfd, 0x91, 0x0,

    /* U+00A0 " " */

    /* U+00A1 "¡" */
    0x1, 0x11, 0x12, 0xff, 0xfe, 0x2f, 0xff, 0xe2,
    0xff, 0xfe, 0x2f, 0xff, 0xe0, 0x0, 0x0, 0x0,
    0x0, 0x0, 0xf, 0xa0, 0x1, 0xfc, 0x0, 0x3f,
    0xe0, 0x5, 0xff, 0x0, 0x6f, 0xf2, 0x8, 0xff,
    0x40, 0xaf, 0xf5, 0xc, 0xff, 0x70, 0xef, 0xf9,
    0xf, 0xff, 0xa0, 0xff, 0xfa, 0xf, 0xff, 0xa0,
    0xff, 0xfa, 0xf, 0xff, 0xa0, 0xff, 0xfa, 0xf,
    0xff, 0xa0,

    /* U+00A2 "¢" */
    0x0, 0x0, 0x0, 0x0, 0x0, 0x0, 0x0, 0x0,
    0x0, 0x0, 0x0, 0x0, 0x4, 0xff, 0x60, 0x0,
    0x0, 0x0, 0x0, 0x0, 0x0, 0x4, 0xff, 0x60,
    0x0, 0x0, 0x0, 0x0, 0x0, 0x0, 0x4, 0xff,
    0x60, 0x0, 0x0, 0x0, 0x0, 0x0, 0x2, 0x8c,
    0xff, 0xd9, 0x40, 0x0, 0x0, 0x0, 0x0, 0x9f,
    0xff, 0xff, 0xff, 0xfd, 0x30, 0x0, 0x0, 0x1c,
    0xff, 0xff, 0xff, 0xff, 0xff, 0xf6, 0x0, 0x0,
    0xdf, 0xff, 0xa7, 0xff, 0x77, 0xff, 0xff, 0x20,
    0x7, 0xff, 0xf7, 0x4, 0xff, 0x60, 0x2f, 0xff,
    0xb0, 0xe, 0xff, 0xa0, 0x4, 0xff, 0x60, 0x7,
    0xff, 0xf1, 0x7f, 0xff, 0x20, 0x4, 0xff, 0x60,
    0x1, 0xff, 0xf5, 0xbf, 0xfc, 0x0, 0x4, 0xff,
    0x60, 0x0, 0x22, 0x21, 0xdf, 0xfa, 0x0, 0x4,
    0xff, 0x60, 0x0, 0x0, 0x0, 0xff, 0xf8, 0x0,
    0x4, 0xff, 0x60, 0x0, 0x0, 0x0, 0xef, 0xf8,
    0x0, 0x4, 0xff, 0x60, 0x0, 0x0, 0x0, 0xdf,
    0xfa, 0x0, 0x4, 0xff, 0x60, 0x0, 0x0, 0x0,
    0xbf, 0xfd, 0x0, 0x4, 0xff, 0x60, 0x0, 0x34,
    0x42, 0x7f, 0xff, 0x30, 0x4, 0xff, 0x60, 0x1,
    0xff, 0xf5, 0x1f, 0xff, 0xb0, 0x4, 0xff, 0x60,
    0x7, 0xff, 0xf1, 0x7, 0xff, 0xf8, 0x4, 0xff,
    0x60, 0x4f, 0xff, 0xa0, 0x0, 0xef, 0xff, 0xc8,
    0xff, 0x89, 0xff, 0xfe, 0x10, 0x0, 0x3e, 0xff,
    0xff, 0xff, 0xff, 0xff, 0xf4, 0x0, 0x0, 0x1,
    0xbf, 0xff, 0xff, 0xff, 0xfc, 0x20, 0x0, 0x0,
    0x0, 0x3, 0x8c, 0xff, 0xd8, 0x30, 0x0, 0x0,
    0x0, 0x0, 0x0, 0x4, 0xff, 0x60, 0x0, 0x0,
    0x0, 0x0, 0x0, 0x0, 0x4, 0xff, 0x60, 0x0,
    0x0, 0x0, 0x0, 0x0, 0x0, 0x4, 0xff, 0x60,
    0x0, 0x0, 0x0,

    /* U+00A3 "£" */
    0x0, 0x0, 0x0, 0x0, 0x13, 0x67, 0x42, 0x0,
    0x0, 0x0, 0x0, 0x0, 0x1, 0xaf, 0xff, 0xff,
    0xfd, 0x40, 0x0, 0x0, 0x0, 0x5, 0xff, 0xff,
    0xff, 0xff, 0xff, 0x80, 0x0, 0x0, 0x1, 0xef,
    0xff, 0xb8, 0x7a, 0xff, 0xff, 0x30, 0x0, 0x0,
    0xbf, 0xff, 0x50, 0x0, 0x2, 0xef, 0xfd, 0x0,
    0x0, 0x1f, 0xff, 0xa0, 0x0, 0x0, 0x7, 0xff,
    0xf1, 0x0, 0x4, 0xff, 0xf5, 0x0, 0x0, 0x0,
    0x2f, 0xff, 0x40, 0x0, 0x5f, 0xff, 0x30, 0x0,
    0x0, 0x0, 0x55, 0x52, 0x0, 0x5, 0xff, 0xf2,
    0x0, 0x0, 0x0, 0x0, 0x0, 0x0, 0x0, 0x5f,
    0xff, 0x20, 0x0, 0x0, 0x0, 0x0, 0x0, 0x0,
    0x5, 0xff, 0xf2, 0x0, 0x0, 0x0, 0x0, 0x0,
    0xd, 0xff, 0xff, 0xff, 0xff, 0xff, 0xff, 0xfa,
    0x0, 0x0, 0xdf, 0xff, 0xff, 0xff, 0xff, 0xff,
    0xff, 0xa0, 0x0, 0xb, 0xdd, 0xef, 0xff, 0xed,
    0xdd, 0xdd, 0xd8, 0x0, 0x0, 0x0, 0x5, 0xff,
    0xf2, 0x0, 0x0, 0x0, 0x0, 0x0, 0x0, 0x0,
    0x5f, 0xff, 0x20, 0x0, 0x0, 0x0, 0x0, 0x0,
    0x0, 0x5, 0xff, 0xf2, 0x0, 0x0, 0x0, 0x0,
    0x0, 0x0, 0x0, 0x5f, 0xff, 0x20, 0x0, 0x0,
    0x0, 0x0, 0x0, 0x0, 0x5, 0xff, 0xf2, 0x0,
    0x0, 0x0, 0x0, 0x0, 0x0, 0x0, 0x5f, 0xff,
    0x20, 0x0, 0x0, 0x0, 0x0, 0x0, 0x6f, 0xff,
    0xff, 0xff, 0xff, 0xff, 0xff, 0xff, 0xff, 0x76,
    0xff, 0xff, 0xff, 0xff, 0xff, 0xff, 0xff, 0xff,
    0xf8, 0x6f, 0xff, 0xff, 0xff, 0xff, 0xff, 0xff,
    0xff, 0xff, 0x80,

    /* U+00A4 "¤" */
    0x2, 0xb1, 0x0, 0x0, 0x0, 0x0, 0x0, 0x1,
    0xb2, 0x2, 0xef, 0xc1, 0x2, 0x79, 0xb9, 0x72,
    0x1, 0xdf, 0xe2, 0x1d, 0xff, 0xdb, 0xff, 0xff,
    0xff, 0xfa, 0xdf, 0xfd, 0x10, 0x1d, 0xff, 0xff,
    0xff, 0xff, 0xff, 0xff, 0xfd, 0x10, 0x0, 0x2f,
    0xff, 0xf8, 0x30, 0x38, 0xff, 0xff, 0x10, 0x0,
    0x6, 0xff, 0xf4, 0x0, 0x0, 0x5, 0xff, 0xf5,
    0x0, 0x0, 0xdf, 0xfa, 0x0, 0x0, 0x0, 0xb,
    0xff, 0xc0, 0x0, 0x1f, 0xff, 0x30, 0x0, 0x0,
    0x0, 0x4f, 0xff, 0x0, 0x3, 0xff, 0xf1, 0x0,
    0x0, 0x0, 0x1, 0xff, 0xf3, 0x0, 0x5f, 0xff,
    0x0, 0x0, 0x0, 0x0, 0xf, 0xff, 0x40, 0x4,
    0xff, 0xf0, 0x0, 0x0, 0x0, 0x1, 0xff, 0xf3,
    0x0, 0x2f, 0xff, 0x20, 0x0, 0x0, 0x0, 0x3f,
    0xff, 0x10, 0x0, 0xef, 0xf8, 0x0, 0x0, 0x0,
    0x8, 0xff, 0xe0, 0x0, 0x8, 0xff, 0xf1, 0x0,
    0x0, 0x2, 0xff, 0xf7, 0x0, 0x0, 0x1f, 0xff,
    0xe4, 0x0, 0x5, 0xef, 0xff, 0x10, 0x0, 0xa,
    0xff, 0xff, 0xff, 0xdf, 0xff, 0xff, 0xfa, 0x0,
    0xa, 0xff, 0xee, 0xff, 0xff, 0xff, 0xfe, 0xef,
    0xfa, 0x3, 0xff, 0xe3, 0x6, 0xbd, 0xfd, 0xb5,
    0x3, 0xff, 0xf3, 0x5, 0xe3, 0x0, 0x0, 0x0,
    0x0, 0x0, 0x3, 0xe4, 0x0, 0x0, 0x0, 0x0,
    0x0, 0x0, 0x0, 0x0, 0x0, 0x0,

    /* U+00A5 "¥" */
    0xb, 0xff, 0xf4, 0x0, 0x0, 0x0, 0x0, 0xc,
    0xff, 0xf1, 0x2, 0xff, 0xfd, 0x0, 0x0, 0x0,
    0x0, 0x5f, 0xff, 0x70, 0x0, 0x8f, 0xff, 0x60,
    0x0, 0x0, 0x0, 0xef, 0xfd, 0x0, 0x0, 0xe,
    0xff, 0xe0, 0x0, 0x0, 0x7, 0xff, 0xf3, 0x0,
    0x0, 0x5, 0xff, 0xf7, 0x0, 0x0, 0x1f, 0xff,
    0xa0, 0x0, 0x0, 0x0, 0xbf, 0xfe, 0x10, 0x0,
    0x9f, 0xff, 0x10, 0x0, 0x0, 0x0, 0x2f, 0xff,
    0x80, 0x2, 0xff, 0xf6, 0x0, 0x0, 0x0, 0x0,
    0x8, 0xff, 0xf1, 0xb, 0xff, 0xc0, 0x0, 0x0,
    0x0, 0x0, 0x0, 0xef, 0xf9, 0x4f, 0xff, 0x30,
    0x0, 0x0, 0x0, 0x0, 0x0, 0x5f, 0xff, 0xdf,
    0xf9, 0x0, 0x0, 0x0, 0x0, 0xbf, 0xff, 0xff,
    0xff, 0xff, 0xff, 0xff, 0xff, 0x10, 0x0, 0xbf,
    0xff, 0xff, 0xff, 0xff, 0xff, 0xff, 0xff, 0x10,
    0x0, 0x68, 0x88, 0x88, 0xcf, 0xfe, 0x88, 0x88,
    0x88, 0x0, 0x0, 0x0, 0x0, 0x0, 0x9f, 0xfd,
    0x0, 0x0, 0x0, 0x0, 0x0, 0x0, 0x0, 0x0,
    0x9f, 0xfd, 0x0, 0x0, 0x0, 0x0, 0x0, 0xbf,
    0xff, 0xff, 0xff, 0xff, 0xff, 0xff, 0xff, 0x10,
    0x0, 0xbf, 0xff, 0xff, 0xff, 0xff, 0xff, 0xff,
    0xff, 0x10, 0x0, 0x68, 0x88, 0x88, 0xcf, 0xfe,
    0x88, 0x88, 0x88, 0x0, 0x0, 0x0, 0x0, 0x0,
    0x9f, 0xfd, 0x0, 0x0, 0x0, 0x0, 0x0, 0x0,
    0x0, 0x0, 0x9f, 0xfd, 0x0, 0x0, 0x0, 0x0,
    0x0, 0x0, 0x0, 0x0, 0x9f, 0xfd, 0x0, 0x0,
    0x0, 0x0, 0x0, 0x0, 0x0, 0x0, 0x9f, 0xfd,
    0x0, 0x0, 0x0, 0x0,

    /* U+00A6 "¦" */
    0x6d, 0xd9, 0x7f, 0xfb, 0x7f, 0xfb, 0x7f, 0xfb,
    0x7f, 0xfb, 0x7f, 0xfb, 0x7f, 0xfb, 0x7f, 0xfb,
    0x7f, 0xfb, 0x7f, 0xfb, 0x7f, 0xfb, 0x0, 0x0,
    0x0, 0x0, 0x0, 0x0, 0x0, 0x0, 0x0, 0x0,
    0x0, 0x0, 0x6d, 0xda, 0x7f, 0xfb, 0x7f, 0xfb,
    0x7f, 0xfb, 0x7f, 0xfb, 0x7f, 0xfb, 0x7f, 0xfb,
    0x7f, 0xfb, 0x7f, 0xfb, 0x7f, 0xfb, 0x7f, 0xfb,

    /* U+00A7 "§" */
    0x0, 0x0, 0x3, 0x57, 0x63, 0x0, 0x0, 0x0,
    0x0, 0x6, 0xef, 0xff, 0xff, 0xe7, 0x0, 0x0,
    0x0, 0x9f, 0xff, 0xff, 0xff, 0xff, 0xa0, 0x0,
    0x4, 0xff, 0xfb, 0x43, 0x5c, 0xff, 0xf6, 0x0,
    0x9, 0xff, 0xe0, 0x0, 0x0, 0xef, 0xfb, 0x0,
    0xb, 0xff, 0xe0, 0x0, 0x0, 0x69, 0x99, 0x0,
    0x8, 0xff, 0xf9, 0x0, 0x0, 0x0, 0x0, 0x0,
    0x1, 0xff, 0xff, 0xd5, 0x0, 0x0, 0x0, 0x0,
    0x0, 0x3e, 0xff, 0xff, 0xd6, 0x0, 0x0, 0x0,
    0x0, 0x9, 0xff, 0xff, 0xff, 0xe6, 0x0, 0x0,
    0x1, 0xcf, 0xfd, 0xcf, 0xff, 0xff, 0xd2, 0x0,
    0xc, 0xff, 0xa0, 0x4, 0xbf, 0xff, 0xff, 0x30,
    0x5f, 0xff, 0x0, 0x0, 0x3, 0xcf, 0xff, 0xd0,
    0x9f, 0xfe, 0x0, 0x0, 0x0, 0xb, 0xff, 0xf1,
    0x8f, 0xff, 0x30, 0x0, 0x0, 0x4, 0xff, 0xf3,
    0x4f, 0xff, 0xf6, 0x0, 0x0, 0x6, 0xff, 0xf0,
    0xa, 0xff, 0xff, 0xd6, 0x0, 0x2d, 0xff, 0x80,
    0x0, 0x9f, 0xff, 0xff, 0xe8, 0xff, 0xfa, 0x0,
    0x0, 0x3, 0xbf, 0xff, 0xff, 0xff, 0x50, 0x0,
    0x0, 0x0, 0x3, 0xbf, 0xff, 0xff, 0x70, 0x0,
    0x0, 0x0, 0x0, 0x3, 0xbf, 0xff, 0xf7, 0x0,
    0x0, 0x0, 0x0, 0x0, 0x4, 0xff, 0xff, 0x0,
    0x18, 0x88, 0x30, 0x0, 0x0, 0x6f, 0xff, 0x20,
    0xf, 0xff, 0xa0, 0x0, 0x0, 0x5f, 0xff, 0x10,
    0xa, 0xff, 0xf9, 0x20, 0x15, 0xef, 0xfd, 0x0,
    0x0, 0xdf, 0xff, 0xff, 0xff, 0xff, 0xf3, 0x0,
    0x0, 0x1a, 0xff, 0xff, 0xff, 0xfc, 0x40, 0x0,
    0x0, 0x0, 0x26, 0x8a, 0x97, 0x30, 0x0, 0x0,

    /* U+00A8 "¨" */
    0x5a, 0xaa, 0x10, 0x1a, 0xaa, 0x47, 0xff, 0xf1,
    0x1, 0xff, 0xf7, 0x7f, 0xff, 0x10, 0x1f, 0xff,
    0x77, 0xff, 0xf1, 0x1, 0xff, 0xf7,

    /* U+00A9 "©" */
    0x0, 0x0, 0x0, 0x0, 0x0, 0x24, 0x42, 0x0,
    0x0, 0x0, 0x0, 0x0, 0x0, 0x0, 0x0, 0x5,
    0xbf, 0xff, 0xff, 0xfb, 0x60, 0x0, 0x0, 0x0,
    0x0, 0x0, 0x4, 0xdf, 0xff, 0xff, 0xff, 0xff,
    0xfd, 0x40, 0x0, 0x0, 0x0, 0x0, 0x7f, 0xff,
    0xb6, 0x20, 0x2, 0x6b, 0xff, 0xf8, 0x0, 0x0,
    0x0, 0x8, 0xff, 0xd3, 0x0, 0x0, 0x0, 0x0,
    0x3c, 0xff, 0x90, 0x0, 0x0, 0x5f, 0xfb, 0x0,
    0x0, 0x0, 0x10, 0x0, 0x0, 0xaf, 0xf6, 0x0,
    0x0, 0xef, 0xd0, 0x0, 0x7, 0xdf, 0xff, 0xb3,
    0x0, 0xc, 0xff, 0x10, 0x8, 0xff, 0x30, 0x1,
    0xcf, 0xff, 0xff, 0xff, 0x50, 0x2, 0xff, 0x90,
    0xe, 0xfa, 0x0, 0xa, 0xff, 0xa2, 0x4, 0xef,
    0xf1, 0x0, 0x9f, 0xf0, 0x3f, 0xf5, 0x0, 0x3f,
    0xfb, 0x0, 0x0, 0x4f, 0xf6, 0x0, 0x4f, 0xf4,
    0x7f, 0xf1, 0x0, 0x8f, 0xf3, 0x0, 0x0, 0x9,
    0x95, 0x0, 0xf, 0xf7, 0x8f, 0xf0, 0x0, 0xaf,
    0xf0, 0x0, 0x0, 0x0, 0x0, 0x0, 0xe, 0xf9,
    0x9f, 0xe0, 0x0, 0xcf, 0xe0, 0x0, 0x0, 0x0,
    0x0, 0x0, 0xd, 0xfa, 0x8f, 0xf0, 0x0, 0xaf,
    0xf0, 0x0, 0x0, 0x0, 0x0, 0x0, 0xe, 0xf8,
    0x6f, 0xf2, 0x0, 0x8f, 0xf3, 0x0, 0x0, 0xd,
    0xd9, 0x0, 0x1f, 0xf7, 0x2f, 0xf6, 0x0, 0x3f,
    0xfb, 0x0, 0x0, 0x6f, 0xf6, 0x0, 0x5f, 0xf3,
    0xd, 0xfd, 0x0, 0xa, 0xff, 0xb5, 0x37, 0xff,
    0xe1, 0x0, 0xcf, 0xe0, 0x5, 0xff, 0x60, 0x1,
    0xbf, 0xff, 0xff, 0xff, 0x40, 0x5, 0xff, 0x70,
    0x0, 0xcf, 0xf2, 0x0, 0x6, 0xbe, 0xfc, 0x91,
    0x0, 0x2e, 0xfe, 0x0, 0x0, 0x2f, 0xfe, 0x30,
    0x0, 0x0, 0x0, 0x0, 0x2, 0xef, 0xf3, 0x0,
    0x0, 0x4, 0xff, 0xf8, 0x10, 0x0, 0x0, 0x0,
    0x7f, 0xff, 0x50, 0x0, 0x0, 0x0, 0x3e, 0xff,
    0xfb, 0x75, 0x56, 0xaf, 0xff, 0xe4, 0x0, 0x0,
    0x0, 0x0, 0x1, 0x8f, 0xff, 0xff, 0xff, 0xff,
    0xf9, 0x10, 0x0, 0x0, 0x0, 0x0, 0x0, 0x1,
    0x6b, 0xdf, 0xfd, 0xb6, 0x10, 0x0, 0x0, 0x0,

    /* U+00AA "ª" */
    0x0, 0x0, 0x1, 0x0, 0x0, 0x0, 0x5c, 0xff,
    0xea, 0x20, 0x7, 0xff, 0xff, 0xff, 0xe1, 0xf,
    0xff, 0x41, 0x5f, 0xf9, 0x29, 0x95, 0x0, 0xe,
    0xfc, 0x0, 0x16, 0x9b, 0xef, 0xfe, 0x8, 0xff,
    0xfe, 0xbe, 0xfe, 0x5f, 0xfb, 0x20, 0xc, 0xfe,
    0x9f, 0xf2, 0x0, 0xe, 0xfe, 0x7f, 0xf9, 0x22,
    0xbf, 0xfe, 0x1e, 0xff, 0xff, 0xec, 0xfe, 0x2,
    0xae, 0xea, 0x36, 0x98,

    /* U+00AB "«" */
    0x0, 0x0, 0x0, 0x10, 0x0, 0x0, 0x1, 0x0,
    0x0, 0x7, 0x80, 0x0, 0x0, 0x69, 0x0, 0x0,
    0x9f, 0x80, 0x0, 0x8, 0xf9, 0x0, 0xa, 0xff,
    0x80, 0x0, 0xaf, 0xf9, 0x1, 0xcf, 0xff, 0x70,
    0xb, 0xff, 0xf7, 0x1d, 0xff, 0xf7, 0x1, 0xcf,
    0xff, 0x70, 0xaf, 0xff, 0x40, 0x9, 0xff, 0xf5,
    0x0, 0xaf, 0xe2, 0x0, 0x9, 0xfe, 0x30, 0x0,
    0xaf, 0xf6, 0x0, 0x9, 0xff, 0x70, 0x0, 0x9f,
    0xff, 0x90, 0x8, 0xff, 0xf9, 0x0, 0xa, 0xff,
    0xfb, 0x10, 0x9f, 0xff, 0xc1, 0x0, 0x8f, 0xff,
    0x80, 0x7, 0xff, 0xf9, 0x0, 0x6, 0xff, 0x80,
    0x0, 0x6f, 0xf9, 0x0, 0x0, 0x5f, 0x80, 0x0,
    0x4, 0xf9, 0x0, 0x0, 0x3, 0x70, 0x0, 0x0,
    0x38, 0x0, 0x0, 0x0, 0x0, 0x0, 0x0, 0x0,

    /* U+00AC "¬" */
    0x1d, 0xdd, 0xdd, 0xdd, 0xdd, 0xdd, 0xdd, 0xdd,
    0x11, 0xff, 0xff, 0xff, 0xff, 0xff, 0xff, 0xff,
    0xf1, 0x1f, 0xff, 0xff, 0xff, 0xff, 0xff, 0xff,
    0xff, 0x10, 0x0, 0x0, 0x0, 0x0, 0x0, 0x0,
    0xef, 0xf1, 0x0, 0x0, 0x0, 0x0, 0x0, 0x0,
    0xe, 0xff, 0x10, 0x0, 0x0, 0x0, 0x0, 0x0,
    0x0, 0xef, 0xf1, 0x0, 0x0, 0x0, 0x0, 0x0,
    0x0, 0xe, 0xff, 0x10, 0x0, 0x0, 0x0, 0x0,
    0x0, 0x0, 0xef, 0xf1,

    /* U+00AD "­" */
    0x2, 0x22, 0x22, 0x22, 0x20, 0x1f, 0xff, 0xff,
    0xff, 0xf3, 0x1f, 0xff, 0xff, 0xff, 0xf3, 0x1f,
    0xff, 0xff, 0xff, 0xf3,

    /* U+00AE "®" */
    0x0, 0x0, 0x0, 0x5a, 0xcd, 0xb7, 0x20, 0x0,
    0x0, 0x0, 0x0, 0x6e, 0xff, 0xff, 0xff, 0xfa,
    0x10, 0x0, 0x0, 0xa, 0xff, 0xa4, 0x10, 0x27,
    0xef, 0xd2, 0x0, 0x0, 0x9f, 0xe4, 0x0, 0x0,
    0x0, 0x1b, 0xfd, 0x10, 0x4, 0xff, 0x21, 0xaa,
    0xaa, 0x94, 0x0, 0xbf, 0xa0, 0xc, 0xf7, 0x1,
    0xff, 0xff, 0xff, 0x70, 0x2f, 0xf2, 0x2f, 0xe0,
    0x1, 0xfc, 0x0, 0x5f, 0xd0, 0x8, 0xf7, 0x6f,
    0x90, 0x1, 0xfc, 0x0, 0x1f, 0xc0, 0x3, 0xfb,
    0x8f, 0x70, 0x1, 0xfe, 0x9a, 0xef, 0x40, 0x1,
    0xfd, 0x8f, 0x70, 0x1, 0xff, 0xff, 0xfc, 0x10,
    0x1, 0xfd, 0x6f, 0x90, 0x1, 0xfc, 0x0, 0x8f,
    0x80, 0x3, 0xfc, 0x3f, 0xd0, 0x1, 0xfc, 0x0,
    0x3f, 0xb0, 0x7, 0xf8, 0xd, 0xf6, 0x1, 0xfc,
    0x0, 0x2f, 0xc0, 0x1e, 0xf3, 0x5, 0xfe, 0x11,
    0xc9, 0x0, 0x2c, 0x90, 0xaf, 0xb0, 0x0, 0xbf,
    0xd3, 0x0, 0x0, 0x0, 0x9, 0xfe, 0x20, 0x0,
    0xc, 0xff, 0x82, 0x0, 0x5, 0xdf, 0xf3, 0x0,
    0x0, 0x0, 0x9f, 0xff, 0xfe, 0xff, 0xfc, 0x20,
    0x0, 0x0, 0x0, 0x2, 0x8c, 0xef, 0xda, 0x40,
    0x0, 0x0,

    /* U+00AF "¯" */
    0x5a, 0xaa, 0xaa, 0xaa, 0xaa, 0x37, 0xff, 0xff,
    0xff, 0xff, 0xf5, 0x7f, 0xff, 0xff, 0xff, 0xff,
    0x50,

    /* U+00B0 "°" */
    0x0, 0x1, 0x44, 0x10, 0x0, 0x1, 0xaf, 0xff,
    0xfa, 0x10, 0xd, 0xff, 0xff, 0xff, 0xd0, 0x8f,
    0xf8, 0x11, 0x9f, 0xf8, 0xcf, 0xc0, 0x0, 0xd,
    0xfc, 0xef, 0xa0, 0x0, 0xb, 0xfd, 0xbf, 0xe1,
    0x0, 0x1e, 0xfa, 0x4f, 0xfd, 0x77, 0xdf, 0xf4,
    0x8, 0xff, 0xff, 0xff, 0x80, 0x0, 0x4b, 0xee,
    0xb4, 0x0,

    /* U+00B1 "±" */
    0x0, 0x0, 0x0, 0xaf, 0xf3, 0x0, 0x0, 0x0,
    0x0, 0x0, 0x0, 0xbf, 0xf3, 0x0, 0x0, 0x0,
    0x0, 0x0, 0x0, 0xbf, 0xf3, 0x0, 0x0, 0x0,
    0x0, 0x0, 0x0, 0xbf, 0xf3, 0x0, 0x0, 0x0,
    0xbd, 0xdd, 0xdd, 0xff, 0xfe, 0xdd, 0xdd, 0xd4,
    0xdf, 0xff, 0xff, 0xff, 0xff, 0xff, 0xff, 0xf4,
    0xdf, 0xff, 0xff, 0xff, 0xff, 0xff, 0xff, 0xf4,
    0x0, 0x0, 0x0, 0xbf, 0xf3, 0x0, 0x0, 0x0,
    0x0, 0x0, 0x0, 0xbf, 0xf3, 0x0, 0x0, 0x0,
    0x0, 0x0, 0x0, 0xbf, 0xf3, 0x0, 0x0, 0x0,
    0x0, 0x0, 0x0, 0xbf, 0xf3, 0x0, 0x0, 0x0,
    0x0, 0x0, 0x0, 0x0, 0x0, 0x0, 0x0, 0x0,
    0x0, 0x0, 0x0, 0x0, 0x0, 0x0, 0x0, 0x0,
    0xcd, 0xdd, 0xdd, 0xdd, 0xdd, 0xdd, 0xdd, 0xd4,
    0xdf, 0xff, 0xff, 0xff, 0xff, 0xff, 0xff, 0xf4,
    0xdf, 0xff, 0xff, 0xff, 0xff, 0xff, 0xff, 0xf4,

    /* U+00B2 "²" */
    0x0, 0x19, 0xcf, 0xdb, 0x30, 0x0, 0x5f, 0xff,
    0xff, 0xff, 0x80, 0x1f, 0xff, 0x95, 0x7f, 0xff,
    0x38, 0xff, 0x80, 0x0, 0x6f, 0xf8, 0xbf, 0xf3,
    0x0, 0x2, 0xff, 0xb0, 0x0, 0x0, 0x0, 0x5f,
    0xf9, 0x0, 0x0, 0x0, 0x1d, 0xff, 0x30, 0x0,
    0x0, 0x3e, 0xff, 0x90, 0x0, 0x0, 0x9f, 0xff,
    0xa0, 0x0, 0x2, 0xdf, 0xff, 0x60, 0x0, 0x2,
    0xff, 0xfb, 0x10, 0x0, 0x0, 0xdf, 0xf7, 0x0,
    0x0, 0x0, 0x5f, 0xff, 0x88, 0x88, 0x88, 0x6a,
    0xff, 0xff, 0xff, 0xff, 0xfc, 0xcf, 0xff, 0xff,
    0xff, 0xff, 0xc0,

    /* U+00B3 "³" */
    0x0, 0x3, 0xad, 0xfe, 0xb5, 0x0, 0x0, 0x8,
    0xff, 0xff, 0xff, 0xfb, 0x0, 0x5, 0xff, 0xf8,
    0x56, 0xef, 0xf7, 0x0, 0xaf, 0xf6, 0x0, 0x3,
    0xff, 0xc0, 0x4, 0x55, 0x0, 0x0, 0x3f, 0xfb,
    0x0, 0x0, 0x0, 0x24, 0x7d, 0xff, 0x30, 0x0,
    0x0, 0x7, 0xff, 0xfb, 0x30, 0x0, 0x0, 0x0,
    0x7f, 0xff, 0xf7, 0x0, 0x0, 0x0, 0x0, 0x2,
    0xaf, 0xf7, 0x0, 0x33, 0x30, 0x0, 0x0, 0xef,
    0xf0, 0xe, 0xff, 0x0, 0x0, 0xc, 0xff, 0x10,
    0xbf, 0xf5, 0x0, 0x1, 0xff, 0xe0, 0x4, 0xff,
    0xf8, 0x57, 0xef, 0xf9, 0x0, 0x7, 0xff, 0xff,
    0xff, 0xfb, 0x0, 0x0, 0x3, 0xad, 0xfd, 0xb5,
    0x0, 0x0,

    /* U+00B4 "´" */
    0x0, 0x16, 0x66, 0x40, 0xa, 0xff, 0xe2, 0x2,
    0xff, 0xf4, 0x0, 0xbf, 0xf7, 0x0, 0x3f, 0xfa,
    0x0, 0x0,

    /* U+00B5 "µ" */
    0x8f, 0xfc, 0x0, 0x0, 0x0, 0x6f, 0xfe, 0x8f,
    0xfc, 0x0, 0x0, 0x0, 0x6f, 0xfe, 0x8f, 0xfc,
    0x0, 0x0, 0x0, 0x6f, 0xfe, 0x8f, 0xfc, 0x0,
    0x0, 0x0, 0x6f, 0xfe, 0x8f, 0xfc, 0x0, 0x0,
    0x0, 0x6f, 0xfe, 0x8f, 0xfc, 0x0, 0x0, 0x0,
    0x6f, 0xfe, 0x8f, 0xfc, 0x0, 0x0, 0x0, 0x6f,
    0xfe, 0x8f, 0xfc, 0x0, 0x0, 0x0, 0x6f, 0xfe,
    0x8f, 0xfc, 0x0, 0x0, 0x0, 0x6f, 0xfe, 0x8f,
    0xfd, 0x0, 0x0, 0x0, 0x8f, 0xfe, 0x8f, 0xff,
    0x0, 0x0, 0x0, 0xbf, 0xfe, 0x8f, 0xff, 0x60,
    0x0, 0x4, 0xff, 0xfe, 0x8f, 0xff, 0xf7, 0x33,
    0x7f, 0xff, 0xfe, 0x8f, 0xff, 0xff, 0xff, 0xff,
    0x9f, 0xfe, 0x8f, 0xff, 0xff, 0xff, 0xe5, 0x5f,
    0xfe, 0x8f, 0xfb, 0x26, 0x75, 0x0, 0x0, 0x0,
    0x8f, 0xfc, 0x0, 0x0, 0x0, 0x0, 0x0, 0x8f,
    0xfc, 0x0, 0x0, 0x0, 0x0, 0x0, 0x8f, 0xfc,
    0x0, 0x0, 0x0, 0x0, 0x0, 0x8f, 0xfc, 0x0,
    0x0, 0x0, 0x0, 0x0, 0x8f, 0xfc, 0x0, 0x0,
    0x0, 0x0, 0x0, 0x8f, 0xfc, 0x0, 0x0, 0x0,
    0x0, 0x0,

    /* U+00B6 "¶" */
    0x0, 0x0, 0x6b, 0xdf, 0xff, 0xff, 0xff, 0xf6,
    0x0, 0x3d, 0xff, 0xff, 0xff, 0xff, 0xff, 0xf6,
    0x1, 0xef, 0xff, 0xff, 0xff, 0x88, 0xbf, 0xf6,
    0x9, 0xff, 0xff, 0xff, 0xff, 0x0, 0x5f, 0xf6,
    0xd, 0xff, 0xff, 0xff, 0xff, 0x0, 0x5f, 0xf6,
    0xf, 0xff, 0xff, 0xff, 0xff, 0x0, 0x5f, 0xf6,
    0xf, 0xff, 0xff, 0xff, 0xff, 0x0, 0x5f, 0xf6,
    0xc, 0xff, 0xff, 0xff, 0xff, 0x0, 0x5f, 0xf6,
    0x7, 0xff, 0xff, 0xff, 0xff, 0x0, 0x5f, 0xf6,
    0x0, 0xbf, 0xff, 0xff, 0xff, 0x0, 0x5f, 0xf6,
    0x0, 0x8, 0xff, 0xff, 0xff, 0x0, 0x5f, 0xf6,
    0x0, 0x0, 0x14, 0x7e, 0xff, 0x0, 0x5f, 0xf6,
    0x0, 0x0, 0x0, 0xc, 0xff, 0x0, 0x5f, 0xf6,
    0x0, 0x0, 0x0, 0xc, 0xff, 0x0, 0x5f, 0xf6,
    0x0, 0x0, 0x0, 0xc, 0xff, 0x0, 0x5f, 0xf6,
    0x0, 0x0, 0x0, 0xc, 0xff, 0x0, 0x5f, 0xf6,
    0x0, 0x0, 0x0, 0xc, 0xff, 0x0, 0x5f, 0xf6,
    0x0, 0x0, 0x0, 0xc, 0xff, 0x0, 0x5f, 0xf6,
    0x0, 0x0, 0x0, 0xc, 0xff, 0x0, 0x5f, 0xf6,
    0x0, 0x0, 0x0, 0xc, 0xff, 0x0, 0x5f, 0xf6,
    0x0, 0x0, 0x0, 0xc, 0xff, 0x0, 0x5f, 0xf6,
    0x0, 0x0, 0x0, 0xc, 0xff, 0x0, 0x5f, 0xf6,
    0x0, 0x0, 0x0, 0xc, 0xff, 0x0, 0x5f, 0xf6,
    0x0, 0x0, 0x0, 0xc, 0xff, 0x0, 0x5f, 0xf6,
    0x0, 0x0, 0x0, 0xc, 0xff, 0x0, 0x5f, 0xf6,
    0x0, 0x0, 0x0, 0xc, 0xff, 0x0, 0x5f, 0xf6,
    0x0, 0x0, 0x0, 0x7, 0x88, 0x0, 0x38, 0x83,

    /* U+00B7 "·" */
    0x3, 0x33, 0x30, 0x1f, 0xff, 0xf2, 0x1f, 0xff,
    0xf2, 0x1f, 0xff, 0xf2, 0x1f, 0xff, 0xf2,

    /* U+00B8 "¸" */
    0x0, 0x1, 0x71, 0x0, 0x0, 0xa, 0xf9, 0x0,
    0x0, 0x5f, 0xe1, 0x0, 0x0, 0xbf, 0xff, 0xa0,
    0x0, 0x17, 0x6e, 0xf8, 0x7, 0x50, 0x1d, 0xfb,
    0x3f, 0xff, 0xff, 0xf5, 0x3, 0xbe, 0xfc, 0x50,

    /* U+00B9 "¹" */
    0x0, 0x0, 0x4f, 0xf7, 0x0, 0x1, 0xdf, 0xf7,
    0x0, 0x4d, 0xff, 0xf7, 0x3f, 0xff, 0xff, 0xf7,
    0x3f, 0xfc, 0x7f, 0xf7, 0x2a, 0x60, 0x6f, 0xf7,
    0x0, 0x0, 0x6f, 0xf7, 0x0, 0x0, 0x6f, 0xf7,
    0x0, 0x0, 0x6f, 0xf7, 0x0, 0x0, 0x6f, 0xf7,
    0x0, 0x0, 0x6f, 0xf7, 0x0, 0x0, 0x6f, 0xf7,
    0x0, 0x0, 0x6f, 0xf7, 0x0, 0x0, 0x6f, 0xf7,
    0x0, 0x0, 0x6f, 0xf7,

    /* U+00BA "º" */
    0x0, 0x0, 0x0, 0x0, 0x0, 0x0, 0x2, 0xae,
    0xfe, 0xb3, 0x0, 0x4, 0xff, 0xff, 0xff, 0xf7,
    0x1, 0xef, 0xe5, 0x3, 0xdf, 0xf2, 0x7f, 0xf6,
    0x0, 0x3, 0xff, 0xaa, 0xff, 0x10, 0x0, 0xe,
    0xfc, 0xcf, 0xf0, 0x0, 0x0, 0xdf, 0xea, 0xff,
    0x20, 0x0, 0xf, 0xfc, 0x6f, 0xf7, 0x0, 0x4,
    0xff, 0x90, 0xdf, 0xf7, 0x35, 0xef, 0xf1, 0x3,
    0xef, 0xff, 0xff, 0xf5, 0x0, 0x1, 0x9c, 0xfd,
    0x92, 0x0,

    /* U+00BB "»" */
    0x10, 0x0, 0x0, 0x1, 0x0, 0x0, 0x0, 0x4b,
    0x0, 0x0, 0x3, 0xb0, 0x0, 0x0, 0x4f, 0xc1,
    0x0, 0x3, 0xfd, 0x10, 0x0, 0x4f, 0xfd, 0x20,
    0x3, 0xff, 0xe2, 0x0, 0x2f, 0xff, 0xe3, 0x2,
    0xff, 0xfe, 0x30, 0x4, 0xef, 0xff, 0x40, 0x3e,
    0xff, 0xf5, 0x0, 0x2d, 0xff, 0xe0, 0x1, 0xcf,
    0xff, 0x0, 0x0, 0xcf, 0xe0, 0x0, 0xb, 0xff,
    0x0, 0x3, 0xef, 0xe0, 0x0, 0x2e, 0xff, 0x0,
    0x5f, 0xff, 0xd0, 0x5, 0xff, 0xfd, 0x8, 0xff,
    0xfc, 0x10, 0x7f, 0xff, 0xd1, 0x4f, 0xff, 0xb0,
    0x3, 0xff, 0xfc, 0x0, 0x4f, 0xfa, 0x0, 0x3,
    0xff, 0xa0, 0x0, 0x4f, 0x80, 0x0, 0x3, 0xf8,
    0x0, 0x0, 0x46, 0x0, 0x0, 0x3, 0x70, 0x0,
    0x0, 0x0, 0x0, 0x0, 0x0, 0x0, 0x0, 0x0,

    /* U+00BC "¼" */
    0x0, 0x0, 0x8f, 0xf0, 0x0, 0x0, 0x0, 0x0,
    0x0, 0x9, 0xff, 0x80, 0x0, 0x0, 0x0, 0x3f,
    0xff, 0x0, 0x0, 0x0, 0x0, 0x0, 0x5, 0xff,
    0xc0, 0x0, 0x0, 0x4, 0x9f, 0xff, 0xf0, 0x0,
    0x0, 0x0, 0x0, 0x2, 0xff, 0xe2, 0x0, 0x0,
    0x1, 0xff, 0xfd, 0xff, 0x0, 0x0, 0x0, 0x0,
    0x0, 0xcf, 0xf5, 0x0, 0x0, 0x0, 0x1f, 0xb3,
    0x9f, 0xf0, 0x0, 0x0, 0x0, 0x0, 0x9f, 0xf9,
    0x0, 0x0, 0x0, 0x0, 0x0, 0x9, 0xff, 0x0,
    0x0, 0x0, 0x0, 0x5f, 0xfd, 0x0, 0x0, 0x0,
    0x0, 0x0, 0x0, 0x9f, 0xf0, 0x0, 0x0, 0x0,
    0x1e, 0xff, 0x20, 0x0, 0x0, 0x0, 0x0, 0x0,
    0x9, 0xff, 0x0, 0x0, 0x0, 0xc, 0xff, 0x50,
    0x0, 0x0, 0x0, 0x0, 0x0, 0x0, 0x9f, 0xf0,
    0x0, 0x0, 0x8, 0xff, 0xa0, 0x0, 0x0, 0x0,
    0x0, 0x0, 0x0, 0x9, 0xff, 0x0, 0x0, 0x4,
    0xff, 0xd0, 0x0, 0x4, 0xff, 0xf5, 0x0, 0x0,
    0x0, 0x9f, 0xf0, 0x0, 0x1, 0xef, 0xf3, 0x0,
    0x1, 0xef, 0xff, 0x50, 0x0, 0x0, 0x9, 0xff,
    0x0, 0x0, 0xbf, 0xf6, 0x0, 0x0, 0xbf, 0xff,
    0xf5, 0x0, 0x0, 0x0, 0x9f, 0xf0, 0x0, 0x7f,
    0xfb, 0x0, 0x0, 0x7f, 0xf7, 0xff, 0x50, 0x0,
    0x0, 0x3, 0x66, 0x0, 0x3f, 0xfe, 0x10, 0x0,
    0x3f, 0xf6, 0x4f, 0xf5, 0x0, 0x0, 0x0, 0x0,
    0x0, 0x1e, 0xff, 0x30, 0x0, 0xd, 0xfb, 0x4,
    0xff, 0x50, 0x0, 0x0, 0x0, 0x0, 0xb, 0xff,
    0x70, 0x0, 0x9, 0xfe, 0x10, 0x4f, 0xf5, 0x0,
    0x0, 0x0, 0x0, 0x7, 0xff, 0xb0, 0x0, 0x4,
    0xff, 0x50, 0x4, 0xff, 0x60, 0x0, 0x0, 0x0,
    0x3, 0xff, 0xe1, 0x0, 0x0, 0x9f, 0xff, 0xff,
    0xff, 0xff, 0xfc, 0x0, 0x0, 0x0, 0xdf, 0xf4,
    0x0, 0x0, 0x9, 0xff, 0xff, 0xff, 0xff, 0xff,
    0xc0, 0x0, 0x0, 0xaf, 0xf8, 0x0, 0x0, 0x0,
    0x0, 0x0, 0x0, 0x4f, 0xf5, 0x0, 0x0, 0x0,
    0x6f, 0xfc, 0x0, 0x0, 0x0, 0x0, 0x0, 0x0,
    0x4, 0xff, 0x50, 0x0, 0x0, 0x2f, 0xfe, 0x10,
    0x0, 0x0, 0x0, 0x0, 0x0, 0x0, 0x4f, 0xf5,
    0x0,

    /* U+00BD "½" */
    0x0, 0x0, 0x26, 0x60, 0x0, 0x0, 0x0, 0x0,
    0x0, 0x2, 0x66, 0x40, 0x0, 0x0, 0x0, 0x0,
    0xcf, 0xf0, 0x0, 0x0, 0x0, 0x0, 0x0, 0xd,
    0xff, 0x40, 0x0, 0x0, 0x0, 0x1a, 0xff, 0xf0,
    0x0, 0x0, 0x0, 0x0, 0x0, 0x9f, 0xf8, 0x0,
    0x0, 0x0, 0x1c, 0xff, 0xff, 0xf0, 0x0, 0x0,
    0x0, 0x0, 0x5, 0xff, 0xc0, 0x0, 0x0, 0x0,
    0x2f, 0xfa, 0xaf, 0xf0, 0x0, 0x0, 0x0, 0x0,
    0x2f, 0xff, 0x20, 0x0, 0x0, 0x0, 0x16, 0x30,
    0xaf, 0xf0, 0x0, 0x0, 0x0, 0x0, 0xcf, 0xf5,
    0x0, 0x0, 0x0, 0x0, 0x0, 0x0, 0xaf, 0xf0,
    0x0, 0x0, 0x0, 0x8, 0xff, 0xa0, 0x0, 0x0,
    0x0, 0x0, 0x0, 0x0, 0xaf, 0xf0, 0x0, 0x0,
    0x0, 0x4f, 0xfd, 0x0, 0x0, 0x0, 0x0, 0x0,
    0x0, 0x0, 0xaf, 0xf0, 0x0, 0x0, 0x1, 0xef,
    0xf3, 0x0, 0x0, 0x0, 0x0, 0x0, 0x0, 0x0,
    0xaf, 0xf0, 0x0, 0x0, 0xb, 0xff, 0x70, 0x0,
    0x5b, 0xee, 0xb4, 0x0, 0x0, 0x0, 0xaf, 0xf0,
    0x0, 0x0, 0x6f, 0xfb, 0x0, 0xa, 0xff, 0xff,
    0xff, 0x70, 0x0, 0x0, 0xaf, 0xf0, 0x0, 0x3,
    0xff, 0xe1, 0x0, 0x5f, 0xfa, 0x23, 0xcf, 0xf2,
    0x0, 0x0, 0xaf, 0xf0, 0x0, 0xd, 0xff, 0x40,
    0x0, 0xcf, 0xe0, 0x0, 0x3f, 0xf6, 0x0, 0x0,
    0xaf, 0xf0, 0x0, 0x9f, 0xf9, 0x0, 0x0, 0xff,
    0xb0, 0x0, 0x2f, 0xf7, 0x0, 0x0, 0x0, 0x0,
    0x5, 0xff, 0xd0, 0x0, 0x0, 0x0, 0x0, 0x0,
    0x7f, 0xf4, 0x0, 0x0, 0x0, 0x0, 0x2f, 0xff,
    0x20, 0x0, 0x0, 0x0, 0x0, 0x6, 0xff, 0xd0,
    0x0, 0x0, 0x0, 0x0, 0xcf, 0xf6, 0x0, 0x0,
    0x0, 0x0, 0x0, 0x9f, 0xfe, 0x20, 0x0, 0x0,
    0x0, 0x8, 0xff, 0xa0, 0x0, 0x0, 0x0, 0x0,
    0x3e, 0xff, 0xd2, 0x0, 0x0, 0x0, 0x0, 0x4f,
    0xfe, 0x10, 0x0, 0x0, 0x0, 0x4, 0xff, 0xf8,
    0x0, 0x0, 0x0, 0x0, 0x1, 0xef, 0xf3, 0x0,
    0x0, 0x0, 0x0, 0x1e, 0xfe, 0x40, 0x0, 0x0,
    0x0, 0x0, 0xb, 0xff, 0x70, 0x0, 0x0, 0x0,
    0x0, 0x9f, 0xf9, 0x44, 0x44, 0x42, 0x0, 0x0,
    0x6f, 0xfc, 0x0, 0x0, 0x0, 0x0, 0x0, 0xef,
    0xff, 0xff, 0xff, 0xf9, 0x0, 0x2, 0xff, 0xe1,
    0x0, 0x0, 0x0, 0x0, 0x0, 0xff, 0xff, 0xff,
    0xff, 0xf9,

    /* U+00BE "¾" */
    0x0, 0x0, 0x0, 0x0, 0x0, 0x0, 0x0, 0x0,
    0x0, 0x0, 0x0, 0x0, 0x0, 0x0, 0x0, 0x0,
    0x7, 0xdf, 0xfe, 0xa2, 0x0, 0x0, 0x0, 0x0,
    0x0, 0x0, 0x9b, 0xb3, 0x0, 0x0, 0x0, 0xcf,
    0xff, 0xff, 0xff, 0x20, 0x0, 0x0, 0x0, 0x0,
    0x7, 0xff, 0xa0, 0x0, 0x0, 0x7, 0xff, 0x91,
    0x16, 0xff, 0xa0, 0x0, 0x0, 0x0, 0x0, 0x3f,
    0xfd, 0x0, 0x0, 0x0, 0x9, 0xcc, 0x0, 0x0,
    0xcf, 0xd0, 0x0, 0x0, 0x0, 0x1, 0xef, 0xf3,
    0x0, 0x0, 0x0, 0x0, 0x0, 0x0, 0x15, 0xff,
    0x80, 0x0, 0x0, 0x0, 0xb, 0xff, 0x60, 0x0,
    0x0, 0x0, 0x0, 0x0, 0xd, 0xff, 0xf8, 0x0,
    0x0, 0x0, 0x0, 0x7f, 0xfa, 0x0, 0x0, 0x0,
    0x0, 0x0, 0x0, 0xd, 0xff, 0xe8, 0x0, 0x0,
    0x0, 0x3, 0xff, 0xd1, 0x0, 0x0, 0x0, 0x0,
    0x0, 0x0, 0x0, 0x16, 0xff, 0x90, 0x0, 0x0,
    0x1e, 0xff, 0x30, 0x0, 0x0, 0x0, 0x0, 0x6,
    0x64, 0x0, 0x0, 0x8f, 0xf0, 0x0, 0x0, 0xbf,
    0xf7, 0x0, 0x2, 0x66, 0x60, 0x0, 0xd, 0xfc,
    0x0, 0x0, 0x8f, 0xf1, 0x0, 0x7, 0xff, 0xb0,
    0x0, 0xd, 0xff, 0xf0, 0x0, 0x8, 0xff, 0x81,
    0x5, 0xff, 0xd0, 0x0, 0x3f, 0xfe, 0x10, 0x0,
    0x9f, 0xff, 0xf0, 0x0, 0x0, 0xdf, 0xff, 0xff,
    0xff, 0x30, 0x1, 0xef, 0xf3, 0x0, 0x4, 0xff,
    0xcf, 0xf0, 0x0, 0x0, 0x8, 0xdf, 0xfe, 0xa2,
    0x0, 0xb, 0xff, 0x70, 0x0, 0xd, 0xf8, 0x9f,
    0xf0, 0x0, 0x0, 0x0, 0x0, 0x0, 0x0, 0x0,
    0x7f, 0xfb, 0x0, 0x0, 0x9f, 0xd0, 0x9f, 0xf0,
    0x0, 0x0, 0x0, 0x0, 0x0, 0x0, 0x3, 0xff,
    0xe1, 0x0, 0x4, 0xff, 0x30, 0x9f, 0xf0, 0x0,
    0x0, 0x0, 0x0, 0x0, 0x0, 0x1e, 0xff, 0x30,
    0x0, 0x1e, 0xf9, 0x0, 0x9f, 0xf0, 0x0, 0x0,
    0x0, 0x0, 0x0, 0x0, 0xbf, 0xf7, 0x0, 0x0,
    0xaf, 0xe1, 0x0, 0x9f, 0xf1, 0x0, 0x0, 0x0,
    0x0, 0x0, 0x7, 0xff, 0xb0, 0x0, 0x0, 0xef,
    0xff, 0xff, 0xff, 0xff, 0xf7, 0x0, 0x0, 0x0,
    0x0, 0x3f, 0xfe, 0x10, 0x0, 0x0, 0xef, 0xff,
    0xff, 0xff, 0xff, 0xf7, 0x0, 0x0, 0x0, 0x1,
    0xef, 0xf4, 0x0, 0x0, 0x0, 0x0, 0x0, 0x0,
    0x9f, 0xf0, 0x0, 0x0, 0x0, 0x0, 0xb, 0xff,
    0x70, 0x0, 0x0, 0x0, 0x0, 0x0, 0x0, 0x9f,
    0xf0, 0x0, 0x0, 0x0, 0x0, 0x7f, 0xfb, 0x0,
    0x0, 0x0, 0x0, 0x0, 0x0, 0x0, 0x9f, 0xf0,
    0x0,

    /* U+00BF "¿" */
    0x0, 0x0, 0x0, 0x7f, 0xff, 0x90, 0x0, 0x0,
    0x0, 0x0, 0x0, 0x7f, 0xff, 0x90, 0x0, 0x0,
    0x0, 0x0, 0x0, 0x7f, 0xff, 0x90, 0x0, 0x0,
    0x0, 0x0, 0x0, 0x7f, 0xff, 0x90, 0x0, 0x0,
    0x0, 0x0, 0x0, 0x1, 0x11, 0x10, 0x0, 0x0,
    0x0, 0x0, 0x0, 0x0, 0x0, 0x0, 0x0, 0x0,
    0x0, 0x0, 0x0, 0x9, 0x99, 0x20, 0x0, 0x0,
    0x0, 0x0, 0x0, 0x2f, 0xff, 0x20, 0x0, 0x0,
    0x0, 0x0, 0x0, 0x5f, 0xff, 0x0, 0x0, 0x0,
    0x0, 0x0, 0x0, 0xdf, 0xfc, 0x0, 0x0, 0x0,
    0x0, 0x0, 0xb, 0xff, 0xf5, 0x0, 0x0, 0x0,
    0x0, 0x1, 0xdf, 0xff, 0x90, 0x0, 0x0, 0x0,
    0x0, 0x1d, 0xff, 0xf9, 0x0, 0x0, 0x0, 0x0,
    0x0, 0xcf, 0xff, 0x70, 0x0, 0x0, 0x0, 0x0,
    0x7, 0xff, 0xf7, 0x0, 0x0, 0x0, 0x0, 0x0,
    0xd, 0xff, 0xc0, 0x0, 0x0, 0x0, 0x77, 0x73,
    0xf, 0xff, 0x70, 0x0, 0x0, 0x2, 0xff, 0xf6,
    0xf, 0xff, 0x80, 0x0, 0x0, 0x5, 0xff, 0xf4,
    0xe, 0xff, 0xd0, 0x0, 0x0, 0xd, 0xff, 0xf0,
    0x7, 0xff, 0xfa, 0x10, 0x2, 0xcf, 0xff, 0x60,
    0x0, 0xbf, 0xff, 0xfe, 0xff, 0xff, 0xfb, 0x0,
    0x0, 0x1a, 0xff, 0xff, 0xff, 0xff, 0x80, 0x0,
    0x0, 0x0, 0x3a, 0xcf, 0xfd, 0x92, 0x0, 0x0,

    /* U+00C0 "À" */
    0x0, 0x0, 0x0, 0xd, 0xff, 0xf2, 0x0, 0x0,
    0x0, 0x0, 0x0, 0x0, 0x0, 0x0, 0x0, 0x2e,
    0xff, 0x90, 0x0, 0x0, 0x0, 0x0, 0x0, 0x0,
    0x0, 0x0, 0x0, 0x4f, 0xff, 0x20, 0x0, 0x0,
    0x0, 0x0, 0x0, 0x0, 0x0, 0x0, 0x0, 0x8f,
    0xf9, 0x0, 0x0, 0x0, 0x0, 0x0, 0x0, 0x0,
    0x0, 0x0, 0x0, 0x66, 0x60, 0x0, 0x0, 0x0,
    0x0, 0x0, 0x0, 0x0, 0x0, 0x0, 0x0, 0x0,
    0x0, 0x0, 0x0, 0x0, 0x0, 0x0, 0x0, 0x0,
    0x0, 0x0, 0x0, 0x0, 0x0, 0x0, 0x0, 0x0,
    0x0, 0x0, 0x0, 0x0, 0x1, 0xff, 0xff, 0x70,
    0x0, 0x0, 0x0, 0x0, 0x0, 0x0, 0x0, 0x0,
    0x8f, 0xff, 0xfd, 0x0, 0x0, 0x0, 0x0, 0x0,
    0x0, 0x0, 0x0, 0xe, 0xff, 0xff, 0xf4, 0x0,
    0x0, 0x0, 0x0, 0x0, 0x0, 0x0, 0x5, 0xff,
    0xeb, 0xff, 0xb0, 0x0, 0x0, 0x0, 0x0, 0x0,
    0x0, 0x0, 0xcf, 0xf8, 0x5f, 0xff, 0x10, 0x0,
    0x0, 0x0, 0x0, 0x0, 0x0, 0x2f, 0xff, 0x20,
    0xef, 0xf8, 0x0, 0x0, 0x0, 0x0, 0x0, 0x0,
    0x9, 0xff, 0xc0, 0x9, 0xff, 0xe0, 0x0, 0x0,
    0x0, 0x0, 0x0, 0x0, 0xff, 0xf6, 0x0, 0x3f,
    0xff, 0x50, 0x0, 0x0, 0x0, 0x0, 0x0, 0x6f,
    0xff, 0x10, 0x0, 0xdf, 0xfc, 0x0, 0x0, 0x0,
    0x0, 0x0, 0xd, 0xff, 0xa0, 0x0, 0x7, 0xff,
    0xf3, 0x0, 0x0, 0x0, 0x0, 0x3, 0xff, 0xf4,
    0x0, 0x0, 0x1f, 0xff, 0x90, 0x0, 0x0, 0x0,
    0x0, 0xaf, 0xfe, 0x0, 0x0, 0x0, 0xbf, 0xff,
    0x0, 0x0, 0x0, 0x0, 0x1f, 0xff, 0x80, 0x0,
    0x0, 0x5, 0xff, 0xf6, 0x0, 0x0, 0x0, 0x7,
    0xff, 0xff, 0xff, 0xff, 0xff, 0xff, 0xff, 0xd0,
    0x0, 0x0, 0x0, 0xef, 0xff, 0xff, 0xff, 0xff,
    0xff, 0xff, 0xff, 0x40, 0x0, 0x0, 0x5f, 0xff,
    0xff, 0xff, 0xff, 0xff, 0xff, 0xff, 0xfa, 0x0,
    0x0, 0xb, 0xff, 0xf0, 0x0, 0x0, 0x0, 0x0,
    0xc, 0xff, 0xf1, 0x0, 0x2, 0xff, 0xf9, 0x0,
    0x0, 0x0, 0x0, 0x0, 0x6f, 0xff, 0x80, 0x0,
    0x8f, 0xff, 0x20, 0x0, 0x0, 0x0, 0x0, 0x0,
    0xff, 0xfe, 0x0, 0xe, 0xff, 0xc0, 0x0, 0x0,
    0x0, 0x0, 0x0, 0x9, 0xff, 0xf5, 0x6, 0xff,
    0xf6, 0x0, 0x0, 0x0, 0x0, 0x0, 0x0, 0x3f,
    0xff, 0xb0, 0xcf, 0xff, 0x0, 0x0, 0x0, 0x0,
    0x0, 0x0, 0x0, 0xcf, 0xff, 0x20,

    /* U+00C1 "Á" */
    0x0, 0x0, 0x0, 0x0, 0x0, 0x5, 0xff, 0xf7,
    0x0, 0x0, 0x0, 0x0, 0x0, 0x0, 0x0, 0x0,
    0x0, 0xdf, 0xfa, 0x0, 0x0, 0x0, 0x0, 0x0,
    0x0, 0x0, 0x0, 0x0, 0x6f, 0xfd, 0x0, 0x0,
    0x0, 0x0, 0x0, 0x0, 0x0, 0x0, 0x0, 0xe,
    0xff, 0x20, 0x0, 0x0, 0x0, 0x0, 0x0, 0x0,
    0x0, 0x0, 0x1, 0x66, 0x30, 0x0, 0x0, 0x0,
    0x0, 0x0, 0x0, 0x0, 0x0, 0x0, 0x0, 0x0,
    0x0, 0x0, 0x0, 0x0, 0x0, 0x0, 0x0, 0x0,
    0x0, 0x0, 0x0, 0x0, 0x0, 0x0, 0x0, 0x0,
    0x0, 0x0, 0x0, 0x0, 0x1, 0xff, 0xff, 0x70,
    0x0, 0x0, 0x0, 0x0, 0x0, 0x0, 0x0, 0x0,
    0x8f, 0xff, 0xfd, 0x0, 0x0, 0x0, 0x0, 0x0,
    0x0, 0x0, 0x0, 0xe, 0xff, 0xff, 0xf4, 0x0,
    0x0, 0x0, 0x0, 0x0, 0x0, 0x0, 0x5, 0xff,
    0xeb, 0xff, 0xb0, 0x0, 0x0, 0x0, 0x0, 0x0,
    0x0, 0x0, 0xcf, 0xf8, 0x5f, 0xff, 0x10, 0x0,
    0x0, 0x0, 0x0, 0x0, 0x0, 0x2f, 0xff, 0x20,
    0xef, 0xf8, 0x0, 0x0, 0x0, 0x0, 0x0, 0x0,
    0x9, 0xff, 0xc0, 0x9, 0xff, 0xe0, 0x0, 0x0,
    0x0, 0x0, 0x0, 0x0, 0xff, 0xf6, 0x0, 0x3f,
    0xff, 0x50, 0x0, 0x0, 0x0, 0x0, 0x0, 0x6f,
    0xff, 0x10, 0x0, 0xdf, 0xfc, 0x0, 0x0, 0x0,
    0x0, 0x0, 0xd, 0xff, 0xa0, 0x0, 0x7, 0xff,
    0xf3, 0x0, 0x0, 0x0, 0x0, 0x3, 0xff, 0xf4,
    0x0, 0x0, 0x1f, 0xff, 0x90, 0x0, 0x0, 0x0,
    0x0, 0xaf, 0xfe, 0x0, 0x0, 0x0, 0xbf, 0xff,
    0x0, 0x0, 0x0, 0x0, 0x1f, 0xff, 0x80, 0x0,
    0x0, 0x5, 0xff, 0xf6, 0x0, 0x0, 0x0, 0x7,
    0xff, 0xff, 0xff, 0xff, 0xff, 0xff, 0xff, 0xd0,
    0x0, 0x0, 0x0, 0xef, 0xff, 0xff, 0xff, 0xff,
    0xff, 0xff, 0xff, 0x40, 0x0, 0x0, 0x5f, 0xff,
    0xff, 0xff, 0xff, 0xff, 0xff, 0xff, 0xfa, 0x0,
    0x0, 0xb, 0xff, 0xf0, 0x0, 0x0, 0x0, 0x0,
    0xc, 0xff, 0xf1, 0x0, 0x2, 0xff, 0xf9, 0x0,
    0x0, 0x0, 0x0, 0x0, 0x6f, 0xff, 0x80, 0x0,
    0x8f, 0xff, 0x20, 0x0, 0x0, 0x0, 0x0, 0x0,
    0xff, 0xfe, 0x0, 0xe, 0xff, 0xc0, 0x0, 0x0,
    0x0, 0x0, 0x0, 0x9, 0xff, 0xf5, 0x6, 0xff,
    0xf6, 0x0, 0x0, 0x0, 0x0, 0x0, 0x0, 0x3f,
    0xff, 0xb0, 0xcf, 0xff, 0x0, 0x0, 0x0, 0x0,
    0x0, 0x0, 0x0, 0xcf, 0xff, 0x20,

    /* U+00C2 "Â" */
    0x0, 0x0, 0x0, 0x0, 0x4f, 0xff, 0xf9, 0x0,
    0x0, 0x0, 0x0, 0x0, 0x0, 0x0, 0x0, 0x1e,
    0xff, 0xff, 0xf4, 0x0, 0x0, 0x0, 0x0, 0x0,
    0x0, 0x0, 0xb, 0xff, 0x94, 0xff, 0xe1, 0x0,
    0x0, 0x0, 0x0, 0x0, 0x0, 0x6, 0xff, 0xd0,
    0x8, 0xff, 0xc0, 0x0, 0x0, 0x0, 0x0, 0x0,
    0x0, 0x44, 0x42, 0x0, 0x4, 0x44, 0x10, 0x0,
    0x0, 0x0, 0x0, 0x0, 0x0, 0x0, 0x0, 0x0,
    0x0, 0x0, 0x0, 0x0, 0x0, 0x0, 0x0, 0x0,
    0x0, 0x0, 0x0, 0x0, 0x0, 0x0, 0x0, 0x0,
    0x0, 0x0, 0x0, 0x0, 0x1, 0xff, 0xff, 0x70,
    0x0, 0x0, 0x0, 0x0, 0x0, 0x0, 0x0, 0x0,
    0x8f, 0xff, 0xfd, 0x0, 0x0, 0x0, 0x0, 0x0,
    0x0, 0x0, 0x0, 0xe, 0xff, 0xff, 0xf4, 0x0,
    0x0, 0x0, 0x0, 0x0, 0x0, 0x0, 0x5, 0xff,
    0xeb, 0xff, 0xb0, 0x0, 0x0, 0x0, 0x0, 0x0,
    0x0, 0x0, 0xcf, 0xf8, 0x5f, 0xff, 0x10, 0x0,
    0x0, 0x0, 0x0, 0x0, 0x0, 0x2f, 0xff, 0x20,
    0xef, 0xf8, 0x0, 0x0, 0x0, 0x0, 0x0, 0x0,
    0x9, 0xff, 0xc0, 0x9, 0xff, 0xe0, 0x0, 0x0,
    0x0, 0x0, 0x0, 0x0, 0xff, 0xf6, 0x0, 0x3f,
    0xff, 0x50, 0x0, 0x0, 0x0, 0x0, 0x0, 0x6f,
    0xff, 0x10, 0x0, 0xdf, 0xfc, 0x0, 0x0, 0x0,
    0x0, 0x0, 0xd, 0xff, 0xa0, 0x0, 0x7, 0xff,
    0xf3, 0x0, 0x0, 0x0, 0x0, 0x3, 0xff, 0xf4,
    0x0, 0x0, 0x1f, 0xff, 0x90, 0x0, 0x0, 0x0,
    0x0, 0xaf, 0xfe, 0x0, 0x0, 0x0, 0xbf, 0xff,
    0x0, 0x0, 0x0, 0x0, 0x1f, 0xff, 0x80, 0x0,
    0x0, 0x5, 0xff, 0xf6, 0x0, 0x0, 0x0, 0x7,
    0xff, 0xff, 0xff, 0xff, 0xff, 0xff, 0xff, 0xd0,
    0x0, 0x0, 0x0, 0xef, 0xff, 0xff, 0xff, 0xff,
    0xff, 0xff, 0xff, 0x40, 0x0, 0x0, 0x5f, 0xff,
    0xff, 0xff, 0xff, 0xff, 0xff, 0xff, 0xfa, 0x0,
    0x0, 0xb, 0xff, 0xf0, 0x0, 0x0, 0x0, 0x0,
    0xc, 0xff, 0xf1, 0x0, 0x2, 0xff, 0xf9, 0x0,
    0x0, 0x0, 0x0, 0x0, 0x6f, 0xff, 0x80, 0x0,
    0x8f, 0xff, 0x20, 0x0, 0x0, 0x0, 0x0, 0x0,
    0xff, 0xfe, 0x0, 0xe, 0xff, 0xc0, 0x0, 0x0,
    0x0, 0x0, 0x0, 0x9, 0xff, 0xf5, 0x6, 0xff,
    0xf6, 0x0, 0x0, 0x0, 0x0, 0x0, 0x0, 0x3f,
    0xff, 0xb0, 0xcf, 0xff, 0x0, 0x0, 0x0, 0x0,
    0x0, 0x0, 0x0, 0xcf, 0xff, 0x20,

    /* U+00C3 "Ã" */
    0x0, 0x0, 0x0, 0x1a, 0xee, 0xa6, 0x23, 0xff,
    0x90, 0x0, 0x0, 0x0, 0x0, 0x0, 0xb, 0xff,
    0xff, 0xff, 0xff, 0xf6, 0x0, 0x0, 0x0, 0x0,
    0x0, 0x1, 0xff, 0xea, 0xdf, 0xff, 0xfd, 0x0,
    0x0, 0x0, 0x0, 0x0, 0x0, 0x18, 0x83, 0x0,
    0x15, 0x86, 0x0, 0x0, 0x0, 0x0, 0x0, 0x0,
    0x0, 0x0, 0x0, 0x0, 0x0, 0x0, 0x0, 0x0,
    0x0, 0x0, 0x0, 0x0, 0x0, 0x0, 0x0, 0x0,
    0x0, 0x0, 0x0, 0x0, 0x0, 0x0, 0x0, 0x0,
    0x0, 0x0, 0x0, 0x0, 0x0, 0x0, 0x0, 0x0,
    0x0, 0x0, 0x0, 0x0, 0x1, 0xff, 0xff, 0x70,
    0x0, 0x0, 0x0, 0x0, 0x0, 0x0, 0x0, 0x0,
    0x8f, 0xff, 0xfd, 0x0, 0x0, 0x0, 0x0, 0x0,
    0x0, 0x0, 0x0, 0xe, 0xff, 0xff, 0xf4, 0x0,
    0x0, 0x0, 0x0, 0x0, 0x0, 0x0, 0x5, 0xff,
    0xeb, 0xff, 0xb0, 0x0, 0x0, 0x0, 0x0, 0x0,
    0x0, 0x0, 0xcf, 0xf8, 0x5f, 0xff, 0x10, 0x0,
    0x0, 0x0, 0x0, 0x0, 0x0, 0x2f, 0xff, 0x20,
    0xef, 0xf8, 0x0, 0x0, 0x0, 0x0, 0x0, 0x0,
    0x9, 0xff, 0xc0, 0x9, 0xff, 0xe0, 0x0, 0x0,
    0x0, 0x0, 0x0, 0x0, 0xff, 0xf6, 0x0, 0x3f,
    0xff, 0x50, 0x0, 0x0, 0x0, 0x0, 0x0, 0x6f,
    0xff, 0x10, 0x0, 0xdf, 0xfc, 0x0, 0x0, 0x0,
    0x0, 0x0, 0xd, 0xff, 0xa0, 0x0, 0x7, 0xff,
    0xf3, 0x0, 0x0, 0x0, 0x0, 0x3, 0xff, 0xf4,
    0x0, 0x0, 0x1f, 0xff, 0x90, 0x0, 0x0, 0x0,
    0x0, 0xaf, 0xfe, 0x0, 0x0, 0x0, 0xbf, 0xff,
    0x0, 0x0, 0x0, 0x0, 0x1f, 0xff, 0x80, 0x0,
    0x0, 0x5, 0xff, 0xf6, 0x0, 0x0, 0x0, 0x7,
    0xff, 0xff, 0xff, 0xff, 0xff, 0xff, 0xff, 0xd0,
    0x0, 0x0, 0x0, 0xef, 0xff, 0xff, 0xff, 0xff,
    0xff, 0xff, 0xff, 0x40, 0x0, 0x0, 0x5f, 0xff,
    0xff, 0xff, 0xff, 0xff, 0xff, 0xff, 0xfa, 0x0,
    0x0, 0xb, 0xff, 0xf0, 0x0, 0x0, 0x0, 0x0,
    0xc, 0xff, 0xf1, 0x0, 0x2, 0xff, 0xf9, 0x0,
    0x0, 0x0, 0x0, 0x0, 0x6f, 0xff, 0x80, 0x0,
    0x8f, 0xff, 0x20, 0x0, 0x0, 0x0, 0x0, 0x0,
    0xff, 0xfe, 0x0, 0xe, 0xff, 0xc0, 0x0, 0x0,
    0x0, 0x0, 0x0, 0x9, 0xff, 0xf5, 0x6, 0xff,
    0xf6, 0x0, 0x0, 0x0, 0x0, 0x0, 0x0, 0x3f,
    0xff, 0xb0, 0xcf, 0xff, 0x0, 0x0, 0x0, 0x0,
    0x0, 0x0, 0x0, 0xcf, 0xff, 0x20,

    /* U+00C4 "Ä" */
    0x0, 0x0, 0x0, 0x8a, 0xa9, 0x0, 0x4a, 0xaa,
    0x10, 0x0, 0x0, 0x0, 0x0, 0x0, 0xc, 0xff,
    0xd0, 0x6, 0xff, 0xf2, 0x0, 0x0, 0x0, 0x0,
    0x0, 0x0, 0xcf, 0xfd, 0x0, 0x6f, 0xff, 0x20,
    0x0, 0x0, 0x0, 0x0, 0x0, 0xc, 0xff, 0xd0,
    0x6, 0xff, 0xf2, 0x0, 0x0, 0x0, 0x0, 0x0,
    0x0, 0x0, 0x0, 0x0, 0x0, 0x0, 0x0, 0x0,
    0x0, 0x0, 0x0, 0x0, 0x0, 0x0, 0x0, 0x0,
    0x0, 0x0, 0x0, 0x0, 0x0, 0x0, 0x0, 0x0,
    0x0, 0x0, 0x0, 0x0, 0x0, 0x0, 0x0, 0x0,
    0x0, 0x0, 0x0, 0x0, 0x1, 0xff, 0xff, 0x70,
    0x0, 0x0, 0x0, 0x0, 0x0, 0x0, 0x0, 0x0,
    0x8f, 0xff, 0xfd, 0x0, 0x0, 0x0, 0x0, 0x0,
    0x0, 0x0, 0x0, 0xe, 0xff, 0xff, 0xf4, 0x0,
    0x0, 0x0, 0x0, 0x0, 0x0, 0x0, 0x5, 0xff,
    0xeb, 0xff, 0xb0, 0x0, 0x0, 0x0, 0x0, 0x0,
    0x0, 0x0, 0xcf, 0xf8, 0x5f, 0xff, 0x10, 0x0,
    0x0, 0x0, 0x0, 0x0, 0x0, 0x2f, 0xff, 0x20,
    0xef, 0xf8, 0x0, 0x0, 0x0, 0x0, 0x0, 0x0,
    0x9, 0xff, 0xc0, 0x9, 0xff, 0xe0, 0x0, 0x0,
    0x0, 0x0, 0x0, 0x0, 0xff, 0xf6, 0x0, 0x3f,
    0xff, 0x50, 0x0, 0x0, 0x0, 0x0, 0x0, 0x6f,
    0xff, 0x10, 0x0, 0xdf, 0xfc, 0x0, 0x0, 0x0,
    0x0, 0x0, 0xd, 0xff, 0xa0, 0x0, 0x7, 0xff,
    0xf3, 0x0, 0x0, 0x0, 0x0, 0x3, 0xff, 0xf4,
    0x0, 0x0, 0x1f, 0xff, 0x90, 0x0, 0x0, 0x0,
    0x0, 0xaf, 0xfe, 0x0, 0x0, 0x0, 0xbf, 0xff,
    0x0, 0x0, 0x0, 0x0, 0x1f, 0xff, 0x80, 0x0,
    0x0, 0x5, 0xff, 0xf6, 0x0, 0x0, 0x0, 0x7,
    0xff, 0xff, 0xff, 0xff, 0xff, 0xff, 0xff, 0xd0,
    0x0, 0x0, 0x0, 0xef, 0xff, 0xff, 0xff, 0xff,
    0xff, 0xff, 0xff, 0x40, 0x0, 0x0, 0x5f, 0xff,
    0xff, 0xff, 0xff, 0xff, 0xff, 0xff, 0xfa, 0x0,
    0x0, 0xb, 0xff, 0xf0, 0x0, 0x0, 0x0, 0x0,
    0xc, 0xff, 0xf1, 0x0, 0x2, 0xff, 0xf9, 0x0,
    0x0, 0x0, 0x0, 0x0, 0x6f, 0xff, 0x80, 0x0,
    0x8f, 0xff, 0x20, 0x0, 0x0, 0x0, 0x0, 0x0,
    0xff, 0xfe, 0x0, 0xe, 0xff, 0xc0, 0x0, 0x0,
    0x0, 0x0, 0x0, 0x9, 0xff, 0xf5, 0x6, 0xff,
    0xf6, 0x0, 0x0, 0x0, 0x0, 0x0, 0x0, 0x3f,
    0xff, 0xb0, 0xcf, 0xff, 0x0, 0x0, 0x0, 0x0,
    0x0, 0x0, 0x0, 0xcf, 0xff, 0x20,

    /* U+00C5 "Å" */
    0x0, 0x0, 0x0, 0x0, 0x3, 0x9a, 0x60, 0x0,
    0x0, 0x0, 0x0, 0x0, 0x0, 0x0, 0x0, 0x3,
    0xff, 0xff, 0x90, 0x0, 0x0, 0x0, 0x0, 0x0,
    0x0, 0x0, 0x0, 0xaf, 0x62, 0xff, 0x0, 0x0,
    0x0, 0x0, 0x0, 0x0, 0x0, 0x0, 0xb, 0xf4,
    0xe, 0xf1, 0x0, 0x0, 0x0, 0x0, 0x0, 0x0,
    0x0, 0x0, 0x6f, 0xfe, 0xfb, 0x0, 0x0, 0x0,
    0x0, 0x0, 0x0, 0x0, 0x0, 0x0, 0x7e, 0xea,
    0x10, 0x0, 0x0, 0x0, 0x0, 0x0, 0x0, 0x0,
    0x0, 0x0, 0x0, 0x0, 0x0, 0x0, 0x0, 0x0,
    0x0, 0x0, 0x0, 0x0, 0x0, 0x0, 0x0, 0x0,
    0x0, 0x0, 0x0, 0x0, 0x0, 0x0, 0x0, 0x0,
    0x1f, 0xff, 0xf7, 0x0, 0x0, 0x0, 0x0, 0x0,
    0x0, 0x0, 0x0, 0x8, 0xff, 0xff, 0xd0, 0x0,
    0x0, 0x0, 0x0, 0x0, 0x0, 0x0, 0x0, 0xef,
    0xff, 0xff, 0x40, 0x0, 0x0, 0x0, 0x0, 0x0,
    0x0, 0x0, 0x5f, 0xfe, 0xbf, 0xfb, 0x0, 0x0,
    0x0, 0x0, 0x0, 0x0, 0x0, 0xc, 0xff, 0x85,
    0xff, 0xf1, 0x0, 0x0, 0x0, 0x0, 0x0, 0x0,
    0x2, 0xff, 0xf2, 0xe, 0xff, 0x80, 0x0, 0x0,
    0x0, 0x0, 0x0, 0x0, 0x9f, 0xfc, 0x0, 0x9f,
    0xfe, 0x0, 0x0, 0x0, 0x0, 0x0, 0x0, 0xf,
    0xff, 0x60, 0x3, 0xff, 0xf5, 0x0, 0x0, 0x0,
    0x0, 0x0, 0x6, 0xff, 0xf1, 0x0, 0xd, 0xff,
    0xc0, 0x0, 0x0, 0x0, 0x0, 0x0, 0xdf, 0xfa,
    0x0, 0x0, 0x7f, 0xff, 0x30, 0x0, 0x0, 0x0,
    0x0, 0x3f, 0xff, 0x40, 0x0, 0x1, 0xff, 0xf9,
    0x0, 0x0, 0x0, 0x0, 0xa, 0xff, 0xe0, 0x0,
    0x0, 0xb, 0xff, 0xf0, 0x0, 0x0, 0x0, 0x1,
    0xff, 0xf8, 0x0, 0x0, 0x0, 0x5f, 0xff, 0x60,
    0x0, 0x0, 0x0, 0x7f, 0xff, 0xff, 0xff, 0xff,
    0xff, 0xff, 0xfd, 0x0, 0x0, 0x0, 0xe, 0xff,
    0xff, 0xff, 0xff, 0xff, 0xff, 0xff, 0xf4, 0x0,
    0x0, 0x5, 0xff, 0xff, 0xff, 0xff, 0xff, 0xff,
    0xff, 0xff, 0xa0, 0x0, 0x0, 0xbf, 0xff, 0x0,
    0x0, 0x0, 0x0, 0x0, 0xcf, 0xff, 0x10, 0x0,
    0x2f, 0xff, 0x90, 0x0, 0x0, 0x0, 0x0, 0x6,
    0xff, 0xf8, 0x0, 0x8, 0xff, 0xf2, 0x0, 0x0,
    0x0, 0x0, 0x0, 0xf, 0xff, 0xe0, 0x0, 0xef,
    0xfc, 0x0, 0x0, 0x0, 0x0, 0x0, 0x0, 0x9f,
    0xff, 0x50, 0x6f, 0xff, 0x60, 0x0, 0x0, 0x0,
    0x0, 0x0, 0x3, 0xff, 0xfb, 0xc, 0xff, 0xf0,
    0x0, 0x0, 0x0, 0x0, 0x0, 0x0, 0xc, 0xff,
    0xf2,

    /* U+00C6 "Æ" */
    0x0, 0x0, 0x0, 0x0, 0x0, 0x1, 0xff, 0xff,
    0xff, 0xff, 0xff, 0xff, 0xff, 0xff, 0x90, 0x0,
    0x0, 0x0, 0x0, 0x0, 0x9, 0xff, 0xff, 0xff,
    0xff, 0xff, 0xff, 0xff, 0xff, 0x90, 0x0, 0x0,
    0x0, 0x0, 0x0, 0x2f, 0xff, 0xff, 0xff, 0xff,
    0xff, 0xff, 0xff, 0xff, 0x90, 0x0, 0x0, 0x0,
    0x0, 0x0, 0x9f, 0xfd, 0xef, 0xfa, 0x0, 0x0,
    0x0, 0x0, 0x0, 0x0, 0x0, 0x0, 0x0, 0x0,
    0x2, 0xff, 0xf6, 0xdf, 0xfa, 0x0, 0x0, 0x0,
    0x0, 0x0, 0x0, 0x0, 0x0, 0x0, 0x0, 0xa,
    0xff, 0xe0, 0xdf, 0xfa, 0x0, 0x0, 0x0, 0x0,
    0x0, 0x0, 0x0, 0x0, 0x0, 0x0, 0x3f, 0xff,
    0x60, 0xdf, 0xfa, 0x0, 0x0, 0x0, 0x0, 0x0,
    0x0, 0x0, 0x0, 0x0, 0x0, 0xbf, 0xfe, 0x0,
    0xdf, 0xfa, 0x0, 0x0, 0x0, 0x0, 0x0, 0x0,
    0x0, 0x0, 0x0, 0x3, 0xff, 0xf6, 0x0, 0xdf,
    0xfa, 0x0, 0x0, 0x0, 0x0, 0x0, 0x0, 0x0,
    0x0, 0x0, 0xc, 0xff, 0xe0, 0x0, 0xdf, 0xff,
    0xff, 0xff, 0xff, 0xff, 0xff, 0x20, 0x0, 0x0,
    0x0, 0x4f, 0xff, 0x70, 0x0, 0xdf, 0xff, 0xff,
    0xff, 0xff, 0xff, 0xff, 0x20, 0x0, 0x0, 0x0,
    0xcf, 0xfe, 0x0, 0x0, 0xdf, 0xff, 0xff, 0xff,
    0xff, 0xff, 0xff, 0x20, 0x0, 0x0, 0x5, 0xff,
    0xf7, 0x0, 0x0, 0xdf, 0xfa, 0x0, 0x0, 0x0,
    0x0, 0x0, 0x0, 0x0, 0x0, 0xd, 0xff, 0xff,
    0xff, 0xff, 0xff, 0xfa, 0x0, 0x0, 0x0, 0x0,
    0x0, 0x0, 0x0, 0x0, 0x5f, 0xff, 0xff, 0xff,
    0xff, 0xff, 0xfa, 0x0, 0x0, 0x0, 0x0, 0x0,
    0x0, 0x0, 0x0, 0xdf, 0xff, 0xff, 0xff, 0xff,
    0xff, 0xfa, 0x0, 0x0, 0x0, 0x0, 0x0, 0x0,
    0x0, 0x6, 0xff, 0xf7, 0x0, 0x0, 0x0, 0xdf,
    0xfa, 0x0, 0x0, 0x0, 0x0, 0x0, 0x0, 0x0,
    0xe, 0xff, 0xe0, 0x0, 0x0, 0x0, 0xdf, 0xfa,
    0x0, 0x0, 0x0, 0x0, 0x0, 0x0, 0x0, 0x7f,
    0xff, 0x70, 0x0, 0x0, 0x0, 0xdf, 0xfa, 0x0,
    0x0, 0x0, 0x0, 0x0, 0x0, 0x0, 0xef, 0xfe,
    0x0, 0x0, 0x0, 0x0, 0xdf, 0xff, 0xff, 0xff,
    0xff, 0xff, 0xff, 0xf0, 0x7, 0xff, 0xf6, 0x0,
    0x0, 0x0, 0x0, 0xdf, 0xff, 0xff, 0xff, 0xff,
    0xff, 0xff, 0xf0, 0x1f, 0xff, 0xe0, 0x0, 0x0,
    0x0, 0x0, 0xdf, 0xff, 0xff, 0xff, 0xff, 0xff,
    0xff, 0xf0,

    /* U+00C7 "Ç" */
    0x0, 0x0, 0x0, 0x0, 0x25, 0x67, 0x64, 0x0,
    0x0, 0x0, 0x0, 0x0, 0x0, 0x0, 0x7d, 0xff,
    0xff, 0xff, 0xfb, 0x40, 0x0, 0x0, 0x0, 0x0,
    0x3e, 0xff, 0xff, 0xff, 0xff, 0xff, 0xfa, 0x0,
    0x0, 0x0, 0x5, 0xff, 0xff, 0xfb, 0x98, 0xbe,
    0xff, 0xff, 0xc0, 0x0, 0x0, 0x3f, 0xff, 0xf9,
    0x10, 0x0, 0x0, 0x5e, 0xff, 0xf9, 0x0, 0x0,
    0xef, 0xff, 0x60, 0x0, 0x0, 0x0, 0x2, 0xff,
    0xff, 0x30, 0x6, 0xff, 0xfa, 0x0, 0x0, 0x0,
    0x0, 0x0, 0x6f, 0xff, 0x90, 0xd, 0xff, 0xf2,
    0x0, 0x0, 0x0, 0x0, 0x0, 0xf, 0xff, 0xd0,
    0x2f, 0xff, 0x90, 0x0, 0x0, 0x0, 0x0, 0x0,
    0x7, 0x88, 0x80, 0x6f, 0xff, 0x50, 0x0, 0x0,
    0x0, 0x0, 0x0, 0x0, 0x0, 0x0, 0x8f, 0xff,
    0x20, 0x0, 0x0, 0x0, 0x0, 0x0, 0x0, 0x0,
    0x0, 0x9f, 0xff, 0x10, 0x0, 0x0, 0x0, 0x0,
    0x0, 0x0, 0x0, 0x0, 0x9f, 0xff, 0x10, 0x0,
    0x0, 0x0, 0x0, 0x0, 0x0, 0x0, 0x0, 0x8f,
    0xff, 0x20, 0x0, 0x0, 0x0, 0x0, 0x0, 0x0,
    0x0, 0x0, 0x6f, 0xff, 0x50, 0x0, 0x0, 0x0,
    0x0, 0x0, 0x0, 0x0, 0x0, 0x3f, 0xff, 0x90,
    0x0, 0x0, 0x0, 0x0, 0x0, 0x3, 0x55, 0x50,
    0xf, 0xff, 0xf1, 0x0, 0x0, 0x0, 0x0, 0x0,
    0xc, 0xff, 0xf0, 0x9, 0xff, 0xf9, 0x0, 0x0,
    0x0, 0x0, 0x0, 0x2f, 0xff, 0xb0, 0x2, 0xff,
    0xff, 0x30, 0x0, 0x0, 0x0, 0x0, 0xcf, 0xff,
    0x50, 0x0, 0x8f, 0xff, 0xf5, 0x0, 0x0, 0x0,
    0x1b, 0xff, 0xfb, 0x0, 0x0, 0xb, 0xff, 0xff,
    0xc7, 0x44, 0x69, 0xff, 0xff, 0xe1, 0x0, 0x0,
    0x0, 0xaf, 0xff, 0xff, 0xff, 0xff, 0xff, 0xfc,
    0x20, 0x0, 0x0, 0x0, 0x4, 0xdf, 0xff, 0xff,
    0xff, 0xff, 0x70, 0x0, 0x0, 0x0, 0x0, 0x0,
    0x3, 0x7a, 0xff, 0xb7, 0x30, 0x0, 0x0, 0x0,
    0x0, 0x0, 0x0, 0x0, 0x9, 0xfb, 0x0, 0x0,
    0x0, 0x0, 0x0, 0x0, 0x0, 0x0, 0x0, 0xe,
    0xff, 0xf7, 0x0, 0x0, 0x0, 0x0, 0x0, 0x0,
    0x0, 0x0, 0x3, 0x69, 0xff, 0x30, 0x0, 0x0,
    0x0, 0x0, 0x0, 0x0, 0x0, 0x40, 0x0, 0xff,
    0x70, 0x0, 0x0, 0x0, 0x0, 0x0, 0x0, 0x5,
    0xfc, 0x8b, 0xff, 0x40, 0x0, 0x0, 0x0, 0x0,
    0x0, 0x0, 0x3, 0xdf, 0xff, 0xf8, 0x0, 0x0,
    0x0, 0x0, 0x0, 0x0, 0x0, 0x0, 0x3, 0x66,
    0x20, 0x0, 0x0, 0x0, 0x0,

    /* U+00C8 "È" */
    0x0, 0x0, 0xaf, 0xff, 0x50, 0x0, 0x0, 0x0,
    0x0, 0x0, 0x0, 0xcf, 0xfd, 0x0, 0x0, 0x0,
    0x0, 0x0, 0x0, 0x2, 0xef, 0xf5, 0x0, 0x0,
    0x0, 0x0, 0x0, 0x0, 0x4, 0xff, 0xd0, 0x0,
    0x0, 0x0, 0x0, 0x0, 0x0, 0x4, 0x66, 0x10,
    0x0, 0x0, 0x0, 0x0, 0x0, 0x0, 0x0, 0x0,
    0x0, 0x0, 0x0, 0x0, 0x0, 0x0, 0x0, 0x0,
    0x0, 0x0, 0x0, 0x4, 0xff, 0xff, 0xff, 0xff,
    0xff, 0xff, 0xff, 0xc0, 0x4f, 0xff, 0xff, 0xff,
    0xff, 0xff, 0xff, 0xfc, 0x4, 0xff, 0xff, 0xff,
    0xff, 0xff, 0xff, 0xff, 0xb0, 0x4f, 0xff, 0x30,
    0x0, 0x0, 0x0, 0x0, 0x0, 0x4, 0xff, 0xf3,
    0x0, 0x0, 0x0, 0x0, 0x0, 0x0, 0x4f, 0xff,
    0x30, 0x0, 0x0, 0x0, 0x0, 0x0, 0x4, 0xff,
    0xf3, 0x0, 0x0, 0x0, 0x0, 0x0, 0x0, 0x4f,
    0xff, 0x30, 0x0, 0x0, 0x0, 0x0, 0x0, 0x4,
    0xff, 0xf3, 0x0, 0x0, 0x0, 0x0, 0x0, 0x0,
    0x4f, 0xff, 0xff, 0xff, 0xff, 0xff, 0xff, 0xf3,
    0x4, 0xff, 0xff, 0xff, 0xff, 0xff, 0xff, 0xff,
    0x30, 0x4f, 0xff, 0xff, 0xff, 0xff, 0xff, 0xff,
    0xf3, 0x4, 0xff, 0xf4, 0x0, 0x0, 0x0, 0x0,
    0x0, 0x0, 0x4f, 0xff, 0x30, 0x0, 0x0, 0x0,
    0x0, 0x0, 0x4, 0xff, 0xf3, 0x0, 0x0, 0x0,
    0x0, 0x0, 0x0, 0x4f, 0xff, 0x30, 0x0, 0x0,
    0x0, 0x0, 0x0, 0x4, 0xff, 0xf3, 0x0, 0x0,
    0x0, 0x0, 0x0, 0x0, 0x4f, 0xff, 0x30, 0x0,
    0x0, 0x0, 0x0, 0x0, 0x4, 0xff, 0xf3, 0x0,
    0x0, 0x0, 0x0, 0x0, 0x0, 0x4f, 0xff, 0xff,
    0xff, 0xff, 0xff, 0xff, 0xff, 0x24, 0xff, 0xff,
    0xff, 0xff, 0xff, 0xff, 0xff, 0xf2, 0x4f, 0xff,
    0xff, 0xff, 0xff, 0xff, 0xff, 0xff, 0x20,

    /* U+00C9 "É" */
    0x0, 0x0, 0x0, 0x0, 0x1f, 0xff, 0xb0, 0x0,
    0x0, 0x0, 0x0, 0x0, 0xa, 0xff, 0xd0, 0x0,
    0x0, 0x0, 0x0, 0x0, 0x2, 0xff, 0xf2, 0x0,
    0x0, 0x0, 0x0, 0x0, 0x0, 0xbf, 0xf5, 0x0,
    0x0, 0x0, 0x0, 0x0, 0x0, 0x6, 0x65, 0x0,
    0x0, 0x0, 0x0, 0x0, 0x0, 0x0, 0x0, 0x0,
    0x0, 0x0, 0x0, 0x0, 0x0, 0x0, 0x0, 0x0,
    0x0, 0x0, 0x0, 0x4, 0xff, 0xff, 0xff, 0xff,
    0xff, 0xff, 0xff, 0xc0, 0x4f, 0xff, 0xff, 0xff,
    0xff, 0xff, 0xff, 0xfc, 0x4, 0xff, 0xff, 0xff,
    0xff, 0xff, 0xff, 0xff, 0xb0, 0x4f, 0xff, 0x30,
    0x0, 0x0, 0x0, 0x0, 0x0, 0x4, 0xff, 0xf3,
    0x0, 0x0, 0x0, 0x0, 0x0, 0x0, 0x4f, 0xff,
    0x30, 0x0, 0x0, 0x0, 0x0, 0x0, 0x4, 0xff,
    0xf3, 0x0, 0x0, 0x0, 0x0, 0x0, 0x0, 0x4f,
    0xff, 0x30, 0x0, 0x0, 0x0, 0x0, 0x0, 0x4,
    0xff, 0xf3, 0x0, 0x0, 0x0, 0x0, 0x0, 0x0,
    0x4f, 0xff, 0xff, 0xff, 0xff, 0xff, 0xff, 0xf3,
    0x4, 0xff, 0xff, 0xff, 0xff, 0xff, 0xff, 0xff,
    0x30, 0x4f, 0xff, 0xff, 0xff, 0xff, 0xff, 0xff,
    0xf3, 0x4, 0xff, 0xf4, 0x0, 0x0, 0x0, 0x0,
    0x0, 0x0, 0x4f, 0xff, 0x30, 0x0, 0x0, 0x0,
    0x0, 0x0, 0x4, 0xff, 0xf3, 0x0, 0x0, 0x0,
    0x0, 0x0, 0x0, 0x4f, 0xff, 0x30, 0x0, 0x0,
    0x0, 0x0, 0x0, 0x4, 0xff, 0xf3, 0x0, 0x0,
    0x0, 0x0, 0x0, 0x0, 0x4f, 0xff, 0x30, 0x0,
    0x0, 0x0, 0x0, 0x0, 0x4, 0xff, 0xf3, 0x0,
    0x0, 0x0, 0x0, 0x0, 0x0, 0x4f, 0xff, 0xff,
    0xff, 0xff, 0xff, 0xff, 0xff, 0x24, 0xff, 0xff,
    0xff, 0xff, 0xff, 0xff, 0xff, 0xf2, 0x4f, 0xff,
    0xff, 0xff, 0xff, 0xff, 0xff, 0xff, 0x20,

    /* U+00CA "Ê" */
    0x0, 0x0, 0x1, 0xef, 0xff, 0xc0, 0x0, 0x0,
    0x0, 0x0, 0x0, 0xbf, 0xff, 0xff, 0x80, 0x0,
    0x0, 0x0, 0x0, 0x7f, 0xfd, 0x2e, 0xff, 0x40,
    0x0, 0x0, 0x0, 0x3f, 0xff, 0x20, 0x5f, 0xfe,
    0x10, 0x0, 0x0, 0x3, 0x44, 0x30, 0x0, 0x44,
    0x42, 0x0, 0x0, 0x0, 0x0, 0x0, 0x0, 0x0,
    0x0, 0x0, 0x0, 0x0, 0x0, 0x0, 0x0, 0x0,
    0x0, 0x0, 0x0, 0x4, 0xff, 0xff, 0xff, 0xff,
    0xff, 0xff, 0xff, 0xc0, 0x4f, 0xff, 0xff, 0xff,
    0xff, 0xff, 0xff, 0xfc, 0x4, 0xff, 0xff, 0xff,
    0xff, 0xff, 0xff, 0xff, 0xb0, 0x4f, 0xff, 0x30,
    0x0, 0x0, 0x0, 0x0, 0x0, 0x4, 0xff, 0xf3,
    0x0, 0x0, 0x0, 0x0, 0x0, 0x0, 0x4f, 0xff,
    0x30, 0x0, 0x0, 0x0, 0x0, 0x0, 0x4, 0xff,
    0xf3, 0x0, 0x0, 0x0, 0x0, 0x0, 0x0, 0x4f,
    0xff, 0x30, 0x0, 0x0, 0x0, 0x0, 0x0, 0x4,
    0xff, 0xf3, 0x0, 0x0, 0x0, 0x0, 0x0, 0x0,
    0x4f, 0xff, 0xff, 0xff, 0xff, 0xff, 0xff, 0xf3,
    0x4, 0xff, 0xff, 0xff, 0xff, 0xff, 0xff, 0xff,
    0x30, 0x4f, 0xff, 0xff, 0xff, 0xff, 0xff, 0xff,
    0xf3, 0x4, 0xff, 0xf4, 0x0, 0x0, 0x0, 0x0,
    0x0, 0x0, 0x4f, 0xff, 0x30, 0x0, 0x0, 0x0,
    0x0, 0x0, 0x4, 0xff, 0xf3, 0x0, 0x0, 0x0,
    0x0, 0x0, 0x0, 0x4f, 0xff, 0x30, 0x0, 0x0,
    0x0, 0x0, 0x0, 0x4, 0xff, 0xf3, 0x0, 0x0,
    0x0, 0x0, 0x0, 0x0, 0x4f, 0xff, 0x30, 0x0,
    0x0, 0x0, 0x0, 0x0, 0x4, 0xff, 0xf3, 0x0,
    0x0, 0x0, 0x0, 0x0, 0x0, 0x4f, 0xff, 0xff,
    0xff, 0xff, 0xff, 0xff, 0xff, 0x24, 0xff, 0xff,
    0xff, 0xff, 0xff, 0xff, 0xff, 0xf2, 0x4f, 0xff,
    0xff, 0xff, 0xff, 0xff, 0xff, 0xff, 0x20,

    /* U+00CB "Ë" */
    0x0, 0x6, 0xaa, 0xa0, 0x2, 0xaa, 0xa4, 0x0,
    0x0, 0x0, 0x8f, 0xff, 0x0, 0x2f, 0xff, 0x60,
    0x0, 0x0, 0x8, 0xff, 0xf0, 0x2, 0xff, 0xf6,
    0x0, 0x0, 0x0, 0x8f, 0xff, 0x0, 0x2f, 0xff,
    0x60, 0x0, 0x0, 0x0, 0x0, 0x0, 0x0, 0x0,
    0x0, 0x0, 0x0, 0x0, 0x0, 0x0, 0x0, 0x0,
    0x0, 0x0, 0x0, 0x0, 0x0, 0x0, 0x0, 0x0,
    0x0, 0x0, 0x0, 0x4, 0xff, 0xff, 0xff, 0xff,
    0xff, 0xff, 0xff, 0xc0, 0x4f, 0xff, 0xff, 0xff,
    0xff, 0xff, 0xff, 0xfc, 0x4, 0xff, 0xff, 0xff,
    0xff, 0xff, 0xff, 0xff, 0xb0, 0x4f, 0xff, 0x30,
    0x0, 0x0, 0x0, 0x0, 0x0, 0x4, 0xff, 0xf3,
    0x0, 0x0, 0x0, 0x0, 0x0, 0x0, 0x4f, 0xff,
    0x30, 0x0, 0x0, 0x0, 0x0, 0x0, 0x4, 0xff,
    0xf3, 0x0, 0x0, 0x0, 0x0, 0x0, 0x0, 0x4f,
    0xff, 0x30, 0x0, 0x0, 0x0, 0x0, 0x0, 0x4,
    0xff, 0xf3, 0x0, 0x0, 0x0, 0x0, 0x0, 0x0,
    0x4f, 0xff, 0xff, 0xff, 0xff, 0xff, 0xff, 0xf3,
    0x4, 0xff, 0xff, 0xff, 0xff, 0xff, 0xff, 0xff,
    0x30, 0x4f, 0xff, 0xff, 0xff, 0xff, 0xff, 0xff,
    0xf3, 0x4, 0xff, 0xf4, 0x0, 0x0, 0x0, 0x0,
    0x0, 0x0, 0x4f, 0xff, 0x30, 0x0, 0x0, 0x0,
    0x0, 0x0, 0x4, 0xff, 0xf3, 0x0, 0x0, 0x0,
    0x0, 0x0, 0x0, 0x4f, 0xff, 0x30, 0x0, 0x0,
    0x0, 0x0, 0x0, 0x4, 0xff, 0xf3, 0x0, 0x0,
    0x0, 0x0, 0x0, 0x0, 0x4f, 0xff, 0x30, 0x0,
    0x0, 0x0, 0x0, 0x0, 0x4, 0xff, 0xf3, 0x0,
    0x0, 0x0, 0x0, 0x0, 0x0, 0x4f, 0xff, 0xff,
    0xff, 0xff, 0xff, 0xff, 0xff, 0x24, 0xff, 0xff,
    0xff, 0xff, 0xff, 0xff, 0xff, 0xf2, 0x4f, 0xff,
    0xff, 0xff, 0xff, 0xff, 0xff, 0xff, 0x20,

    /* U+00CC "Ì" */
    0x9f, 0xff, 0x60, 0x0, 0xcf, 0xfe, 0x0, 0x1,
    0xef, 0xf6, 0x0, 0x3, 0xff, 0xd0, 0x0, 0x4,
    0x66, 0x10, 0x0, 0x0, 0x0, 0x0, 0x0, 0x0,
    0x0, 0x4, 0xff, 0xf3, 0x0, 0x4f, 0xff, 0x30,
    0x4, 0xff, 0xf3, 0x0, 0x4f, 0xff, 0x30, 0x4,
    0xff, 0xf3, 0x0, 0x4f, 0xff, 0x30, 0x4, 0xff,
    0xf3, 0x0, 0x4f, 0xff, 0x30, 0x4, 0xff, 0xf3,
    0x0, 0x4f, 0xff, 0x30, 0x4, 0xff, 0xf3, 0x0,
    0x4f, 0xff, 0x30, 0x4, 0xff, 0xf3, 0x0, 0x4f,
    0xff, 0x30, 0x4, 0xff, 0xf3, 0x0, 0x4f, 0xff,
    0x30, 0x4, 0xff, 0xf3, 0x0, 0x4f, 0xff, 0x30,
    0x4, 0xff, 0xf3, 0x0, 0x4f, 0xff, 0x30, 0x4,
    0xff, 0xf3, 0x0, 0x4f, 0xff, 0x30,

    /* U+00CD "Í" */
    0x0, 0x1f, 0xff, 0xb0, 0x0, 0x9f, 0xfe, 0x10,
    0x2, 0xff, 0xf3, 0x0, 0xa, 0xff, 0x60, 0x0,
    0x6, 0x65, 0x0, 0x0, 0x0, 0x0, 0x0, 0x0,
    0x0, 0x0, 0x0, 0x0, 0x4f, 0xff, 0x30, 0x0,
    0x4f, 0xff, 0x30, 0x0, 0x4f, 0xff, 0x30, 0x0,
    0x4f, 0xff, 0x30, 0x0, 0x4f, 0xff, 0x30, 0x0,
    0x4f, 0xff, 0x30, 0x0, 0x4f, 0xff, 0x30, 0x0,
    0x4f, 0xff, 0x30, 0x0, 0x4f, 0xff, 0x30, 0x0,
    0x4f, 0xff, 0x30, 0x0, 0x4f, 0xff, 0x30, 0x0,
    0x4f, 0xff, 0x30, 0x0, 0x4f, 0xff, 0x30, 0x0,
    0x4f, 0xff, 0x30, 0x0, 0x4f, 0xff, 0x30, 0x0,
    0x4f, 0xff, 0x30, 0x0, 0x4f, 0xff, 0x30, 0x0,
    0x4f, 0xff, 0x30, 0x0, 0x4f, 0xff, 0x30, 0x0,
    0x4f, 0xff, 0x30, 0x0, 0x4f, 0xff, 0x30, 0x0,
    0x4f, 0xff, 0x30, 0x0,

    /* U+00CE "Î" */
    0x0, 0x1e, 0xff, 0xfd, 0x0, 0x0, 0xa, 0xff,
    0xff, 0xf9, 0x0, 0x6, 0xff, 0xd2, 0xef, 0xf4,
    0x2, 0xff, 0xf3, 0x4, 0xff, 0xe1, 0x34, 0x43,
    0x0, 0x3, 0x44, 0x20, 0x0, 0x0, 0x0, 0x0,
    0x0, 0x0, 0x0, 0x0, 0x0, 0x0, 0x0, 0x0,
    0x4f, 0xff, 0x30, 0x0, 0x0, 0x4, 0xff, 0xf3,
    0x0, 0x0, 0x0, 0x4f, 0xff, 0x30, 0x0, 0x0,
    0x4, 0xff, 0xf3, 0x0, 0x0, 0x0, 0x4f, 0xff,
    0x30, 0x0, 0x0, 0x4, 0xff, 0xf3, 0x0, 0x0,
    0x0, 0x4f, 0xff, 0x30, 0x0, 0x0, 0x4, 0xff,
    0xf3, 0x0, 0x0, 0x0, 0x4f, 0xff, 0x30, 0x0,
    0x0, 0x4, 0xff, 0xf3, 0x0, 0x0, 0x0, 0x4f,
    0xff, 0x30, 0x0, 0x0, 0x4, 0xff, 0xf3, 0x0,
    0x0, 0x0, 0x4f, 0xff, 0x30, 0x0, 0x0, 0x4,
    0xff, 0xf3, 0x0, 0x0, 0x0, 0x4f, 0xff, 0x30,
    0x0, 0x0, 0x4, 0xff, 0xf3, 0x0, 0x0, 0x0,
    0x4f, 0xff, 0x30, 0x0, 0x0, 0x4, 0xff, 0xf3,
    0x0, 0x0, 0x0, 0x4f, 0xff, 0x30, 0x0, 0x0,
    0x4, 0xff, 0xf3, 0x0, 0x0, 0x0, 0x4f, 0xff,
    0x30, 0x0, 0x0, 0x4, 0xff, 0xf3, 0x0, 0x0,

    /* U+00CF "Ï" */
    0x5a, 0xaa, 0x10, 0x1a, 0xaa, 0x48, 0xff, 0xf1,
    0x2, 0xff, 0xf6, 0x8f, 0xff, 0x10, 0x2f, 0xff,
    0x68, 0xff, 0xf1, 0x2, 0xff, 0xf6, 0x0, 0x0,
    0x0, 0x0, 0x0, 0x0, 0x0, 0x0, 0x0, 0x0,
    0x0, 0x0, 0x0, 0x0, 0x0, 0x0, 0x0, 0x0,
    0x4f, 0xff, 0x30, 0x0, 0x0, 0x4, 0xff, 0xf3,
    0x0, 0x0, 0x0, 0x4f, 0xff, 0x30, 0x0, 0x0,
    0x4, 0xff, 0xf3, 0x0, 0x0, 0x0, 0x4f, 0xff,
    0x30, 0x0, 0x0, 0x4, 0xff, 0xf3, 0x0, 0x0,
    0x0, 0x4f, 0xff, 0x30, 0x0, 0x0, 0x4, 0xff,
    0xf3, 0x0, 0x0, 0x0, 0x4f, 0xff, 0x30, 0x0,
    0x0, 0x4, 0xff, 0xf3, 0x0, 0x0, 0x0, 0x4f,
    0xff, 0x30, 0x0, 0x0, 0x4, 0xff, 0xf3, 0x0,
    0x0, 0x0, 0x4f, 0xff, 0x30, 0x0, 0x0, 0x4,
    0xff, 0xf3, 0x0, 0x0, 0x0, 0x4f, 0xff, 0x30,
    0x0, 0x0, 0x4, 0xff, 0xf3, 0x0, 0x0, 0x0,
    0x4f, 0xff, 0x30, 0x0, 0x0, 0x4, 0xff, 0xf3,
    0x0, 0x0, 0x0, 0x4f, 0xff, 0x30, 0x0, 0x0,
    0x4, 0xff, 0xf3, 0x0, 0x0, 0x0, 0x4f, 0xff,
    0x30, 0x0, 0x0, 0x4, 0xff, 0xf3, 0x0, 0x0,

    /* U+00D0 "Ð" */
    0x0, 0xf, 0xff, 0xff, 0xff, 0xfe, 0xdb, 0x73,
    0x0, 0x0, 0x0, 0x0, 0x0, 0xff, 0xff, 0xff,
    0xff, 0xff, 0xff, 0xfd, 0x50, 0x0, 0x0, 0x0,
    0xf, 0xff, 0xff, 0xff, 0xff, 0xff, 0xff, 0xff,
    0xa0, 0x0, 0x0, 0x0, 0xff, 0xf7, 0x0, 0x0,
    0x2, 0x6c, 0xff, 0xff, 0xb0, 0x0, 0x0, 0xf,
    0xff, 0x70, 0x0, 0x0, 0x0, 0x4, 0xef, 0xff,
    0x80, 0x0, 0x0, 0xff, 0xf7, 0x0, 0x0, 0x0,
    0x0, 0x2, 0xff, 0xff, 0x10, 0x0, 0xf, 0xff,
    0x70, 0x0, 0x0, 0x0, 0x0, 0x7, 0xff, 0xf7,
    0x0, 0x0, 0xff, 0xf7, 0x0, 0x0, 0x0, 0x0,
    0x0, 0xf, 0xff, 0xc0, 0x0, 0xf, 0xff, 0x70,
    0x0, 0x0, 0x0, 0x0, 0x0, 0xbf, 0xff, 0x3,
    0xaa, 0xff, 0xfd, 0xaa, 0x80, 0x0, 0x0, 0x0,
    0x8, 0xff, 0xf1, 0x5f, 0xff, 0xff, 0xff, 0xfd,
    0x0, 0x0, 0x0, 0x0, 0x7f, 0xff, 0x25, 0xff,
    0xff, 0xff, 0xff, 0xd0, 0x0, 0x0, 0x0, 0x7,
    0xff, 0xf2, 0x0, 0xf, 0xff, 0x70, 0x0, 0x0,
    0x0, 0x0, 0x0, 0x8f, 0xff, 0x10, 0x0, 0xff,
    0xf7, 0x0, 0x0, 0x0, 0x0, 0x0, 0xb, 0xff,
    0xf0, 0x0, 0xf, 0xff, 0x70, 0x0, 0x0, 0x0,
    0x0, 0x0, 0xff, 0xfb, 0x0, 0x0, 0xff, 0xf7,
    0x0, 0x0, 0x0, 0x0, 0x0, 0x7f, 0xff, 0x70,
    0x0, 0xf, 0xff, 0x70, 0x0, 0x0, 0x0, 0x0,
    0x3f, 0xff, 0xe0, 0x0, 0x0, 0xff, 0xf7, 0x0,
    0x0, 0x0, 0x0, 0x4e, 0xff, 0xf7, 0x0, 0x0,
    0xf, 0xff, 0x70, 0x0, 0x2, 0x47, 0xcf, 0xff,
    0xfa, 0x0, 0x0, 0x0, 0xff, 0xff, 0xff, 0xff,
    0xff, 0xff, 0xff, 0xf9, 0x0, 0x0, 0x0, 0xf,
    0xff, 0xff, 0xff, 0xff, 0xff, 0xff, 0xd5, 0x0,
    0x0, 0x0, 0x0, 0xff, 0xff, 0xff, 0xff, 0xfd,
    0xc8, 0x30, 0x0, 0x0, 0x0,

    /* U+00D1 "Ñ" */
    0x0, 0x0, 0x0, 0x6d, 0xfc, 0x84, 0x1b, 0xff,
    0x0, 0x0, 0x0, 0x0, 0x0, 0x4f, 0xff, 0xff,
    0xff, 0xff, 0xd0, 0x0, 0x0, 0x0, 0x0, 0xa,
    0xff, 0xab, 0xff, 0xff, 0xf5, 0x0, 0x0, 0x0,
    0x0, 0x0, 0x68, 0x70, 0x0, 0x37, 0x72, 0x0,
    0x0, 0x0, 0x0, 0x0, 0x0, 0x0, 0x0, 0x0,
    0x0, 0x0, 0x0, 0x0, 0x0, 0x0, 0x0, 0x0,
    0x0, 0x0, 0x0, 0x0, 0x0, 0x0, 0x0, 0x0,
    0x0, 0x0, 0x0, 0x0, 0x0, 0x0, 0x0, 0x0,
    0x0, 0x4, 0xff, 0xff, 0xf5, 0x0, 0x0, 0x0,
    0x0, 0x8, 0xff, 0xf0, 0x4f, 0xff, 0xff, 0xe0,
    0x0, 0x0, 0x0, 0x0, 0x8f, 0xff, 0x4, 0xff,
    0xff, 0xff, 0x80, 0x0, 0x0, 0x0, 0x8, 0xff,
    0xf0, 0x4f, 0xff, 0xef, 0xff, 0x20, 0x0, 0x0,
    0x0, 0x8f, 0xff, 0x4, 0xff, 0xf6, 0xff, 0xfb,
    0x0, 0x0, 0x0, 0x8, 0xff, 0xf0, 0x4f, 0xff,
    0x39, 0xff, 0xf4, 0x0, 0x0, 0x0, 0x8f, 0xff,
    0x4, 0xff, 0xf3, 0x1e, 0xff, 0xd0, 0x0, 0x0,
    0x8, 0xff, 0xf0, 0x4f, 0xff, 0x30, 0x6f, 0xff,
    0x70, 0x0, 0x0, 0x8f, 0xff, 0x4, 0xff, 0xf3,
    0x0, 0xcf, 0xff, 0x10, 0x0, 0x8, 0xff, 0xf0,
    0x4f, 0xff, 0x30, 0x3, 0xff, 0xfa, 0x0, 0x0,
    0x8f, 0xff, 0x4, 0xff, 0xf3, 0x0, 0x9, 0xff,
    0xf4, 0x0, 0x8, 0xff, 0xf0, 0x4f, 0xff, 0x30,
    0x0, 0x1e, 0xff, 0xd0, 0x0, 0x8f, 0xff, 0x4,
    0xff, 0xf3, 0x0, 0x0, 0x6f, 0xff, 0x70, 0x8,
    0xff, 0xf0, 0x4f, 0xff, 0x30, 0x0, 0x0, 0xcf,
    0xff, 0x10, 0x8f, 0xff, 0x4, 0xff, 0xf3, 0x0,
    0x0, 0x3, 0xff, 0xfa, 0x8, 0xff, 0xf0, 0x4f,
    0xff, 0x30, 0x0, 0x0, 0x9, 0xff, 0xf3, 0x8f,
    0xff, 0x4, 0xff, 0xf3, 0x0, 0x0, 0x0, 0x1f,
    0xff, 0xd8, 0xff, 0xf0, 0x4f, 0xff, 0x30, 0x0,
    0x0, 0x0, 0x6f, 0xff, 0xef, 0xff, 0x4, 0xff,
    0xf3, 0x0, 0x0, 0x0, 0x0, 0xdf, 0xff, 0xff,
    0xf0, 0x4f, 0xff, 0x30, 0x0, 0x0, 0x0, 0x3,
    0xff, 0xff, 0xff, 0x4, 0xff, 0xf3, 0x0, 0x0,
    0x0, 0x0, 0xa, 0xff, 0xff, 0xf0, 0x4f, 0xff,
    0x30, 0x0, 0x0, 0x0, 0x0, 0x1f, 0xff, 0xff,
    0x0,

    /* U+00D2 "Ò" */
    0x0, 0x0, 0x0, 0xd, 0xff, 0xf2, 0x0, 0x0,
    0x0, 0x0, 0x0, 0x0, 0x0, 0x0, 0x0, 0x2e,
    0xff, 0x90, 0x0, 0x0, 0x0, 0x0, 0x0, 0x0,
    0x0, 0x0, 0x0, 0x4f, 0xff, 0x20, 0x0, 0x0,
    0x0, 0x0, 0x0, 0x0, 0x0, 0x0, 0x0, 0x8f,
    0xf9, 0x0, 0x0, 0x0, 0x0, 0x0, 0x0, 0x0,
    0x0, 0x0, 0x0, 0x66, 0x60, 0x0, 0x0, 0x0,
    0x0, 0x0, 0x0, 0x0, 0x0, 0x0, 0x0, 0x0,
    0x0, 0x0, 0x0, 0x0, 0x0, 0x0, 0x0, 0x0,
    0x0, 0x25, 0x67, 0x53, 0x0, 0x0, 0x0, 0x0,
    0x0, 0x0, 0x0, 0x7, 0xdf, 0xff, 0xff, 0xff,
    0x92, 0x0, 0x0, 0x0, 0x0, 0x0, 0x4e, 0xff,
    0xff, 0xff, 0xff, 0xff, 0xf8, 0x0, 0x0, 0x0,
    0x0, 0x5f, 0xff, 0xff, 0xb9, 0x8a, 0xef, 0xff,
    0xfa, 0x0, 0x0, 0x0, 0x3f, 0xff, 0xf8, 0x10,
    0x0, 0x0, 0x5e, 0xff, 0xf8, 0x0, 0x0, 0xe,
    0xff, 0xf5, 0x0, 0x0, 0x0, 0x0, 0x2d, 0xff,
    0xf4, 0x0, 0x6, 0xff, 0xfa, 0x0, 0x0, 0x0,
    0x0, 0x0, 0x4f, 0xff, 0xc0, 0x0, 0xdf, 0xff,
    0x20, 0x0, 0x0, 0x0, 0x0, 0x0, 0xbf, 0xff,
    0x30, 0x2f, 0xff, 0x90, 0x0, 0x0, 0x0, 0x0,
    0x0, 0x3, 0xff, 0xf8, 0x6, 0xff, 0xf5, 0x0,
    0x0, 0x0, 0x0, 0x0, 0x0, 0xf, 0xff, 0xc0,
    0x7f, 0xff, 0x20, 0x0, 0x0, 0x0, 0x0, 0x0,
    0x0, 0xcf, 0xfe, 0x9, 0xff, 0xf1, 0x0, 0x0,
    0x0, 0x0, 0x0, 0x0, 0xb, 0xff, 0xf0, 0x9f,
    0xff, 0x10, 0x0, 0x0, 0x0, 0x0, 0x0, 0x0,
    0xbf, 0xff, 0x8, 0xff, 0xf2, 0x0, 0x0, 0x0,
    0x0, 0x0, 0x0, 0xc, 0xff, 0xe0, 0x6f, 0xff,
    0x50, 0x0, 0x0, 0x0, 0x0, 0x0, 0x0, 0xef,
    0xfc, 0x2, 0xff, 0xf9, 0x0, 0x0, 0x0, 0x0,
    0x0, 0x0, 0x3f, 0xff, 0x80, 0xe, 0xff, 0xf1,
    0x0, 0x0, 0x0, 0x0, 0x0, 0xa, 0xff, 0xf4,
    0x0, 0x7f, 0xff, 0x90, 0x0, 0x0, 0x0, 0x0,
    0x3, 0xff, 0xfd, 0x0, 0x0, 0xef, 0xff, 0x40,
    0x0, 0x0, 0x0, 0x1, 0xdf, 0xff, 0x50, 0x0,
    0x4, 0xff, 0xff, 0x70, 0x0, 0x0, 0x4, 0xdf,
    0xff, 0x90, 0x0, 0x0, 0x6, 0xff, 0xff, 0xfa,
    0x88, 0x9d, 0xff, 0xff, 0xb0, 0x0, 0x0, 0x0,
    0x4, 0xef, 0xff, 0xff, 0xff, 0xff, 0xff, 0x80,
    0x0, 0x0, 0x0, 0x0, 0x0, 0x8e, 0xff, 0xff,
    0xff, 0xfa, 0x20, 0x0, 0x0, 0x0, 0x0, 0x0,
    0x0, 0x2, 0x57, 0x76, 0x40, 0x0, 0x0, 0x0,
    0x0,

    /* U+00D3 "Ó" */
    0x0, 0x0, 0x0, 0x0, 0x0, 0x5, 0xff, 0xf7,
    0x0, 0x0, 0x0, 0x0, 0x0, 0x0, 0x0, 0x0,
    0x0, 0xdf, 0xfa, 0x0, 0x0, 0x0, 0x0, 0x0,
    0x0, 0x0, 0x0, 0x0, 0x6f, 0xfd, 0x0, 0x0,
    0x0, 0x0, 0x0, 0x0, 0x0, 0x0, 0x0, 0xe,
    0xff, 0x20, 0x0, 0x0, 0x0, 0x0, 0x0, 0x0,
    0x0, 0x0, 0x1, 0x66, 0x30, 0x0, 0x0, 0x0,
    0x0, 0x0, 0x0, 0x0, 0x0, 0x0, 0x0, 0x0,
    0x0, 0x0, 0x0, 0x0, 0x0, 0x0, 0x0, 0x0,
    0x0, 0x25, 0x67, 0x53, 0x0, 0x0, 0x0, 0x0,
    0x0, 0x0, 0x0, 0x7, 0xdf, 0xff, 0xff, 0xff,
    0x92, 0x0, 0x0, 0x0, 0x0, 0x0, 0x4e, 0xff,
    0xff, 0xff, 0xff, 0xff, 0xf8, 0x0, 0x0, 0x0,
    0x0, 0x5f, 0xff, 0xff, 0xb9, 0x8a, 0xef, 0xff,
    0xfa, 0x0, 0x0, 0x0, 0x3f, 0xff, 0xf8, 0x10,
    0x0, 0x0, 0x5e, 0xff, 0xf8, 0x0, 0x0, 0xe,
    0xff, 0xf5, 0x0, 0x0, 0x0, 0x0, 0x2d, 0xff,
    0xf4, 0x0, 0x6, 0xff, 0xfa, 0x0, 0x0, 0x0,
    0x0, 0x0, 0x4f, 0xff, 0xc0, 0x0, 0xdf, 0xff,
    0x20, 0x0, 0x0, 0x0, 0x0, 0x0, 0xbf, 0xff,
    0x30, 0x2f, 0xff, 0x90, 0x0, 0x0, 0x0, 0x0,
    0x0, 0x3, 0xff, 0xf8, 0x6, 0xff, 0xf5, 0x0,
    0x0, 0x0, 0x0, 0x0, 0x0, 0xf, 0xff, 0xc0,
    0x7f, 0xff, 0x20, 0x0, 0x0, 0x0, 0x0, 0x0,
    0x0, 0xcf, 0xfe, 0x9, 0xff, 0xf1, 0x0, 0x0,
    0x0, 0x0, 0x0, 0x0, 0xb, 0xff, 0xf0, 0x9f,
    0xff, 0x10, 0x0, 0x0, 0x0, 0x0, 0x0, 0x0,
    0xbf, 0xff, 0x8, 0xff, 0xf2, 0x0, 0x0, 0x0,
    0x0, 0x0, 0x0, 0xc, 0xff, 0xe0, 0x6f, 0xff,
    0x50, 0x0, 0x0, 0x0, 0x0, 0x0, 0x0, 0xef,
    0xfc, 0x2, 0xff, 0xf9, 0x0, 0x0, 0x0, 0x0,
    0x0, 0x0, 0x3f, 0xff, 0x80, 0xe, 0xff, 0xf1,
    0x0, 0x0, 0x0, 0x0, 0x0, 0xa, 0xff, 0xf4,
    0x0, 0x7f, 0xff, 0x90, 0x0, 0x0, 0x0, 0x0,
    0x3, 0xff, 0xfd, 0x0, 0x0, 0xef, 0xff, 0x40,
    0x0, 0x0, 0x0, 0x1, 0xdf, 0xff, 0x50, 0x0,
    0x4, 0xff, 0xff, 0x70, 0x0, 0x0, 0x4, 0xdf,
    0xff, 0x90, 0x0, 0x0, 0x6, 0xff, 0xff, 0xfa,
    0x88, 0x9d, 0xff, 0xff, 0xb0, 0x0, 0x0, 0x0,
    0x4, 0xef, 0xff, 0xff, 0xff, 0xff, 0xff, 0x80,
    0x0, 0x0, 0x0, 0x0, 0x0, 0x8e, 0xff, 0xff,
    0xff, 0xfa, 0x20, 0x0, 0x0, 0x0, 0x0, 0x0,
    0x0, 0x2, 0x57, 0x76, 0x40, 0x0, 0x0, 0x0,
    0x0,

    /* U+00D4 "Ô" */
    0x0, 0x0, 0x0, 0x0, 0x4, 0x44, 0x41, 0x0,
    0x0, 0x0, 0x0, 0x0, 0x0, 0x0, 0x0, 0x7,
    0xff, 0xff, 0xc0, 0x0, 0x0, 0x0, 0x0, 0x0,
    0x0, 0x0, 0x3, 0xff, 0xfc, 0xff, 0x80, 0x0,
    0x0, 0x0, 0x0, 0x0, 0x0, 0x1, 0xef, 0xf6,
    0x1f, 0xff, 0x40, 0x0, 0x0, 0x0, 0x0, 0x0,
    0x0, 0xaf, 0xfa, 0x0, 0x5f, 0xfe, 0x10, 0x0,
    0x0, 0x0, 0x0, 0x0, 0x0, 0x0, 0x0, 0x0,
    0x0, 0x0, 0x0, 0x0, 0x0, 0x0, 0x0, 0x0,
    0x0, 0x0, 0x0, 0x0, 0x0, 0x0, 0x0, 0x0,
    0x0, 0x0, 0x0, 0x0, 0x2, 0x56, 0x75, 0x30,
    0x0, 0x0, 0x0, 0x0, 0x0, 0x0, 0x0, 0x7d,
    0xff, 0xff, 0xff, 0xf9, 0x20, 0x0, 0x0, 0x0,
    0x0, 0x4, 0xef, 0xff, 0xff, 0xff, 0xff, 0xff,
    0x80, 0x0, 0x0, 0x0, 0x5, 0xff, 0xff, 0xfb,
    0x98, 0xae, 0xff, 0xff, 0xa0, 0x0, 0x0, 0x3,
    0xff, 0xff, 0x81, 0x0, 0x0, 0x5, 0xef, 0xff,
    0x80, 0x0, 0x0, 0xef, 0xff, 0x50, 0x0, 0x0,
    0x0, 0x2, 0xdf, 0xff, 0x40, 0x0, 0x6f, 0xff,
    0xa0, 0x0, 0x0, 0x0, 0x0, 0x4, 0xff, 0xfc,
    0x0, 0xd, 0xff, 0xf2, 0x0, 0x0, 0x0, 0x0,
    0x0, 0xb, 0xff, 0xf3, 0x2, 0xff, 0xf9, 0x0,
    0x0, 0x0, 0x0, 0x0, 0x0, 0x3f, 0xff, 0x80,
    0x6f, 0xff, 0x50, 0x0, 0x0, 0x0, 0x0, 0x0,
    0x0, 0xff, 0xfc, 0x7, 0xff, 0xf2, 0x0, 0x0,
    0x0, 0x0, 0x0, 0x0, 0xc, 0xff, 0xe0, 0x9f,
    0xff, 0x10, 0x0, 0x0, 0x0, 0x0, 0x0, 0x0,
    0xbf, 0xff, 0x9, 0xff, 0xf1, 0x0, 0x0, 0x0,
    0x0, 0x0, 0x0, 0xb, 0xff, 0xf0, 0x8f, 0xff,
    0x20, 0x0, 0x0, 0x0, 0x0, 0x0, 0x0, 0xcf,
    0xfe, 0x6, 0xff, 0xf5, 0x0, 0x0, 0x0, 0x0,
    0x0, 0x0, 0xe, 0xff, 0xc0, 0x2f, 0xff, 0x90,
    0x0, 0x0, 0x0, 0x0, 0x0, 0x3, 0xff, 0xf8,
    0x0, 0xef, 0xff, 0x10, 0x0, 0x0, 0x0, 0x0,
    0x0, 0xaf, 0xff, 0x40, 0x7, 0xff, 0xf9, 0x0,
    0x0, 0x0, 0x0, 0x0, 0x3f, 0xff, 0xd0, 0x0,
    0xe, 0xff, 0xf4, 0x0, 0x0, 0x0, 0x0, 0x1d,
    0xff, 0xf5, 0x0, 0x0, 0x4f, 0xff, 0xf7, 0x0,
    0x0, 0x0, 0x4d, 0xff, 0xf9, 0x0, 0x0, 0x0,
    0x6f, 0xff, 0xff, 0xa8, 0x89, 0xdf, 0xff, 0xfb,
    0x0, 0x0, 0x0, 0x0, 0x4e, 0xff, 0xff, 0xff,
    0xff, 0xff, 0xf8, 0x0, 0x0, 0x0, 0x0, 0x0,
    0x8, 0xef, 0xff, 0xff, 0xff, 0xa2, 0x0, 0x0,
    0x0, 0x0, 0x0, 0x0, 0x0, 0x25, 0x77, 0x64,
    0x0, 0x0, 0x0, 0x0, 0x0,

    /* U+00D5 "Õ" */
    0x0, 0x0, 0x0, 0x1a, 0xee, 0xa6, 0x23, 0xff,
    0x90, 0x0, 0x0, 0x0, 0x0, 0x0, 0xc, 0xff,
    0xff, 0xff, 0xff, 0xf6, 0x0, 0x0, 0x0, 0x0,
    0x0, 0x1, 0xff, 0xea, 0xdf, 0xff, 0xfd, 0x0,
    0x0, 0x0, 0x0, 0x0, 0x0, 0x28, 0x83, 0x0,
    0x15, 0x86, 0x0, 0x0, 0x0, 0x0, 0x0, 0x0,
    0x0, 0x0, 0x0, 0x0, 0x0, 0x0, 0x0, 0x0,
    0x0, 0x0, 0x0, 0x0, 0x0, 0x0, 0x0, 0x0,
    0x0, 0x0, 0x0, 0x0, 0x0, 0x0, 0x0, 0x0,
    0x0, 0x25, 0x67, 0x53, 0x0, 0x0, 0x0, 0x0,
    0x0, 0x0, 0x0, 0x7, 0xdf, 0xff, 0xff, 0xff,
    0x92, 0x0, 0x0, 0x0, 0x0, 0x0, 0x4e, 0xff,
    0xff, 0xff, 0xff, 0xff, 0xf8, 0x0, 0x0, 0x0,
    0x0, 0x5f, 0xff, 0xff, 0xb9, 0x8a, 0xef, 0xff,
    0xfa, 0x0, 0x0, 0x0, 0x3f, 0xff, 0xf8, 0x10,
    0x0, 0x0, 0x5e, 0xff, 0xf8, 0x0, 0x0, 0xe,
    0xff, 0xf5, 0x0, 0x0, 0x0, 0x0, 0x2d, 0xff,
    0xf4, 0x0, 0x6, 0xff, 0xfa, 0x0, 0x0, 0x0,
    0x0, 0x0, 0x4f, 0xff, 0xc0, 0x0, 0xdf, 0xff,
    0x20, 0x0, 0x0, 0x0, 0x0, 0x0, 0xbf, 0xff,
    0x30, 0x2f, 0xff, 0x90, 0x0, 0x0, 0x0, 0x0,
    0x0, 0x3, 0xff, 0xf8, 0x6, 0xff, 0xf5, 0x0,
    0x0, 0x0, 0x0, 0x0, 0x0, 0xf, 0xff, 0xc0,
    0x7f, 0xff, 0x20, 0x0, 0x0, 0x0, 0x0, 0x0,
    0x0, 0xcf, 0xfe, 0x9, 0xff, 0xf1, 0x0, 0x0,
    0x0, 0x0, 0x0, 0x0, 0xb, 0xff, 0xf0, 0x9f,
    0xff, 0x10, 0x0, 0x0, 0x0, 0x0, 0x0, 0x0,
    0xbf, 0xff, 0x8, 0xff, 0xf2, 0x0, 0x0, 0x0,
    0x0, 0x0, 0x0, 0xc, 0xff, 0xe0, 0x6f, 0xff,
    0x50, 0x0, 0x0, 0x0, 0x0, 0x0, 0x0, 0xef,
    0xfc, 0x2, 0xff, 0xf9, 0x0, 0x0, 0x0, 0x0,
    0x0, 0x0, 0x3f, 0xff, 0x80, 0xe, 0xff, 0xf1,
    0x0, 0x0, 0x0, 0x0, 0x0, 0xa, 0xff, 0xf4,
    0x0, 0x7f, 0xff, 0x90, 0x0, 0x0, 0x0, 0x0,
    0x3, 0xff, 0xfd, 0x0, 0x0, 0xef, 0xff, 0x40,
    0x0, 0x0, 0x0, 0x1, 0xdf, 0xff, 0x50, 0x0,
    0x4, 0xff, 0xff, 0x70, 0x0, 0x0, 0x4, 0xdf,
    0xff, 0x90, 0x0, 0x0, 0x6, 0xff, 0xff, 0xfa,
    0x88, 0x9d, 0xff, 0xff, 0xb0, 0x0, 0x0, 0x0,
    0x4, 0xef, 0xff, 0xff, 0xff, 0xff, 0xff, 0x80,
    0x0, 0x0, 0x0, 0x0, 0x0, 0x8e, 0xff, 0xff,
    0xff, 0xfa, 0x20, 0x0, 0x0, 0x0, 0x0, 0x0,
    0x0, 0x2, 0x57, 0x76, 0x40, 0x0, 0x0, 0x0,
    0x0,

    /* U+00D6 "Ö" */
    0x0, 0x0, 0x0, 0x8a, 0xa8, 0x0, 0x4a, 0xaa,
    0x10, 0x0, 0x0, 0x0, 0x0, 0x0, 0xc, 0xff,
    0xc0, 0x6, 0xff, 0xf2, 0x0, 0x0, 0x0, 0x0,
    0x0, 0x0, 0xcf, 0xfc, 0x0, 0x6f, 0xff, 0x20,
    0x0, 0x0, 0x0, 0x0, 0x0, 0xc, 0xff, 0xc0,
    0x6, 0xff, 0xf2, 0x0, 0x0, 0x0, 0x0, 0x0,
    0x0, 0x0, 0x0, 0x0, 0x0, 0x0, 0x0, 0x0,
    0x0, 0x0, 0x0, 0x0, 0x0, 0x0, 0x0, 0x0,
    0x0, 0x0, 0x0, 0x0, 0x0, 0x0, 0x0, 0x0,
    0x0, 0x25, 0x67, 0x53, 0x0, 0x0, 0x0, 0x0,
    0x0, 0x0, 0x0, 0x7, 0xdf, 0xff, 0xff, 0xff,
    0x92, 0x0, 0x0, 0x0, 0x0, 0x0, 0x4e, 0xff,
    0xff, 0xff, 0xff, 0xff, 0xf8, 0x0, 0x0, 0x0,
    0x0, 0x5f, 0xff, 0xff, 0xb9, 0x8a, 0xef, 0xff,
    0xfa, 0x0, 0x0, 0x0, 0x3f, 0xff, 0xf8, 0x10,
    0x0, 0x0, 0x5e, 0xff, 0xf8, 0x0, 0x0, 0xe,
    0xff, 0xf5, 0x0, 0x0, 0x0, 0x0, 0x2d, 0xff,
    0xf4, 0x0, 0x6, 0xff, 0xfa, 0x0, 0x0, 0x0,
    0x0, 0x0, 0x4f, 0xff, 0xc0, 0x0, 0xdf, 0xff,
    0x20, 0x0, 0x0, 0x0, 0x0, 0x0, 0xbf, 0xff,
    0x30, 0x2f, 0xff, 0x90, 0x0, 0x0, 0x0, 0x0,
    0x0, 0x3, 0xff, 0xf8, 0x6, 0xff, 0xf5, 0x0,
    0x0, 0x0, 0x0, 0x0, 0x0, 0xf, 0xff, 0xc0,
    0x7f, 0xff, 0x20, 0x0, 0x0, 0x0, 0x0, 0x0,
    0x0, 0xcf, 0xfe, 0x9, 0xff, 0xf1, 0x0, 0x0,
    0x0, 0x0, 0x0, 0x0, 0xb, 0xff, 0xf0, 0x9f,
    0xff, 0x10, 0x0, 0x0, 0x0, 0x0, 0x0, 0x0,
    0xbf, 0xff, 0x8, 0xff, 0xf2, 0x0, 0x0, 0x0,
    0x0, 0x0, 0x0, 0xc, 0xff, 0xe0, 0x6f, 0xff,
    0x50, 0x0, 0x0, 0x0, 0x0, 0x0, 0x0, 0xef,
    0xfc, 0x2, 0xff, 0xf9, 0x0, 0x0, 0x0, 0x0,
    0x0, 0x0, 0x3f, 0xff, 0x80, 0xe, 0xff, 0xf1,
    0x0, 0x0, 0x0, 0x0, 0x0, 0xa, 0xff, 0xf4,
    0x0, 0x7f, 0xff, 0x90, 0x0, 0x0, 0x0, 0x0,
    0x3, 0xff, 0xfd, 0x0, 0x0, 0xef, 0xff, 0x40,
    0x0, 0x0, 0x0, 0x1, 0xdf, 0xff, 0x50, 0x0,
    0x4, 0xff, 0xff, 0x70, 0x0, 0x0, 0x4, 0xdf,
    0xff, 0x90, 0x0, 0x0, 0x6, 0xff, 0xff, 0xfa,
    0x88, 0x9d, 0xff, 0xff, 0xb0, 0x0, 0x0, 0x0,
    0x4, 0xef, 0xff, 0xff, 0xff, 0xff, 0xff, 0x80,
    0x0, 0x0, 0x0, 0x0, 0x0, 0x8e, 0xff, 0xff,
    0xff, 0xfa, 0x20, 0x0, 0x0, 0x0, 0x0, 0x0,
    0x0, 0x2, 0x57, 0x76, 0x40, 0x0, 0x0, 0x0,
    0x0,

    /* U+00D7 "×" */
    0x1, 0xa1, 0x0, 0x0, 0x0, 0x0, 0x76, 0x0,
    0x1d, 0xfd, 0x10, 0x0, 0x0, 0x7, 0xff, 0x60,
    0x4f, 0xff, 0xd1, 0x0, 0x0, 0x7f, 0xff, 0xb0,
    0x4, 0xff, 0xfd, 0x10, 0x7, 0xff, 0xfb, 0x0,
    0x0, 0x4f, 0xff, 0xd1, 0x6f, 0xff, 0xb0, 0x0,
    0x0, 0x4, 0xff, 0xfe, 0xff, 0xfb, 0x0, 0x0,
    0x0, 0x0, 0x4f, 0xff, 0xff, 0xa0, 0x0, 0x0,
    0x0, 0x0, 0x9, 0xff, 0xff, 0x10, 0x0, 0x0,
    0x0, 0x0, 0x6f, 0xff, 0xff, 0xd1, 0x0, 0x0,
    0x0, 0x7, 0xff, 0xfc, 0xff, 0xfd, 0x10, 0x0,
    0x0, 0x7f, 0xff, 0xa0, 0x4f, 0xff, 0xd1, 0x0,
    0x7, 0xff, 0xfa, 0x0, 0x4, 0xff, 0xfd, 0x10,
    0x6f, 0xff, 0xb0, 0x0, 0x0, 0x4f, 0xff, 0xd0,
    0x1d, 0xfb, 0x0, 0x0, 0x0, 0x4, 0xff, 0x60,
    0x1, 0x90, 0x0, 0x0, 0x0, 0x0, 0x46, 0x0,

    /* U+00D8 "Ø" */
    0x0, 0x0, 0x0, 0x0, 0x0, 0x0, 0x0, 0x0,
    0x0, 0x0, 0x0, 0x0, 0x0, 0x0, 0x0, 0x2,
    0x56, 0x74, 0x20, 0x0, 0x9, 0xc2, 0x0, 0x0,
    0x0, 0x0, 0x7d, 0xff, 0xff, 0xff, 0xe8, 0x15,
    0xff, 0xe0, 0x0, 0x0, 0x4, 0xef, 0xff, 0xff,
    0xff, 0xff, 0xff, 0xff, 0xf6, 0x0, 0x0, 0x5,
    0xff, 0xff, 0xfb, 0x99, 0xbe, 0xff, 0xff, 0xfa,
    0x0, 0x0, 0x3, 0xff, 0xff, 0x81, 0x0, 0x0,
    0x6, 0xff, 0xff, 0x80, 0x0, 0x0, 0xef, 0xff,
    0x50, 0x0, 0x0, 0x0, 0x7f, 0xff, 0xff, 0x30,
    0x0, 0x6f, 0xff, 0xa0, 0x0, 0x0, 0x0, 0x3f,
    0xff, 0xff, 0xfc, 0x0, 0xd, 0xff, 0xf2, 0x0,
    0x0, 0x0, 0x1e, 0xff, 0x8a, 0xff, 0xf3, 0x2,
    0xff, 0xf9, 0x0, 0x0, 0x0, 0xc, 0xff, 0xb0,
    0x4f, 0xff, 0x80, 0x6f, 0xff, 0x50, 0x0, 0x0,
    0x8, 0xff, 0xe1, 0x0, 0xff, 0xfc, 0x7, 0xff,
    0xf2, 0x0, 0x0, 0x5, 0xff, 0xf3, 0x0, 0xd,
    0xff, 0xe0, 0x9f, 0xff, 0x10, 0x0, 0x2, 0xff,
    0xf6, 0x0, 0x0, 0xbf, 0xff, 0x9, 0xff, 0xf1,
    0x0, 0x0, 0xdf, 0xf9, 0x0, 0x0, 0xb, 0xff,
    0xf0, 0x8f, 0xff, 0x30, 0x0, 0xaf, 0xfc, 0x0,
    0x0, 0x0, 0xcf, 0xfe, 0x6, 0xff, 0xf5, 0x0,
    0x7f, 0xfe, 0x20, 0x0, 0x0, 0xe, 0xff, 0xc0,
    0x2f, 0xff, 0x90, 0x3f, 0xff, 0x40, 0x0, 0x0,
    0x3, 0xff, 0xf8, 0x0, 0xdf, 0xff, 0x2e, 0xff,
    0x80, 0x0, 0x0, 0x0, 0xaf, 0xff, 0x40, 0x7,
    0xff, 0xfe, 0xff, 0xb0, 0x0, 0x0, 0x0, 0x3f,
    0xff, 0xd0, 0x0, 0xe, 0xff, 0xff, 0xe1, 0x0,
    0x0, 0x0, 0x1d, 0xff, 0xf5, 0x0, 0x0, 0x4f,
    0xff, 0xfa, 0x10, 0x0, 0x0, 0x4d, 0xff, 0xfa,
    0x0, 0x0, 0x2, 0xff, 0xff, 0xff, 0xb8, 0x89,
    0xdf, 0xff, 0xfb, 0x0, 0x0, 0x0, 0xdf, 0xff,
    0xff, 0xff, 0xff, 0xff, 0xff, 0xf9, 0x0, 0x0,
    0x0, 0x8f, 0xfd, 0x16, 0xdf, 0xff, 0xff, 0xff,
    0xa2, 0x0, 0x0, 0x0, 0x0, 0x8f, 0x20, 0x0,
    0x24, 0x67, 0x64, 0x0, 0x0, 0x0, 0x0, 0x0,
    0x0, 0x10, 0x0, 0x0, 0x0, 0x0, 0x0, 0x0,
    0x0, 0x0, 0x0,

    /* U+00D9 "Ù" */
    0x0, 0x0, 0xc, 0xff, 0xf2, 0x0, 0x0, 0x0,
    0x0, 0x0, 0x0, 0x1, 0xef, 0xfa, 0x0, 0x0,
    0x0, 0x0, 0x0, 0x0, 0x0, 0x4f, 0xff, 0x20,
    0x0, 0x0, 0x0, 0x0, 0x0, 0x0, 0x7, 0xff,
    0xa0, 0x0, 0x0, 0x0, 0x0, 0x0, 0x0, 0x0,
    0x56, 0x60, 0x0, 0x0, 0x0, 0x0, 0x0, 0x0,
    0x0, 0x0, 0x0, 0x0, 0x0, 0x0, 0x0, 0x0,
    0x0, 0x0, 0x0, 0x0, 0x0, 0x0, 0x0, 0x8f,
    0xff, 0x0, 0x0, 0x0, 0x0, 0x0, 0x8f, 0xff,
    0x8f, 0xff, 0x0, 0x0, 0x0, 0x0, 0x0, 0x8f,
    0xff, 0x8f, 0xff, 0x0, 0x0, 0x0, 0x0, 0x0,
    0x8f, 0xff, 0x8f, 0xff, 0x0, 0x0, 0x0, 0x0,
    0x0, 0x8f, 0xff, 0x8f, 0xff, 0x0, 0x0, 0x0,
    0x0, 0x0, 0x8f, 0xff, 0x8f, 0xff, 0x0, 0x0,
    0x0, 0x0, 0x0, 0x8f, 0xff, 0x8f, 0xff, 0x0,
    0x0, 0x0, 0x0, 0x0, 0x8f, 0xff, 0x8f, 0xff,
    0x0, 0x0, 0x0, 0x0, 0x0, 0x8f, 0xff, 0x8f,
    0xff, 0x0, 0x0, 0x0, 0x0, 0x0, 0x8f, 0xff,
    0x8f, 0xff, 0x0, 0x0, 0x0, 0x0, 0x0, 0x8f,
    0xff, 0x8f, 0xff, 0x0, 0x0, 0x0, 0x0, 0x0,
    0x8f, 0xff, 0x8f, 0xff, 0x0, 0x0, 0x0, 0x0,
    0x0, 0x8f, 0xff, 0x8f, 0xff, 0x0, 0x0, 0x0,
    0x0, 0x0, 0x8f, 0xff, 0x8f, 0xff, 0x10, 0x0,
    0x0, 0x0, 0x0, 0x9f, 0xff, 0x7f, 0xff, 0x30,
    0x0, 0x0, 0x0, 0x0, 0xbf, 0xfe, 0x6f, 0xff,
    0x40, 0x0, 0x0, 0x0, 0x0, 0xdf, 0xfd, 0x2f,
    0xff, 0xa0, 0x0, 0x0, 0x0, 0x3, 0xff, 0xf9,
    0xd, 0xff, 0xf2, 0x0, 0x0, 0x0, 0xa, 0xff,
    0xf5, 0x6, 0xff, 0xfe, 0x30, 0x0, 0x0, 0x9f,
    0xff, 0xd0, 0x0, 0xcf, 0xff, 0xfc, 0x98, 0xbe,
    0xff, 0xff, 0x40, 0x0, 0x1c, 0xff, 0xff, 0xff,
    0xff, 0xff, 0xf5, 0x0, 0x0, 0x0, 0x6e, 0xff,
    0xff, 0xff, 0xfa, 0x20, 0x0, 0x0, 0x0, 0x0,
    0x25, 0x77, 0x64, 0x0, 0x0, 0x0,

    /* U+00DA "Ú" */
    0x0, 0x0, 0x0, 0x0, 0x4, 0xff, 0xf8, 0x0,
    0x0, 0x0, 0x0, 0x0, 0x0, 0xd, 0xff, 0xb0,
    0x0, 0x0, 0x0, 0x0, 0x0, 0x0, 0x5f, 0xfd,
    0x10, 0x0, 0x0, 0x0, 0x0, 0x0, 0x0, 0xdf,
    0xf2, 0x0, 0x0, 0x0, 0x0, 0x0, 0x0, 0x1,
    0x66, 0x30, 0x0, 0x0, 0x0, 0x0, 0x0, 0x0,
    0x0, 0x0, 0x0, 0x0, 0x0, 0x0, 0x0, 0x0,
    0x0, 0x0, 0x0, 0x0, 0x0, 0x0, 0x0, 0x8f,
    0xff, 0x0, 0x0, 0x0, 0x0, 0x0, 0x8f, 0xff,
    0x8f, 0xff, 0x0, 0x0, 0x0, 0x0, 0x0, 0x8f,
    0xff, 0x8f, 0xff, 0x0, 0x0, 0x0, 0x0, 0x0,
    0x8f, 0xff, 0x8f, 0xff, 0x0, 0x0, 0x0, 0x0,
    0x0, 0x8f, 0xff, 0x8f, 0xff, 0x0, 0x0, 0x0,
    0x0, 0x0, 0x8f, 0xff, 0x8f, 0xff, 0x0, 0x0,
    0x0, 0x0, 0x0, 0x8f, 0xff, 0x8f, 0xff, 0x0,
    0x0, 0x0, 0x0, 0x0, 0x8f, 0xff, 0x8f, 0xff,
    0x0, 0x0, 0x0, 0x0, 0x0, 0x8f, 0xff, 0x8f,
    0xff, 0x0, 0x0, 0x0, 0x0, 0x0, 0x8f, 0xff,
    0x8f, 0xff, 0x0, 0x0, 0x0, 0x0, 0x0, 0x8f,
    0xff, 0x8f, 0xff, 0x0, 0x0, 0x0, 0x0, 0x0,
    0x8f, 0xff, 0x8f, 0xff, 0x0, 0x0, 0x0, 0x0,
    0x0, 0x8f, 0xff, 0x8f, 0xff, 0x0, 0x0, 0x0,
    0x0, 0x0, 0x8f, 0xff, 0x8f, 0xff, 0x10, 0x0,
    0x0, 0x0, 0x0, 0x9f, 0xff, 0x7f, 0xff, 0x30,
    0x0, 0x0, 0x0, 0x0, 0xbf, 0xfe, 0x6f, 0xff,
    0x40, 0x0, 0x0, 0x0, 0x0, 0xdf, 0xfd, 0x2f,
    0xff, 0xa0, 0x0, 0x0, 0x0, 0x3, 0xff, 0xf9,
    0xd, 0xff, 0xf2, 0x0, 0x0, 0x0, 0xa, 0xff,
    0xf5, 0x6, 0xff, 0xfe, 0x30, 0x0, 0x0, 0x9f,
    0xff, 0xd0, 0x0, 0xcf, 0xff, 0xfc, 0x98, 0xbe,
    0xff, 0xff, 0x40, 0x0, 0x1c, 0xff, 0xff, 0xff,
    0xff, 0xff, 0xf5, 0x0, 0x0, 0x0, 0x6e, 0xff,
    0xff, 0xff, 0xfa, 0x20, 0x0, 0x0, 0x0, 0x0,
    0x25, 0x77, 0x64, 0x0, 0x0, 0x0,

    /* U+00DB "Û" */
    0x0, 0x0, 0x0, 0x4, 0x44, 0x41, 0x0, 0x0,
    0x0, 0x0, 0x0, 0x0, 0x6f, 0xff, 0xfc, 0x0,
    0x0, 0x0, 0x0, 0x0, 0x3, 0xff, 0xfc, 0xff,
    0x90, 0x0, 0x0, 0x0, 0x0, 0xd, 0xff, 0x61,
    0xef, 0xf4, 0x0, 0x0, 0x0, 0x0, 0x9f, 0xfb,
    0x0, 0x4f, 0xfe, 0x10, 0x0, 0x0, 0x0, 0x0,
    0x0, 0x0, 0x0, 0x0, 0x0, 0x0, 0x0, 0x0,
    0x0, 0x0, 0x0, 0x0, 0x0, 0x0, 0x0, 0x0,
    0x0, 0x0, 0x0, 0x0, 0x0, 0x0, 0x0, 0x0,
    0x8f, 0xff, 0x0, 0x0, 0x0, 0x0, 0x0, 0x8f,
    0xff, 0x8f, 0xff, 0x0, 0x0, 0x0, 0x0, 0x0,
    0x8f, 0xff, 0x8f, 0xff, 0x0, 0x0, 0x0, 0x0,
    0x0, 0x8f, 0xff, 0x8f, 0xff, 0x0, 0x0, 0x0,
    0x0, 0x0, 0x8f, 0xff, 0x8f, 0xff, 0x0, 0x0,
    0x0, 0x0, 0x0, 0x8f, 0xff, 0x8f, 0xff, 0x0,
    0x0, 0x0, 0x0, 0x0, 0x8f, 0xff, 0x8f, 0xff,
    0x0, 0x0, 0x0, 0x0, 0x0, 0x8f, 0xff, 0x8f,
    0xff, 0x0, 0x0, 0x0, 0x0, 0x0, 0x8f, 0xff,
    0x8f, 0xff, 0x0, 0x0, 0x0, 0x0, 0x0, 0x8f,
    0xff, 0x8f, 0xff, 0x0, 0x0, 0x0, 0x0, 0x0,
    0x8f, 0xff, 0x8f, 0xff, 0x0, 0x0, 0x0, 0x0,
    0x0, 0x8f, 0xff, 0x8f, 0xff, 0x0, 0x0, 0x0,
    0x0, 0x0, 0x8f, 0xff, 0x8f, 0xff, 0x0, 0x0,
    0x0, 0x0, 0x0, 0x8f, 0xff, 0x8f, 0xff, 0x10,
    0x0, 0x0, 0x0, 0x0, 0x9f, 0xff, 0x7f, 0xff,
    0x30, 0x0, 0x0, 0x0, 0x0, 0xbf, 0xfe, 0x6f,
    0xff, 0x40, 0x0, 0x0, 0x0, 0x0, 0xdf, 0xfd,
    0x2f, 0xff, 0xa0, 0x0, 0x0, 0x0, 0x3, 0xff,
    0xf9, 0xd, 0xff, 0xf2, 0x0, 0x0, 0x0, 0xa,
    0xff, 0xf5, 0x6, 0xff, 0xfe, 0x30, 0x0, 0x0,
    0x9f, 0xff, 0xd0, 0x0, 0xcf, 0xff, 0xfc, 0x98,
    0xbe, 0xff, 0xff, 0x40, 0x0, 0x1c, 0xff, 0xff,
    0xff, 0xff, 0xff, 0xf5, 0x0, 0x0, 0x0, 0x6e,
    0xff, 0xff, 0xff, 0xfa, 0x20, 0x0, 0x0, 0x0,
    0x0, 0x25, 0x77, 0x64, 0x0, 0x0, 0x0,

    /* U+00DC "Ü" */
    0x0, 0x0, 0x8a, 0xa9, 0x0, 0x4a, 0xaa, 0x20,
    0x0, 0x0, 0x0, 0xcf, 0xfd, 0x0, 0x6f, 0xff,
    0x20, 0x0, 0x0, 0x0, 0xcf, 0xfd, 0x0, 0x6f,
    0xff, 0x20, 0x0, 0x0, 0x0, 0xcf, 0xfd, 0x0,
    0x6f, 0xff, 0x20, 0x0, 0x0, 0x0, 0x0, 0x0,
    0x0, 0x0, 0x0, 0x0, 0x0, 0x0, 0x0, 0x0,
    0x0, 0x0, 0x0, 0x0, 0x0, 0x0, 0x0, 0x0,
    0x0, 0x0, 0x0, 0x0, 0x0, 0x0, 0x0, 0x8f,
    0xff, 0x0, 0x0, 0x0, 0x0, 0x0, 0x8f, 0xff,
    0x8f, 0xff, 0x0, 0x0, 0x0, 0x0, 0x0, 0x8f,
    0xff, 0x8f, 0xff, 0x0, 0x0, 0x0, 0x0, 0x0,
    0x8f, 0xff, 0x8f, 0xff, 0x0, 0x0, 0x0, 0x0,
    0x0, 0x8f, 0xff, 0x8f, 0xff, 0x0, 0x0, 0x0,
    0x0, 0x0, 0x8f, 0xff, 0x8f, 0xff, 0x0, 0x0,
    0x0, 0x0, 0x0, 0x8f, 0xff, 0x8f, 0xff, 0x0,
    0x0, 0x0, 0x0, 0x0, 0x8f, 0xff, 0x8f, 0xff,
    0x0, 0x0, 0x0, 0x0, 0x0, 0x8f, 0xff, 0x8f,
    0xff, 0x0, 0x0, 0x0, 0x0, 0x0, 0x8f, 0xff,
    0x8f, 0xff, 0x0, 0x0, 0x0, 0x0, 0x0, 0x8f,
    0xff, 0x8f, 0xff, 0x0, 0x0, 0x0, 0x0, 0x0,
    0x8f, 0xff, 0x8f, 0xff, 0x0, 0x0, 0x0, 0x0,
    0x0, 0x8f, 0xff, 0x8f, 0xff, 0x0, 0x0, 0x0,
    0x0, 0x0, 0x8f, 0xff, 0x8f, 0xff, 0x10, 0x0,
    0x0, 0x0, 0x0, 0x9f, 0xff, 0x7f, 0xff, 0x30,
    0x0, 0x0, 0x0, 0x0, 0xbf, 0xfe, 0x6f, 0xff,
    0x40, 0x0, 0x0, 0x0, 0x0, 0xdf, 0xfd, 0x2f,
    0xff, 0xa0, 0x0, 0x0, 0x0, 0x3, 0xff, 0xf9,
    0xd, 0xff, 0xf2, 0x0, 0x0, 0x0, 0xa, 0xff,
    0xf5, 0x6, 0xff, 0xfe, 0x30, 0x0, 0x0, 0x9f,
    0xff, 0xd0, 0x0, 0xcf, 0xff, 0xfc, 0x98, 0xbe,
    0xff, 0xff, 0x40, 0x0, 0x1c, 0xff, 0xff, 0xff,
    0xff, 0xff, 0xf5, 0x0, 0x0, 0x0, 0x6e, 0xff,
    0xff, 0xff, 0xfa, 0x20, 0x0, 0x0, 0x0, 0x0,
    0x25, 0x77, 0x64, 0x0, 0x0, 0x0,

    /* U+00DD "Ý" */
    0x0, 0x0, 0x0, 0x0, 0x0, 0x6f, 0xff, 0x60,
    0x0, 0x0, 0x0, 0x0, 0x0, 0x0, 0x0, 0xef,
    0xf9, 0x0, 0x0, 0x0, 0x0, 0x0, 0x0, 0x0,
    0x7, 0xff, 0xc0, 0x0, 0x0, 0x0, 0x0, 0x0,
    0x0, 0x0, 0x1e, 0xfe, 0x10, 0x0, 0x0, 0x0,
    0x0, 0x0, 0x0, 0x0, 0x26, 0x62, 0x0, 0x0,
    0x0, 0x0, 0x0, 0x0, 0x0, 0x0, 0x0, 0x0,
    0x0, 0x0, 0x0, 0x0, 0x0, 0x0, 0x0, 0x0,
    0x0, 0x0, 0x0, 0x0, 0x0, 0x0, 0x8f, 0xff,
    0x80, 0x0, 0x0, 0x0, 0x0, 0x6, 0xff, 0xf9,
    0xe, 0xff, 0xf2, 0x0, 0x0, 0x0, 0x0, 0x1e,
    0xff, 0xe0, 0x4, 0xff, 0xfb, 0x0, 0x0, 0x0,
    0x0, 0x9f, 0xff, 0x50, 0x0, 0xaf, 0xff, 0x50,
    0x0, 0x0, 0x3, 0xff, 0xfa, 0x0, 0x0, 0x1f,
    0xff, 0xe0, 0x0, 0x0, 0xc, 0xff, 0xf1, 0x0,
    0x0, 0x6, 0xff, 0xf8, 0x0, 0x0, 0x6f, 0xff,
    0x60, 0x0, 0x0, 0x0, 0xcf, 0xff, 0x20, 0x1,
    0xff, 0xfc, 0x0, 0x0, 0x0, 0x0, 0x2f, 0xff,
    0xb0, 0xa, 0xff, 0xf2, 0x0, 0x0, 0x0, 0x0,
    0x8, 0xff, 0xf4, 0x3f, 0xff, 0x80, 0x0, 0x0,
    0x0, 0x0, 0x0, 0xdf, 0xfc, 0xcf, 0xfd, 0x0,
    0x0, 0x0, 0x0, 0x0, 0x0, 0x4f, 0xff, 0xff,
    0xf3, 0x0, 0x0, 0x0, 0x0, 0x0, 0x0, 0xa,
    0xff, 0xff, 0x90, 0x0, 0x0, 0x0, 0x0, 0x0,
    0x0, 0x1, 0xef, 0xfe, 0x10, 0x0, 0x0, 0x0,
    0x0, 0x0, 0x0, 0x0, 0xcf, 0xfc, 0x0, 0x0,
    0x0, 0x0, 0x0, 0x0, 0x0, 0x0, 0xcf, 0xfc,
    0x0, 0x0, 0x0, 0x0, 0x0, 0x0, 0x0, 0x0,
    0xcf, 0xfc, 0x0, 0x0, 0x0, 0x0, 0x0, 0x0,
    0x0, 0x0, 0xcf, 0xfc, 0x0, 0x0, 0x0, 0x0,
    0x0, 0x0, 0x0, 0x0, 0xcf, 0xfc, 0x0, 0x0,
    0x0, 0x0, 0x0, 0x0, 0x0, 0x0, 0xcf, 0xfc,
    0x0, 0x0, 0x0, 0x0, 0x0, 0x0, 0x0, 0x0,
    0xcf, 0xfc, 0x0, 0x0, 0x0, 0x0, 0x0, 0x0,
    0x0, 0x0, 0xcf, 0xfc, 0x0, 0x0, 0x0, 0x0,
    0x0, 0x0, 0x0, 0x0, 0xcf, 0xfc, 0x0, 0x0,
    0x0, 0x0,

    /* U+00DE "Þ" */
    0x4f, 0xff, 0x30, 0x0, 0x0, 0x0, 0x0, 0x0,
    0x0, 0x4f, 0xff, 0x30, 0x0, 0x0, 0x0, 0x0,
    0x0, 0x0, 0x4f, 0xff, 0x30, 0x0, 0x0, 0x0,
    0x0, 0x0, 0x0, 0x4f, 0xff, 0x30, 0x0, 0x0,
    0x0, 0x0, 0x0, 0x0, 0x4f, 0xff, 0xff, 0xff,
    0xff, 0xec, 0x93, 0x0, 0x0, 0x4f, 0xff, 0xff,
    0xff, 0xff, 0xff, 0xff, 0xc2, 0x0, 0x4f, 0xff,
    0xff, 0xff, 0xff, 0xff, 0xff, 0xfd, 0x10, 0x4f,
    0xff, 0x30, 0x0, 0x0, 0x25, 0xcf, 0xff, 0xb0,
    0x4f, 0xff, 0x30, 0x0, 0x0, 0x0, 0xd, 0xff,
    0xf1, 0x4f, 0xff, 0x30, 0x0, 0x0, 0x0, 0x6,
    0xff, 0xf4, 0x4f, 0xff, 0x30, 0x0, 0x0, 0x0,
    0x4, 0xff, 0xf5, 0x4f, 0xff, 0x30, 0x0, 0x0,
    0x0, 0x6, 0xff, 0xf4, 0x4f, 0xff, 0x30, 0x0,
    0x0, 0x0, 0xd, 0xff, 0xf1, 0x4f, 0xff, 0x30,
    0x0, 0x0, 0x25, 0xdf, 0xff, 0xb0, 0x4f, 0xff,
    0xff, 0xff, 0xff, 0xff, 0xff, 0xff, 0x20, 0x4f,
    0xff, 0xff, 0xff, 0xff, 0xff, 0xff, 0xc2, 0x0,
    0x4f, 0xff, 0xff, 0xff, 0xff, 0xdb, 0x93, 0x0,
    0x0, 0x4f, 0xff, 0x30, 0x0, 0x0, 0x0, 0x0,
    0x0, 0x0, 0x4f, 0xff, 0x30, 0x0, 0x0, 0x0,
    0x0, 0x0, 0x0, 0x4f, 0xff, 0x30, 0x0, 0x0,
    0x0, 0x0, 0x0, 0x0, 0x4f, 0xff, 0x30, 0x0,
    0x0, 0x0, 0x0, 0x0, 0x0, 0x4f, 0xff, 0x30,
    0x0, 0x0, 0x0, 0x0, 0x0, 0x0,

    /* U+00DF "ß" */
    0x0, 0x0, 0x2, 0x57, 0x74, 0x20, 0x0, 0x0,
    0x0, 0x3, 0xcf, 0xff, 0xff, 0xfd, 0x40, 0x0,
    0x0, 0x8f, 0xff, 0xff, 0xff, 0xff, 0xf9, 0x0,
    0x6, 0xff, 0xfd, 0x63, 0x36, 0xdf, 0xff, 0x60,
    0x1e, 0xff, 0xb0, 0x0, 0x0, 0xd, 0xff, 0xe0,
    0x7f, 0xff, 0x10, 0x0, 0x0, 0x5, 0xff, 0xf2,
    0xbf, 0xfb, 0x0, 0x0, 0x0, 0x3, 0xff, 0xf3,
    0xcf, 0xf9, 0x0, 0x0, 0x0, 0x5, 0xff, 0xf0,
    0xdf, 0xf7, 0x0, 0x0, 0x0, 0xb, 0xff, 0xb0,
    0xdf, 0xf7, 0x0, 0x0, 0x1, 0xaf, 0xff, 0x20,
    0xdf, 0xf7, 0x0, 0x9a, 0xcf, 0xff, 0xe2, 0x0,
    0xdf, 0xf7, 0x0, 0xef, 0xff, 0xf8, 0x0, 0x0,
    0xdf, 0xf7, 0x0, 0xef, 0xff, 0xff, 0xc2, 0x0,
    0xdf, 0xf7, 0x0, 0x0, 0x25, 0xdf, 0xff, 0x30,
    0xdf, 0xf7, 0x0, 0x0, 0x0, 0xb, 0xff, 0xd0,
    0xdf, 0xf7, 0x0, 0x0, 0x0, 0x2, 0xff, 0xf4,
    0xdf, 0xf7, 0x0, 0x0, 0x0, 0x0, 0xef, 0xf7,
    0xdf, 0xf7, 0x0, 0x0, 0x0, 0x0, 0xef, 0xf8,
    0xdf, 0xf7, 0x0, 0x0, 0x0, 0x3, 0xff, 0xf6,
    0xdf, 0xf7, 0x0, 0x0, 0x0, 0x1d, 0xff, 0xf2,
    0xdf, 0xf7, 0x1, 0x75, 0x69, 0xff, 0xff, 0x80,
    0xdf, 0xf7, 0x2, 0xff, 0xff, 0xff, 0xfc, 0x0,
    0xdf, 0xf7, 0x2, 0xff, 0xff, 0xfe, 0x60, 0x0,
    0x0, 0x0, 0x0, 0x47, 0x75, 0x20, 0x0, 0x0,

    /* U+00E0 "à" */
    0x0, 0xa, 0xff, 0xf4, 0x0, 0x0, 0x0, 0x0,
    0x0, 0xdf, 0xfc, 0x0, 0x0, 0x0, 0x0, 0x0,
    0x2f, 0xff, 0x40, 0x0, 0x0, 0x0, 0x0, 0x5,
    0xff, 0xc0, 0x0, 0x0, 0x0, 0x0, 0x0, 0x56,
    0x60, 0x0, 0x0, 0x0, 0x0, 0x0, 0x0, 0x0,
    0x0, 0x0, 0x0, 0x0, 0x3, 0x67, 0x52, 0x0,
    0x0, 0x0, 0x7, 0xff, 0xff, 0xff, 0xc3, 0x0,
    0x0, 0xcf, 0xff, 0xff, 0xff, 0xff, 0x40, 0x8,
    0xff, 0xf8, 0x20, 0x2a, 0xff, 0xd0, 0xe, 0xff,
    0x80, 0x0, 0x0, 0xdf, 0xf4, 0x2c, 0xcc, 0x20,
    0x0, 0x0, 0xcf, 0xf7, 0x0, 0x0, 0x0, 0x1,
    0x48, 0xff, 0xf9, 0x0, 0x4, 0x9c, 0xff, 0xff,
    0xff, 0xf9, 0x2, 0xcf, 0xff, 0xff, 0xfc, 0xcf,
    0xf9, 0xd, 0xff, 0xfb, 0x62, 0x0, 0x9f, 0xf9,
    0x6f, 0xff, 0x40, 0x0, 0x0, 0xaf, 0xf9, 0x9f,
    0xfc, 0x0, 0x0, 0x0, 0xdf, 0xf9, 0x8f, 0xfe,
    0x0, 0x0, 0x7, 0xff, 0xf9, 0x5f, 0xff, 0xa2,
    0x3, 0x9f, 0xff, 0xf9, 0xb, 0xff, 0xff, 0xff,
    0xff, 0x9f, 0xf9, 0x0, 0x9f, 0xff, 0xff, 0xd3,
    0x7f, 0xf9, 0x0, 0x1, 0x57, 0x63, 0x0, 0x0,
    0x0,

    /* U+00E1 "á" */
    0x0, 0x0, 0x0, 0x2, 0xff, 0xfa, 0x0, 0x0,
    0x0, 0x0, 0xa, 0xff, 0xd0, 0x0, 0x0, 0x0,
    0x0, 0x3f, 0xfe, 0x20, 0x0, 0x0, 0x0, 0x0,
    0xbf, 0xf4, 0x0, 0x0, 0x0, 0x0, 0x0, 0x66,
    0x40, 0x0, 0x0, 0x0, 0x0, 0x0, 0x0, 0x0,
    0x0, 0x0, 0x0, 0x0, 0x3, 0x67, 0x52, 0x0,
    0x0, 0x0, 0x7, 0xff, 0xff, 0xff, 0xc3, 0x0,
    0x0, 0xcf, 0xff, 0xff, 0xff, 0xff, 0x40, 0x8,
    0xff, 0xf8, 0x20, 0x2a, 0xff, 0xd0, 0xe, 0xff,
    0x80, 0x0, 0x0, 0xdf, 0xf4, 0x2c, 0xcc, 0x20,
    0x0, 0x0, 0xcf, 0xf7, 0x0, 0x0, 0x0, 0x1,
    0x48, 0xff, 0xf9, 0x0, 0x4, 0x9c, 0xff, 0xff,
    0xff, 0xf9, 0x2, 0xcf, 0xff, 0xff, 0xfc, 0xcf,
    0xf9, 0xd, 0xff, 0xfb, 0x62, 0x0, 0x9f, 0xf9,
    0x6f, 0xff, 0x40, 0x0, 0x0, 0xaf, 0xf9, 0x9f,
    0xfc, 0x0, 0x0, 0x0, 0xdf, 0xf9, 0x8f, 0xfe,
    0x0, 0x0, 0x7, 0xff, 0xf9, 0x5f, 0xff, 0xa2,
    0x3, 0x9f, 0xff, 0xf9, 0xb, 0xff, 0xff, 0xff,
    0xff, 0x9f, 0xf9, 0x0, 0x9f, 0xff, 0xff, 0xd3,
    0x7f, 0xf9, 0x0, 0x1, 0x57, 0x63, 0x0, 0x0,
    0x0,

    /* U+00E2 "â" */
    0x0, 0x0, 0x2f, 0xff, 0xfc, 0x0, 0x0, 0x0,
    0x0, 0xcf, 0xff, 0xff, 0x70, 0x0, 0x0, 0x8,
    0xff, 0xc2, 0xff, 0xf3, 0x0, 0x0, 0x4f, 0xff,
    0x20, 0x5f, 0xfe, 0x10, 0x0, 0x34, 0x43, 0x0,
    0x4, 0x44, 0x20, 0x0, 0x0, 0x0, 0x0, 0x0,
    0x0, 0x0, 0x0, 0x0, 0x3, 0x67, 0x52, 0x0,
    0x0, 0x0, 0x7, 0xff, 0xff, 0xff, 0xc3, 0x0,
    0x0, 0xcf, 0xff, 0xff, 0xff, 0xff, 0x40, 0x8,
    0xff, 0xf8, 0x20, 0x2a, 0xff, 0xd0, 0xe, 0xff,
    0x80, 0x0, 0x0, 0xdf, 0xf4, 0x2c, 0xcc, 0x20,
    0x0, 0x0, 0xcf, 0xf7, 0x0, 0x0, 0x0, 0x1,
    0x48, 0xff, 0xf9, 0x0, 0x4, 0x9c, 0xff, 0xff,
    0xff, 0xf9, 0x2, 0xcf, 0xff, 0xff, 0xfc, 0xcf,
    0xf9, 0xd, 0xff, 0xfb, 0x62, 0x0, 0x9f, 0xf9,
    0x6f, 0xff, 0x40, 0x0, 0x0, 0xaf, 0xf9, 0x9f,
    0xfc, 0x0, 0x0, 0x0, 0xdf, 0xf9, 0x8f, 0xfe,
    0x0, 0x0, 0x7, 0xff, 0xf9, 0x5f, 0xff, 0xa2,
    0x3, 0x9f, 0xff, 0xf9, 0xb, 0xff, 0xff, 0xff,
    0xff, 0x9f, 0xf9, 0x0, 0x9f, 0xff, 0xff, 0xd3,
    0x7f, 0xf9, 0x0, 0x1, 0x57, 0x63, 0x0, 0x0,
    0x0,

    /* U+00E3 "ã" */
    0x0, 0x9, 0xee, 0xb7, 0x31, 0xef, 0xc0, 0x0,
    0x9f, 0xff, 0xff, 0xff, 0xff, 0x90, 0x0, 0xef,
    0xf9, 0xbf, 0xff, 0xfe, 0x20, 0x0, 0x88, 0x50,
    0x1, 0x68, 0x61, 0x0, 0x0, 0x0, 0x0, 0x0,
    0x0, 0x0, 0x0, 0x0, 0x0, 0x0, 0x0, 0x0,
    0x0, 0x0, 0x0, 0x0, 0x3, 0x67, 0x52, 0x0,
    0x0, 0x0, 0x7, 0xff, 0xff, 0xff, 0xc3, 0x0,
    0x0, 0xcf, 0xff, 0xff, 0xff, 0xff, 0x40, 0x8,
    0xff, 0xf8, 0x20, 0x2a, 0xff, 0xd0, 0xe, 0xff,
    0x80, 0x0, 0x0, 0xdf, 0xf4, 0x2c, 0xcc, 0x20,
    0x0, 0x0, 0xcf, 0xf7, 0x0, 0x0, 0x0, 0x1,
    0x48, 0xff, 0xf9, 0x0, 0x4, 0x9c, 0xff, 0xff,
    0xff, 0xf9, 0x2, 0xcf, 0xff, 0xff, 0xfc, 0xcf,
    0xf9, 0xd, 0xff, 0xfb, 0x62, 0x0, 0x9f, 0xf9,
    0x6f, 0xff, 0x40, 0x0, 0x0, 0xaf, 0xf9, 0x9f,
    0xfc, 0x0, 0x0, 0x0, 0xdf, 0xf9, 0x8f, 0xfe,
    0x0, 0x0, 0x7, 0xff, 0xf9, 0x5f, 0xff, 0xa2,
    0x3, 0x9f, 0xff, 0xf9, 0xb, 0xff, 0xff, 0xff,
    0xff, 0x9f, 0xf9, 0x0, 0x9f, 0xff, 0xff, 0xd3,
    0x7f, 0xf9, 0x0, 0x1, 0x57, 0x63, 0x0, 0x0,
    0x0,

    /* U+00E4 "ä" */
    0x0, 0x6a, 0xaa, 0x0, 0x2a, 0xaa, 0x30, 0x0,
    0x9f, 0xff, 0x0, 0x3f, 0xff, 0x50, 0x0, 0x9f,
    0xff, 0x0, 0x3f, 0xff, 0x50, 0x0, 0x9f, 0xff,
    0x0, 0x3f, 0xff, 0x50, 0x0, 0x0, 0x0, 0x0,
    0x0, 0x0, 0x0, 0x0, 0x0, 0x0, 0x0, 0x0,
    0x0, 0x0, 0x0, 0x0, 0x3, 0x67, 0x52, 0x0,
    0x0, 0x0, 0x7, 0xff, 0xff, 0xff, 0xc3, 0x0,
    0x0, 0xcf, 0xff, 0xff, 0xff, 0xff, 0x40, 0x8,
    0xff, 0xf8, 0x20, 0x2a, 0xff, 0xd0, 0xe, 0xff,
    0x80, 0x0, 0x0, 0xdf, 0xf4, 0x2c, 0xcc, 0x20,
    0x0, 0x0, 0xcf, 0xf7, 0x0, 0x0, 0x0, 0x1,
    0x48, 0xff, 0xf9, 0x0, 0x4, 0x9c, 0xff, 0xff,
    0xff, 0xf9, 0x2, 0xcf, 0xff, 0xff, 0xfc, 0xcf,
    0xf9, 0xd, 0xff, 0xfb, 0x62, 0x0, 0x9f, 0xf9,
    0x6f, 0xff, 0x40, 0x0, 0x0, 0xaf, 0xf9, 0x9f,
    0xfc, 0x0, 0x0, 0x0, 0xdf, 0xf9, 0x8f, 0xfe,
    0x0, 0x0, 0x7, 0xff, 0xf9, 0x5f, 0xff, 0xa2,
    0x3, 0x9f, 0xff, 0xf9, 0xb, 0xff, 0xff, 0xff,
    0xff, 0x9f, 0xf9, 0x0, 0x9f, 0xff, 0xff, 0xd3,
    0x7f, 0xf9, 0x0, 0x1, 0x57, 0x63, 0x0, 0x0,
    0x0,

    /* U+00E5 "å" */
    0x0, 0x0, 0x0, 0x57, 0x30, 0x0, 0x0, 0x0,
    0x0, 0xd, 0xff, 0xf9, 0x0, 0x0, 0x0, 0x0,
    0x6f, 0xb5, 0xef, 0x20, 0x0, 0x0, 0x0, 0x8f,
    0x60, 0xbf, 0x40, 0x0, 0x0, 0x0, 0x3f, 0xfd,
    0xfe, 0x0, 0x0, 0x0, 0x0, 0x5, 0xdf, 0xc3,
    0x0, 0x0, 0x0, 0x0, 0x0, 0x0, 0x0, 0x0,
    0x0, 0x0, 0x0, 0x3, 0x67, 0x52, 0x0, 0x0,
    0x0, 0x7, 0xff, 0xff, 0xff, 0xc3, 0x0, 0x0,
    0xcf, 0xff, 0xff, 0xff, 0xff, 0x40, 0x8, 0xff,
    0xf8, 0x20, 0x2a, 0xff, 0xd0, 0xe, 0xff, 0x80,
    0x0, 0x0, 0xdf, 0xf4, 0x2c, 0xcc, 0x20, 0x0,
    0x0, 0xcf, 0xf7, 0x0, 0x0, 0x0, 0x1, 0x48,
    0xff, 0xf9, 0x0, 0x4, 0x9c, 0xff, 0xff, 0xff,
    0xf9, 0x2, 0xcf, 0xff, 0xff, 0xfc, 0xcf, 0xf9,
    0xd, 0xff, 0xfb, 0x62, 0x0, 0x9f, 0xf9, 0x6f,
    0xff, 0x40, 0x0, 0x0, 0xaf, 0xf9, 0x9f, 0xfc,
    0x0, 0x0, 0x0, 0xdf, 0xf9, 0x8f, 0xfe, 0x0,
    0x0, 0x7, 0xff, 0xf9, 0x5f, 0xff, 0xa2, 0x3,
    0x9f, 0xff, 0xf9, 0xb, 0xff, 0xff, 0xff, 0xff,
    0x9f, 0xf9, 0x0, 0x9f, 0xff, 0xff, 0xd3, 0x7f,
    0xf9, 0x0, 0x1, 0x57, 0x63, 0x0, 0x0, 0x0,

    /* U+00E6 "æ" */
    0x0, 0x0, 0x3, 0x67, 0x62, 0x0, 0x0, 0x0,
    0x47, 0x75, 0x20, 0x0, 0x0, 0x0, 0x7, 0xff,
    0xff, 0xff, 0xc2, 0x0, 0x8f, 0xff, 0xff, 0xfb,
    0x10, 0x0, 0x0, 0xcf, 0xff, 0xff, 0xff, 0xfe,
    0x3d, 0xff, 0xff, 0xff, 0xff, 0xe4, 0x0, 0x9,
    0xff, 0xf7, 0x20, 0x3a, 0xff, 0xff, 0xfd, 0x51,
    0x14, 0xcf, 0xfe, 0x0, 0xf, 0xff, 0x70, 0x0,
    0x0, 0xdf, 0xff, 0xc0, 0x0, 0x0, 0xd, 0xff,
    0x80, 0x19, 0x99, 0x10, 0x0, 0x0, 0xbf, 0xff,
    0x30, 0x0, 0x0, 0x5, 0xff, 0xf0, 0x0, 0x0,
    0x0, 0x1, 0x38, 0xff, 0xff, 0x55, 0x55, 0x55,
    0x57, 0xff, 0xf1, 0x0, 0x4, 0x9c, 0xff, 0xff,
    0xff, 0xff, 0xff, 0xff, 0xff, 0xff, 0xff, 0xf3,
    0x1, 0xcf, 0xff, 0xff, 0xc9, 0xaf, 0xff, 0xff,
    0xff, 0xff, 0xff, 0xff, 0xf5, 0x1d, 0xff, 0xe8,
    0x30, 0x0, 0x9f, 0xfe, 0x0, 0x0, 0x0, 0x0,
    0x0, 0x0, 0x6f, 0xff, 0x20, 0x0, 0x0, 0xaf,
    0xff, 0x10, 0x0, 0x0, 0x0, 0x0, 0x0, 0x9f,
    0xfc, 0x0, 0x0, 0x0, 0xef, 0xff, 0x70, 0x0,
    0x0, 0x4, 0xee, 0xe1, 0x8f, 0xfe, 0x0, 0x0,
    0x8, 0xff, 0xff, 0xf2, 0x0, 0x0, 0xb, 0xff,
    0xc0, 0x5f, 0xff, 0xb3, 0x24, 0xbf, 0xf9, 0xdf,
    0xff, 0x73, 0x24, 0xcf, 0xff, 0x50, 0xb, 0xff,
    0xff, 0xff, 0xff, 0xc0, 0x2e, 0xff, 0xff, 0xff,
    0xff, 0xf8, 0x0, 0x0, 0x9f, 0xff, 0xff, 0xf8,
    0x0, 0x1, 0xaf, 0xff, 0xff, 0xfd, 0x40, 0x0,
    0x0, 0x1, 0x47, 0x64, 0x0, 0x0, 0x0, 0x1,
    0x56, 0x74, 0x20, 0x0, 0x0,

    /* U+00E7 "ç" */
    0x0, 0x0, 0x1, 0x56, 0x74, 0x20, 0x0, 0x0,
    0x0, 0x2, 0xaf, 0xff, 0xff, 0xfc, 0x30, 0x0,
    0x0, 0x4e, 0xff, 0xff, 0xff, 0xff, 0xf5, 0x0,
    0x2, 0xff, 0xff, 0x84, 0x36, 0xef, 0xff, 0x20,
    0xc, 0xff, 0xe3, 0x0, 0x0, 0x1e, 0xff, 0xa0,
    0x3f, 0xff, 0x70, 0x0, 0x0, 0x6, 0xff, 0xe0,
    0x7f, 0xff, 0x0, 0x0, 0x0, 0x1, 0x77, 0x71,
    0xaf, 0xfc, 0x0, 0x0, 0x0, 0x0, 0x0, 0x0,
    0xbf, 0xfa, 0x0, 0x0, 0x0, 0x0, 0x0, 0x0,
    0x9f, 0xfc, 0x0, 0x0, 0x0, 0x0, 0x0, 0x0,
    0x7f, 0xfe, 0x0, 0x0, 0x0, 0x0, 0x33, 0x31,
    0x5f, 0xff, 0x40, 0x0, 0x0, 0x2, 0xff, 0xf2,
    0xe, 0xff, 0xc0, 0x0, 0x0, 0x9, 0xff, 0xe0,
    0x5, 0xff, 0xfc, 0x20, 0x0, 0x8f, 0xff, 0x60,
    0x0, 0x9f, 0xff, 0xfe, 0xdf, 0xff, 0xfb, 0x0,
    0x0, 0x6, 0xff, 0xff, 0xff, 0xff, 0x70, 0x0,
    0x0, 0x0, 0x5, 0xcf, 0xf9, 0x51, 0x0, 0x0,
    0x0, 0x0, 0x0, 0xef, 0x60, 0x0, 0x0, 0x0,
    0x0, 0x0, 0x4, 0xff, 0xfd, 0x30, 0x0, 0x0,
    0x0, 0x0, 0x0, 0x66, 0xcf, 0xe0, 0x0, 0x0,
    0x0, 0x0, 0x4, 0x0, 0x5f, 0xf2, 0x0, 0x0,
    0x0, 0x0, 0xaf, 0xa8, 0xdf, 0xe0, 0x0, 0x0,
    0x0, 0x0, 0x7f, 0xff, 0xff, 0x40, 0x0, 0x0,
    0x0, 0x0, 0x1, 0x47, 0x51, 0x0, 0x0, 0x0,

    /* U+00E8 "è" */
    0x0, 0x3, 0xff, 0xfc, 0x0, 0x0, 0x0, 0x0,
    0x0, 0x0, 0x6f, 0xff, 0x40, 0x0, 0x0, 0x0,
    0x0, 0x0, 0x9, 0xff, 0xc0, 0x0, 0x0, 0x0,
    0x0, 0x0, 0x0, 0xcf, 0xf4, 0x0, 0x0, 0x0,
    0x0, 0x0, 0x0, 0x16, 0x64, 0x0, 0x0, 0x0,
    0x0, 0x0, 0x0, 0x0, 0x0, 0x0, 0x0, 0x0,
    0x0, 0x0, 0x2, 0x57, 0x75, 0x10, 0x0, 0x0,
    0x0, 0x1, 0xbf, 0xff, 0xff, 0xf8, 0x0, 0x0,
    0x0, 0x4e, 0xff, 0xff, 0xff, 0xff, 0xd2, 0x0,
    0x2, 0xff, 0xfb, 0x31, 0x25, 0xef, 0xfb, 0x0,
    0xb, 0xff, 0x90, 0x0, 0x0, 0x1f, 0xff, 0x50,
    0x3f, 0xff, 0x0, 0x0, 0x0, 0x8, 0xff, 0xb0,
    0x8f, 0xfd, 0x55, 0x55, 0x55, 0x59, 0xff, 0xe0,
    0xaf, 0xff, 0xff, 0xff, 0xff, 0xff, 0xff, 0xf0,
    0xbf, 0xff, 0xff, 0xff, 0xff, 0xff, 0xff, 0xf2,
    0xaf, 0xfb, 0x0, 0x0, 0x0, 0x0, 0x0, 0x0,
    0x8f, 0xfd, 0x0, 0x0, 0x0, 0x0, 0x0, 0x0,
    0x4f, 0xff, 0x30, 0x0, 0x0, 0x7, 0xee, 0xc0,
    0xd, 0xff, 0xd1, 0x0, 0x0, 0x1d, 0xff, 0x90,
    0x3, 0xff, 0xfe, 0x63, 0x25, 0xdf, 0xff, 0x20,
    0x0, 0x7f, 0xff, 0xff, 0xff, 0xff, 0xf5, 0x0,
    0x0, 0x4, 0xdf, 0xff, 0xff, 0xfb, 0x20, 0x0,
    0x0, 0x0, 0x2, 0x67, 0x64, 0x10, 0x0, 0x0,

    /* U+00E9 "é" */
    0x0, 0x0, 0x0, 0x0, 0xaf, 0xff, 0x20, 0x0,
    0x0, 0x0, 0x0, 0x3, 0xff, 0xf5, 0x0, 0x0,
    0x0, 0x0, 0x0, 0xb, 0xff, 0x80, 0x0, 0x0,
    0x0, 0x0, 0x0, 0x4f, 0xfb, 0x0, 0x0, 0x0,
    0x0, 0x0, 0x0, 0x46, 0x61, 0x0, 0x0, 0x0,
    0x0, 0x0, 0x0, 0x0, 0x0, 0x0, 0x0, 0x0,
    0x0, 0x0, 0x2, 0x57, 0x75, 0x10, 0x0, 0x0,
    0x0, 0x1, 0xbf, 0xff, 0xff, 0xf8, 0x0, 0x0,
    0x0, 0x4e, 0xff, 0xff, 0xff, 0xff, 0xd2, 0x0,
    0x2, 0xff, 0xfb, 0x31, 0x25, 0xef, 0xfb, 0x0,
    0xb, 0xff, 0x90, 0x0, 0x0, 0x1f, 0xff, 0x50,
    0x3f, 0xff, 0x0, 0x0, 0x0, 0x8, 0xff, 0xb0,
    0x8f, 0xfd, 0x55, 0x55, 0x55, 0x59, 0xff, 0xe0,
    0xaf, 0xff, 0xff, 0xff, 0xff, 0xff, 0xff, 0xf0,
    0xbf, 0xff, 0xff, 0xff, 0xff, 0xff, 0xff, 0xf2,
    0xaf, 0xfb, 0x0, 0x0, 0x0, 0x0, 0x0, 0x0,
    0x8f, 0xfd, 0x0, 0x0, 0x0, 0x0, 0x0, 0x0,
    0x4f, 0xff, 0x30, 0x0, 0x0, 0x7, 0xee, 0xc0,
    0xd, 0xff, 0xd1, 0x0, 0x0, 0x1d, 0xff, 0x90,
    0x3, 0xff, 0xfe, 0x63, 0x25, 0xdf, 0xff, 0x20,
    0x0, 0x7f, 0xff, 0xff, 0xff, 0xff, 0xf5, 0x0,
    0x0, 0x4, 0xdf, 0xff, 0xff, 0xfb, 0x20, 0x0,
    0x0, 0x0, 0x2, 0x67, 0x64, 0x10, 0x0, 0x0,

    /* U+00EA "ê" */
    0x0, 0x0, 0x9, 0xff, 0xff, 0x30, 0x0, 0x0,
    0x0, 0x0, 0x5f, 0xff, 0xff, 0xe1, 0x0, 0x0,
    0x0, 0x1, 0xef, 0xf4, 0x9f, 0xfb, 0x0, 0x0,
    0x0, 0xc, 0xff, 0x90, 0xd, 0xff, 0x60, 0x0,
    0x0, 0x14, 0x44, 0x0, 0x1, 0x44, 0x40, 0x0,
    0x0, 0x0, 0x0, 0x0, 0x0, 0x0, 0x0, 0x0,
    0x0, 0x0, 0x2, 0x57, 0x75, 0x10, 0x0, 0x0,
    0x0, 0x1, 0xbf, 0xff, 0xff, 0xf8, 0x0, 0x0,
    0x0, 0x4e, 0xff, 0xff, 0xff, 0xff, 0xd2, 0x0,
    0x2, 0xff, 0xfb, 0x31, 0x25, 0xef, 0xfb, 0x0,
    0xb, 0xff, 0x90, 0x0, 0x0, 0x1f, 0xff, 0x50,
    0x3f, 0xff, 0x0, 0x0, 0x0, 0x8, 0xff, 0xb0,
    0x8f, 0xfd, 0x55, 0x55, 0x55, 0x59, 0xff, 0xe0,
    0xaf, 0xff, 0xff, 0xff, 0xff, 0xff, 0xff, 0xf0,
    0xbf, 0xff, 0xff, 0xff, 0xff, 0xff, 0xff, 0xf2,
    0xaf, 0xfb, 0x0, 0x0, 0x0, 0x0, 0x0, 0x0,
    0x8f, 0xfd, 0x0, 0x0, 0x0, 0x0, 0x0, 0x0,
    0x4f, 0xff, 0x30, 0x0, 0x0, 0x7, 0xee, 0xc0,
    0xd, 0xff, 0xd1, 0x0, 0x0, 0x1d, 0xff, 0x90,
    0x3, 0xff, 0xfe, 0x63, 0x25, 0xdf, 0xff, 0x20,
    0x0, 0x7f, 0xff, 0xff, 0xff, 0xff, 0xf5, 0x0,
    0x0, 0x4, 0xdf, 0xff, 0xff, 0xfb, 0x20, 0x0,
    0x0, 0x0, 0x2, 0x67, 0x64, 0x10, 0x0, 0x0,

    /* U+00EB "ë" */
    0x0, 0x1a, 0xaa, 0x50, 0x8, 0xaa, 0x80, 0x0,
    0x0, 0x1f, 0xff, 0x70, 0xc, 0xff, 0xd0, 0x0,
    0x0, 0x1f, 0xff, 0x70, 0xc, 0xff, 0xd0, 0x0,
    0x0, 0x1f, 0xff, 0x70, 0xc, 0xff, 0xd0, 0x0,
    0x0, 0x0, 0x0, 0x0, 0x0, 0x0, 0x0, 0x0,
    0x0, 0x0, 0x0, 0x0, 0x0, 0x0, 0x0, 0x0,
    0x0, 0x0, 0x2, 0x57, 0x75, 0x10, 0x0, 0x0,
    0x0, 0x1, 0xbf, 0xff, 0xff, 0xf8, 0x0, 0x0,
    0x0, 0x4e, 0xff, 0xff, 0xff, 0xff, 0xd2, 0x0,
    0x2, 0xff, 0xfb, 0x31, 0x25, 0xef, 0xfb, 0x0,
    0xb, 0xff, 0x90, 0x0, 0x0, 0x1f, 0xff, 0x50,
    0x3f, 0xff, 0x0, 0x0, 0x0, 0x8, 0xff, 0xb0,
    0x8f, 0xfd, 0x55, 0x55, 0x55, 0x59, 0xff, 0xe0,
    0xaf, 0xff, 0xff, 0xff, 0xff, 0xff, 0xff, 0xf0,
    0xbf, 0xff, 0xff, 0xff, 0xff, 0xff, 0xff, 0xf2,
    0xaf, 0xfb, 0x0, 0x0, 0x0, 0x0, 0x0, 0x0,
    0x8f, 0xfd, 0x0, 0x0, 0x0, 0x0, 0x0, 0x0,
    0x4f, 0xff, 0x30, 0x0, 0x0, 0x7, 0xee, 0xc0,
    0xd, 0xff, 0xd1, 0x0, 0x0, 0x1d, 0xff, 0x90,
    0x3, 0xff, 0xfe, 0x63, 0x25, 0xdf, 0xff, 0x20,
    0x0, 0x7f, 0xff, 0xff, 0xff, 0xff, 0xf5, 0x0,
    0x0, 0x4, 0xdf, 0xff, 0xff, 0xfb, 0x20, 0x0,
    0x0, 0x0, 0x2, 0x67, 0x64, 0x10, 0x0, 0x0,

    /* U+00EC "ì" */
    0x3f, 0xff, 0xc0, 0x0, 0x6f, 0xff, 0x40, 0x0,
    0x9f, 0xfc, 0x0, 0x0, 0xcf, 0xf4, 0x0, 0x1,
    0x66, 0x40, 0x0, 0x0, 0x0, 0x0, 0x0, 0x0,
    0x0, 0x0, 0xdf, 0xf7, 0x0, 0xd, 0xff, 0x70,
    0x0, 0xdf, 0xf7, 0x0, 0xd, 0xff, 0x70, 0x0,
    0xdf, 0xf7, 0x0, 0xd, 0xff, 0x70, 0x0, 0xdf,
    0xf7, 0x0, 0xd, 0xff, 0x70, 0x0, 0xdf, 0xf7,
    0x0, 0xd, 0xff, 0x70, 0x0, 0xdf, 0xf7, 0x0,
    0xd, 0xff, 0x70, 0x0, 0xdf, 0xf7, 0x0, 0xd,
    0xff, 0x70, 0x0, 0xdf, 0xf7,

    /* U+00ED "í" */
    0x0, 0xaf, 0xff, 0x30, 0x3f, 0xff, 0x50, 0xb,
    0xff, 0x90, 0x4, 0xff, 0xc0, 0x0, 0x46, 0x61,
    0x0, 0x0, 0x0, 0x0, 0x0, 0x0, 0x0, 0x0,
    0xd, 0xff, 0x70, 0x0, 0xdf, 0xf7, 0x0, 0xd,
    0xff, 0x70, 0x0, 0xdf, 0xf7, 0x0, 0xd, 0xff,
    0x70, 0x0, 0xdf, 0xf7, 0x0, 0xd, 0xff, 0x70,
    0x0, 0xdf, 0xf7, 0x0, 0xd, 0xff, 0x70, 0x0,
    0xdf, 0xf7, 0x0, 0xd, 0xff, 0x70, 0x0, 0xdf,
    0xf7, 0x0, 0xd, 0xff, 0x70, 0x0, 0xdf, 0xf7,
    0x0, 0xd, 0xff, 0x70, 0x0,

    /* U+00EE "î" */
    0x0, 0x9, 0xff, 0xff, 0x40, 0x0, 0x0, 0x4f,
    0xff, 0xff, 0xe1, 0x0, 0x1, 0xef, 0xf4, 0x9f,
    0xfb, 0x0, 0xb, 0xff, 0x90, 0xd, 0xff, 0x60,
    0x14, 0x44, 0x0, 0x1, 0x44, 0x40, 0x0, 0x0,
    0x0, 0x0, 0x0, 0x0, 0x0, 0x0, 0x0, 0x0,
    0x0, 0x0, 0x0, 0x0, 0xdf, 0xf7, 0x0, 0x0,
    0x0, 0x0, 0xdf, 0xf7, 0x0, 0x0, 0x0, 0x0,
    0xdf, 0xf7, 0x0, 0x0, 0x0, 0x0, 0xdf, 0xf7,
    0x0, 0x0, 0x0, 0x0, 0xdf, 0xf7, 0x0, 0x0,
    0x0, 0x0, 0xdf, 0xf7, 0x0, 0x0, 0x0, 0x0,
    0xdf, 0xf7, 0x0, 0x0, 0x0, 0x0, 0xdf, 0xf7,
    0x0, 0x0, 0x0, 0x0, 0xdf, 0xf7, 0x0, 0x0,
    0x0, 0x0, 0xdf, 0xf7, 0x0, 0x0, 0x0, 0x0,
    0xdf, 0xf7, 0x0, 0x0, 0x0, 0x0, 0xdf, 0xf7,
    0x0, 0x0, 0x0, 0x0, 0xdf, 0xf7, 0x0, 0x0,
    0x0, 0x0, 0xdf, 0xf7, 0x0, 0x0, 0x0, 0x0,
    0xdf, 0xf7, 0x0, 0x0,

    /* U+00EF "ï" */
    0x1a, 0xaa, 0x50, 0x8, 0xaa, 0x81, 0xff, 0xf7,
    0x0, 0xbf, 0xfd, 0x1f, 0xff, 0x70, 0xb, 0xff,
    0xd1, 0xff, 0xf7, 0x0, 0xbf, 0xfd, 0x0, 0x0,
    0x0, 0x0, 0x0, 0x0, 0x0, 0x0, 0x0, 0x0,
    0x0, 0x0, 0x0, 0x0, 0x0, 0x0, 0x0, 0x0,
    0xd, 0xff, 0x70, 0x0, 0x0, 0x0, 0xdf, 0xf7,
    0x0, 0x0, 0x0, 0xd, 0xff, 0x70, 0x0, 0x0,
    0x0, 0xdf, 0xf7, 0x0, 0x0, 0x0, 0xd, 0xff,
    0x70, 0x0, 0x0, 0x0, 0xdf, 0xf7, 0x0, 0x0,
    0x0, 0xd, 0xff, 0x70, 0x0, 0x0, 0x0, 0xdf,
    0xf7, 0x0, 0x0, 0x0, 0xd, 0xff, 0x70, 0x0,
    0x0, 0x0, 0xdf, 0xf7, 0x0, 0x0, 0x0, 0xd,
    0xff, 0x70, 0x0, 0x0, 0x0, 0xdf, 0xf7, 0x0,
    0x0, 0x0, 0xd, 0xff, 0x70, 0x0, 0x0, 0x0,
    0xdf, 0xf7, 0x0, 0x0, 0x0, 0xd, 0xff, 0x70,
    0x0,

    /* U+00F0 "ð" */
    0x0, 0x0, 0x0, 0x24, 0x0, 0x0, 0x0, 0x0,
    0x0, 0x0, 0x5, 0xff, 0xb1, 0x0, 0x0, 0x0,
    0x0, 0x0, 0x3f, 0xff, 0xfe, 0x42, 0x7b, 0x60,
    0x0, 0x0, 0x2, 0xbf, 0xff, 0xff, 0xff, 0xa0,
    0x0, 0x0, 0x16, 0xbf, 0xff, 0xff, 0xfb, 0x60,
    0x0, 0x0, 0x3f, 0xff, 0xff, 0xff, 0xe0, 0x0,
    0x0, 0x0, 0xd, 0xb7, 0x26, 0xff, 0xf8, 0x0,
    0x0, 0x0, 0x2, 0x67, 0x51, 0x9f, 0xff, 0x20,
    0x0, 0x2, 0xcf, 0xff, 0xff, 0x9e, 0xff, 0x80,
    0x0, 0x5f, 0xff, 0xff, 0xff, 0xff, 0xff, 0xe0,
    0x2, 0xff, 0xfe, 0x73, 0x37, 0xef, 0xff, 0xf3,
    0xb, 0xff, 0xe2, 0x0, 0x0, 0x1d, 0xff, 0xf6,
    0x4f, 0xff, 0x50, 0x0, 0x0, 0x4, 0xff, 0xfa,
    0x8f, 0xfe, 0x0, 0x0, 0x0, 0x0, 0xdf, 0xfb,
    0xaf, 0xfc, 0x0, 0x0, 0x0, 0x0, 0xbf, 0xfc,
    0xbf, 0xfa, 0x0, 0x0, 0x0, 0x0, 0x9f, 0xfc,
    0xaf, 0xfc, 0x0, 0x0, 0x0, 0x0, 0xbf, 0xfb,
    0x8f, 0xfe, 0x0, 0x0, 0x0, 0x0, 0xdf, 0xf8,
    0x4f, 0xff, 0x50, 0x0, 0x0, 0x4, 0xff, 0xf3,
    0xb, 0xff, 0xd1, 0x0, 0x0, 0x1d, 0xff, 0xb0,
    0x2, 0xff, 0xfe, 0x63, 0x36, 0xef, 0xff, 0x10,
    0x0, 0x5f, 0xff, 0xff, 0xff, 0xff, 0xf5, 0x0,
    0x0, 0x1, 0xbf, 0xff, 0xff, 0xfb, 0x20, 0x0,
    0x0, 0x0, 0x1, 0x57, 0x75, 0x10, 0x0, 0x0,

    /* U+00F1 "ñ" */
    0x0, 0x1a, 0xee, 0xa7, 0x22, 0xff, 0xa0, 0x0,
    0xbf, 0xff, 0xff, 0xff, 0xff, 0x70, 0x0, 0xff,
    0xe9, 0xcf, 0xff, 0xfd, 0x0, 0x1, 0x88, 0x40,
    0x2, 0x68, 0x60, 0x0, 0x0, 0x0, 0x0, 0x0,
    0x0, 0x0, 0x0, 0x0, 0x0, 0x0, 0x0, 0x0,
    0x0, 0x0, 0x0, 0x0, 0x0, 0x36, 0x74, 0x10,
    0x0, 0xdf, 0xf7, 0x2c, 0xff, 0xff, 0xf7, 0x0,
    0xdf, 0xf9, 0xef, 0xff, 0xff, 0xff, 0x80, 0xdf,
    0xff, 0xfa, 0x42, 0x5e, 0xff, 0xf2, 0xdf, 0xff,
    0x70, 0x0, 0x2, 0xff, 0xf8, 0xdf, 0xfd, 0x0,
    0x0, 0x0, 0xbf, 0xfa, 0xdf, 0xf9, 0x0, 0x0,
    0x0, 0x9f, 0xfc, 0xdf, 0xf8, 0x0, 0x0, 0x0,
    0x8f, 0xfc, 0xdf, 0xf7, 0x0, 0x0, 0x0, 0x8f,
    0xfc, 0xdf, 0xf7, 0x0, 0x0, 0x0, 0x8f, 0xfc,
    0xdf, 0xf7, 0x0, 0x0, 0x0, 0x8f, 0xfc, 0xdf,
    0xf7, 0x0, 0x0, 0x0, 0x8f, 0xfc, 0xdf, 0xf7,
    0x0, 0x0, 0x0, 0x8f, 0xfc, 0xdf, 0xf7, 0x0,
    0x0, 0x0, 0x8f, 0xfc, 0xdf, 0xf7, 0x0, 0x0,
    0x0, 0x8f, 0xfc, 0xdf, 0xf7, 0x0, 0x0, 0x0,
    0x8f, 0xfc,

    /* U+00F2 "ò" */
    0x0, 0x1, 0xef, 0xfe, 0x0, 0x0, 0x0, 0x0,
    0x0, 0x0, 0x3f, 0xff, 0x70, 0x0, 0x0, 0x0,
    0x0, 0x0, 0x6, 0xff, 0xe0, 0x0, 0x0, 0x0,
    0x0, 0x0, 0x0, 0xaf, 0xf7, 0x0, 0x0, 0x0,
    0x0, 0x0, 0x0, 0x6, 0x65, 0x0, 0x0, 0x0,
    0x0, 0x0, 0x0, 0x0, 0x0, 0x0, 0x0, 0x0,
    0x0, 0x0, 0x1, 0x57, 0x75, 0x10, 0x0, 0x0,
    0x0, 0x1, 0xaf, 0xff, 0xff, 0xfb, 0x10, 0x0,
    0x0, 0x4e, 0xff, 0xff, 0xff, 0xff, 0xf5, 0x0,
    0x1, 0xff, 0xfe, 0x73, 0x37, 0xef, 0xff, 0x20,
    0xb, 0xff, 0xe2, 0x0, 0x0, 0x1d, 0xff, 0xc0,
    0x3f, 0xff, 0x50, 0x0, 0x0, 0x4, 0xff, 0xf5,
    0x8f, 0xfe, 0x0, 0x0, 0x0, 0x0, 0xdf, 0xf9,
    0xaf, 0xfc, 0x0, 0x0, 0x0, 0x0, 0xbf, 0xfb,
    0xbf, 0xfa, 0x0, 0x0, 0x0, 0x0, 0x9f, 0xfc,
    0xaf, 0xfc, 0x0, 0x0, 0x0, 0x0, 0xbf, 0xfb,
    0x8f, 0xfe, 0x0, 0x0, 0x0, 0x0, 0xdf, 0xf9,
    0x4f, 0xff, 0x50, 0x0, 0x0, 0x4, 0xff, 0xf5,
    0xb, 0xff, 0xd1, 0x0, 0x0, 0x1d, 0xff, 0xc0,
    0x2, 0xff, 0xfe, 0x63, 0x36, 0xef, 0xff, 0x30,
    0x0, 0x5f, 0xff, 0xff, 0xff, 0xff, 0xf6, 0x0,
    0x0, 0x1, 0xbf, 0xff, 0xff, 0xfb, 0x20, 0x0,
    0x0, 0x0, 0x1, 0x57, 0x75, 0x20, 0x0, 0x0,

    /* U+00F3 "ó" */
    0x0, 0x0, 0x0, 0x0, 0x7f, 0xff, 0x50, 0x0,
    0x0, 0x0, 0x0, 0x1, 0xef, 0xf8, 0x0, 0x0,
    0x0, 0x0, 0x0, 0x8, 0xff, 0xb0, 0x0, 0x0,
    0x0, 0x0, 0x0, 0x1f, 0xfe, 0x10, 0x0, 0x0,
    0x0, 0x0, 0x0, 0x26, 0x62, 0x0, 0x0, 0x0,
    0x0, 0x0, 0x0, 0x0, 0x0, 0x0, 0x0, 0x0,
    0x0, 0x0, 0x1, 0x57, 0x75, 0x10, 0x0, 0x0,
    0x0, 0x1, 0xaf, 0xff, 0xff, 0xfb, 0x10, 0x0,
    0x0, 0x4e, 0xff, 0xff, 0xff, 0xff, 0xf5, 0x0,
    0x1, 0xff, 0xfe, 0x73, 0x37, 0xef, 0xff, 0x20,
    0xb, 0xff, 0xe2, 0x0, 0x0, 0x1d, 0xff, 0xc0,
    0x3f, 0xff, 0x50, 0x0, 0x0, 0x4, 0xff, 0xf5,
    0x8f, 0xfe, 0x0, 0x0, 0x0, 0x0, 0xdf, 0xf9,
    0xaf, 0xfc, 0x0, 0x0, 0x0, 0x0, 0xbf, 0xfb,
    0xbf, 0xfa, 0x0, 0x0, 0x0, 0x0, 0x9f, 0xfc,
    0xaf, 0xfc, 0x0, 0x0, 0x0, 0x0, 0xbf, 0xfb,
    0x8f, 0xfe, 0x0, 0x0, 0x0, 0x0, 0xdf, 0xf9,
    0x4f, 0xff, 0x50, 0x0, 0x0, 0x4, 0xff, 0xf5,
    0xb, 0xff, 0xd1, 0x0, 0x0, 0x1d, 0xff, 0xc0,
    0x2, 0xff, 0xfe, 0x63, 0x36, 0xef, 0xff, 0x30,
    0x0, 0x5f, 0xff, 0xff, 0xff, 0xff, 0xf6, 0x0,
    0x0, 0x1, 0xbf, 0xff, 0xff, 0xfb, 0x20, 0x0,
    0x0, 0x0, 0x1, 0x57, 0x75, 0x20, 0x0, 0x0,

    /* U+00F4 "ô" */
    0x0, 0x0, 0x6, 0xff, 0xff, 0x60, 0x0, 0x0,
    0x0, 0x0, 0x2f, 0xff, 0xff, 0xf3, 0x0, 0x0,
    0x0, 0x0, 0xdf, 0xf7, 0x6f, 0xfd, 0x0, 0x0,
    0x0, 0x9, 0xff, 0xc0, 0xb, 0xff, 0x90, 0x0,
    0x0, 0x4, 0x44, 0x10, 0x1, 0x44, 0x40, 0x0,
    0x0, 0x0, 0x0, 0x0, 0x0, 0x0, 0x0, 0x0,
    0x0, 0x0, 0x1, 0x57, 0x75, 0x10, 0x0, 0x0,
    0x0, 0x1, 0xaf, 0xff, 0xff, 0xfb, 0x10, 0x0,
    0x0, 0x4e, 0xff, 0xff, 0xff, 0xff, 0xf5, 0x0,
    0x1, 0xff, 0xfe, 0x73, 0x37, 0xef, 0xff, 0x20,
    0xb, 0xff, 0xe2, 0x0, 0x0, 0x1d, 0xff, 0xc0,
    0x3f, 0xff, 0x50, 0x0, 0x0, 0x4, 0xff, 0xf5,
    0x8f, 0xfe, 0x0, 0x0, 0x0, 0x0, 0xdf, 0xf9,
    0xaf, 0xfc, 0x0, 0x0, 0x0, 0x0, 0xbf, 0xfb,
    0xbf, 0xfa, 0x0, 0x0, 0x0, 0x0, 0x9f, 0xfc,
    0xaf, 0xfc, 0x0, 0x0, 0x0, 0x0, 0xbf, 0xfb,
    0x8f, 0xfe, 0x0, 0x0, 0x0, 0x0, 0xdf, 0xf9,
    0x4f, 0xff, 0x50, 0x0, 0x0, 0x4, 0xff, 0xf5,
    0xb, 0xff, 0xd1, 0x0, 0x0, 0x1d, 0xff, 0xc0,
    0x2, 0xff, 0xfe, 0x63, 0x36, 0xef, 0xff, 0x30,
    0x0, 0x5f, 0xff, 0xff, 0xff, 0xff, 0xf6, 0x0,
    0x0, 0x1, 0xbf, 0xff, 0xff, 0xfb, 0x20, 0x0,
    0x0, 0x0, 0x1, 0x57, 0x75, 0x20, 0x0, 0x0,

    /* U+00F5 "õ" */
    0x0, 0x2, 0xbf, 0xda, 0x61, 0x5f, 0xf7, 0x0,
    0x0, 0xd, 0xff, 0xff, 0xff, 0xff, 0xf4, 0x0,
    0x0, 0x4f, 0xfd, 0x9d, 0xff, 0xff, 0xb0, 0x0,
    0x0, 0x38, 0x82, 0x0, 0x37, 0x85, 0x0, 0x0,
    0x0, 0x0, 0x0, 0x0, 0x0, 0x0, 0x0, 0x0,
    0x0, 0x0, 0x0, 0x0, 0x0, 0x0, 0x0, 0x0,
    0x0, 0x0, 0x1, 0x57, 0x75, 0x10, 0x0, 0x0,
    0x0, 0x1, 0xaf, 0xff, 0xff, 0xfb, 0x10, 0x0,
    0x0, 0x4e, 0xff, 0xff, 0xff, 0xff, 0xf5, 0x0,
    0x1, 0xff, 0xfe, 0x73, 0x37, 0xef, 0xff, 0x20,
    0xb, 0xff, 0xe2, 0x0, 0x0, 0x1d, 0xff, 0xc0,
    0x3f, 0xff, 0x50, 0x0, 0x0, 0x4, 0xff, 0xf5,
    0x8f, 0xfe, 0x0, 0x0, 0x0, 0x0, 0xdf, 0xf9,
    0xaf, 0xfc, 0x0, 0x0, 0x0, 0x0, 0xbf, 0xfb,
    0xbf, 0xfa, 0x0, 0x0, 0x0, 0x0, 0x9f, 0xfc,
    0xaf, 0xfc, 0x0, 0x0, 0x0, 0x0, 0xbf, 0xfb,
    0x8f, 0xfe, 0x0, 0x0, 0x0, 0x0, 0xdf, 0xf9,
    0x4f, 0xff, 0x50, 0x0, 0x0, 0x4, 0xff, 0xf5,
    0xb, 0xff, 0xd1, 0x0, 0x0, 0x1d, 0xff, 0xc0,
    0x2, 0xff, 0xfe, 0x63, 0x36, 0xef, 0xff, 0x30,
    0x0, 0x5f, 0xff, 0xff, 0xff, 0xff, 0xf6, 0x0,
    0x0, 0x1, 0xbf, 0xff, 0xff, 0xfb, 0x20, 0x0,
    0x0, 0x0, 0x1, 0x57, 0x75, 0x20, 0x0, 0x0,

    /* U+00F6 "ö" */
    0x0, 0xa, 0xaa, 0x70, 0x6, 0xaa, 0xa0, 0x0,
    0x0, 0xe, 0xff, 0xa0, 0x8, 0xff, 0xf0, 0x0,
    0x0, 0xe, 0xff, 0xa0, 0x8, 0xff, 0xf0, 0x0,
    0x0, 0xe, 0xff, 0xa0, 0x8, 0xff, 0xf0, 0x0,
    0x0, 0x0, 0x0, 0x0, 0x0, 0x0, 0x0, 0x0,
    0x0, 0x0, 0x0, 0x0, 0x0, 0x0, 0x0, 0x0,
    0x0, 0x0, 0x1, 0x57, 0x75, 0x10, 0x0, 0x0,
    0x0, 0x1, 0xaf, 0xff, 0xff, 0xfb, 0x10, 0x0,
    0x0, 0x4e, 0xff, 0xff, 0xff, 0xff, 0xf5, 0x0,
    0x1, 0xff, 0xfe, 0x73, 0x37, 0xef, 0xff, 0x20,
    0xb, 0xff, 0xe2, 0x0, 0x0, 0x1d, 0xff, 0xc0,
    0x3f, 0xff, 0x50, 0x0, 0x0, 0x4, 0xff, 0xf5,
    0x8f, 0xfe, 0x0, 0x0, 0x0, 0x0, 0xdf, 0xf9,
    0xaf, 0xfc, 0x0, 0x0, 0x0, 0x0, 0xbf, 0xfb,
    0xbf, 0xfa, 0x0, 0x0, 0x0, 0x0, 0x9f, 0xfc,
    0xaf, 0xfc, 0x0, 0x0, 0x0, 0x0, 0xbf, 0xfb,
    0x8f, 0xfe, 0x0, 0x0, 0x0, 0x0, 0xdf, 0xf9,
    0x4f, 0xff, 0x50, 0x0, 0x0, 0x4, 0xff, 0xf5,
    0xb, 0xff, 0xd1, 0x0, 0x0, 0x1d, 0xff, 0xc0,
    0x2, 0xff, 0xfe, 0x63, 0x36, 0xef, 0xff, 0x30,
    0x0, 0x5f, 0xff, 0xff, 0xff, 0xff, 0xf6, 0x0,
    0x0, 0x1, 0xbf, 0xff, 0xff, 0xfb, 0x20, 0x0,
    0x0, 0x0, 0x1, 0x57, 0x75, 0x20, 0x0, 0x0,

    /* U+00F7 "÷" */
    0x0, 0x0, 0x0, 0x26, 0x65, 0x0, 0x0, 0x0,
    0x0, 0x0, 0x0, 0x7f, 0xfe, 0x0, 0x0, 0x0,
    0x0, 0x0, 0x0, 0x7f, 0xfe, 0x0, 0x0, 0x0,
    0x0, 0x0, 0x0, 0x7f, 0xfe, 0x0, 0x0, 0x0,
    0x0, 0x0, 0x0, 0x0, 0x0, 0x0, 0x0, 0x0,
    0x0, 0x0, 0x0, 0x0, 0x0, 0x0, 0x0, 0x0,
    0x0, 0x0, 0x0, 0x0, 0x0, 0x0, 0x0, 0x0,
    0x4f, 0xff, 0xff, 0xff, 0xff, 0xff, 0xff, 0xfe,
    0x4f, 0xff, 0xff, 0xff, 0xff, 0xff, 0xff, 0xfe,
    0x3d, 0xdd, 0xdd, 0xdd, 0xdd, 0xdd, 0xdd, 0xdc,
    0x0, 0x0, 0x0, 0x0, 0x0, 0x0, 0x0, 0x0,
    0x0, 0x0, 0x0, 0x0, 0x0, 0x0, 0x0, 0x0,
    0x0, 0x0, 0x0, 0x25, 0x55, 0x0, 0x0, 0x0,
    0x0, 0x0, 0x0, 0x7f, 0xfe, 0x0, 0x0, 0x0,
    0x0, 0x0, 0x0, 0x7f, 0xfe, 0x0, 0x0, 0x0,
    0x0, 0x0, 0x0, 0x7f, 0xfe, 0x0, 0x0, 0x0,

    /* U+00F8 "ø" */
    0x0, 0x0, 0x0, 0x0, 0x0, 0x0, 0x3, 0x0,
    0x0, 0x0, 0x1, 0x57, 0x75, 0x10, 0x4f, 0xa0,
    0x0, 0x2, 0xbf, 0xff, 0xff, 0xfa, 0xef, 0xf3,
    0x0, 0x5f, 0xff, 0xff, 0xff, 0xff, 0xff, 0x60,
    0x2, 0xff, 0xfe, 0x73, 0x36, 0xff, 0xff, 0x20,
    0xb, 0xff, 0xe2, 0x0, 0x6, 0xff, 0xff, 0xb0,
    0x4f, 0xff, 0x50, 0x0, 0x3f, 0xff, 0xff, 0xf4,
    0x8f, 0xfe, 0x0, 0x1, 0xef, 0xf4, 0xdf, 0xf7,
    0xaf, 0xfc, 0x0, 0xc, 0xff, 0x70, 0xaf, 0xfa,
    0xbf, 0xfa, 0x0, 0x9f, 0xfa, 0x0, 0x9f, 0xfc,
    0x9f, 0xfb, 0x6, 0xff, 0xd0, 0x0, 0xbf, 0xfb,
    0x6f, 0xfe, 0x3f, 0xff, 0x20, 0x0, 0xdf, 0xf9,
    0x3f, 0xff, 0xff, 0xf4, 0x0, 0x4, 0xff, 0xf5,
    0xb, 0xff, 0xff, 0x70, 0x0, 0x1d, 0xff, 0xd0,
    0x2, 0xff, 0xff, 0x62, 0x36, 0xef, 0xff, 0x30,
    0x5, 0xff, 0xff, 0xff, 0xff, 0xff, 0xf6, 0x0,
    0x2f, 0xff, 0xbf, 0xff, 0xff, 0xfb, 0x20, 0x0,
    0x8, 0xf6, 0x1, 0x57, 0x75, 0x20, 0x0, 0x0,
    0x0, 0x30, 0x0, 0x0, 0x0, 0x0, 0x0, 0x0,

    /* U+00F9 "ù" */
    0x0, 0x2f, 0xff, 0xd0, 0x0, 0x0, 0x0, 0x0,
    0x5, 0xff, 0xf5, 0x0, 0x0, 0x0, 0x0, 0x0,
    0x8f, 0xfd, 0x0, 0x0, 0x0, 0x0, 0x0, 0xc,
    0xff, 0x50, 0x0, 0x0, 0x0, 0x0, 0x1, 0x66,
    0x40, 0x0, 0x0, 0x0, 0x0, 0x0, 0x0, 0x0,
    0x0, 0x0, 0x0, 0x0, 0x0, 0x0, 0x0, 0x0,
    0x0, 0xff, 0xf5, 0x0, 0x0, 0x0, 0xcf, 0xf8,
    0xff, 0xf5, 0x0, 0x0, 0x0, 0xcf, 0xf8, 0xff,
    0xf5, 0x0, 0x0, 0x0, 0xcf, 0xf8, 0xff, 0xf5,
    0x0, 0x0, 0x0, 0xcf, 0xf8, 0xff, 0xf5, 0x0,
    0x0, 0x0, 0xcf, 0xf8, 0xff, 0xf5, 0x0, 0x0,
    0x0, 0xcf, 0xf8, 0xff, 0xf5, 0x0, 0x0, 0x0,
    0xcf, 0xf8, 0xff, 0xf5, 0x0, 0x0, 0x0, 0xcf,
    0xf8, 0xff, 0xf5, 0x0, 0x0, 0x0, 0xdf, 0xf8,
    0xff, 0xf6, 0x0, 0x0, 0x0, 0xff, 0xf8, 0xdf,
    0xf8, 0x0, 0x0, 0x2, 0xff, 0xf8, 0xaf, 0xfe,
    0x0, 0x0, 0xb, 0xff, 0xf8, 0x5f, 0xff, 0xd5,
    0x24, 0xbf, 0xff, 0xf8, 0xb, 0xff, 0xff, 0xff,
    0xfd, 0xcf, 0xf8, 0x0, 0x9f, 0xff, 0xff, 0xb1,
    0xcf, 0xf8, 0x0, 0x2, 0x57, 0x62, 0x0, 0x0,
    0x0,

    /* U+00FA "ú" */
    0x0, 0x0, 0x0, 0x9, 0xff, 0xf3, 0x0, 0x0,
    0x0, 0x0, 0x2f, 0xff, 0x60, 0x0, 0x0, 0x0,
    0x0, 0xaf, 0xf9, 0x0, 0x0, 0x0, 0x0, 0x3,
    0xff, 0xc0, 0x0, 0x0, 0x0, 0x0, 0x3, 0x66,
    0x10, 0x0, 0x0, 0x0, 0x0, 0x0, 0x0, 0x0,
    0x0, 0x0, 0x0, 0x0, 0x0, 0x0, 0x0, 0x0,
    0x0, 0xff, 0xf5, 0x0, 0x0, 0x0, 0xcf, 0xf8,
    0xff, 0xf5, 0x0, 0x0, 0x0, 0xcf, 0xf8, 0xff,
    0xf5, 0x0, 0x0, 0x0, 0xcf, 0xf8, 0xff, 0xf5,
    0x0, 0x0, 0x0, 0xcf, 0xf8, 0xff, 0xf5, 0x0,
    0x0, 0x0, 0xcf, 0xf8, 0xff, 0xf5, 0x0, 0x0,
    0x0, 0xcf, 0xf8, 0xff, 0xf5, 0x0, 0x0, 0x0,
    0xcf, 0xf8, 0xff, 0xf5, 0x0, 0x0, 0x0, 0xcf,
    0xf8, 0xff, 0xf5, 0x0, 0x0, 0x0, 0xdf, 0xf8,
    0xff, 0xf6, 0x0, 0x0, 0x0, 0xff, 0xf8, 0xdf,
    0xf8, 0x0, 0x0, 0x2, 0xff, 0xf8, 0xaf, 0xfe,
    0x0, 0x0, 0xb, 0xff, 0xf8, 0x5f, 0xff, 0xd5,
    0x24, 0xbf, 0xff, 0xf8, 0xb, 0xff, 0xff, 0xff,
    0xfd, 0xcf, 0xf8, 0x0, 0x9f, 0xff, 0xff, 0xb1,
    0xcf, 0xf8, 0x0, 0x2, 0x57, 0x62, 0x0, 0x0,
    0x0,

    /* U+00FB "û" */
    0x0, 0x0, 0x8f, 0xff, 0xf4, 0x0, 0x0, 0x0,
    0x4, 0xff, 0xff, 0xfe, 0x10, 0x0, 0x0, 0x1e,
    0xff, 0x58, 0xff, 0xb0, 0x0, 0x0, 0xbf, 0xfa,
    0x0, 0xcf, 0xf7, 0x0, 0x0, 0x44, 0x40, 0x0,
    0x14, 0x44, 0x0, 0x0, 0x0, 0x0, 0x0, 0x0,
    0x0, 0x0, 0x0, 0x0, 0x0, 0x0, 0x0, 0x0,
    0x0, 0xff, 0xf5, 0x0, 0x0, 0x0, 0xcf, 0xf8,
    0xff, 0xf5, 0x0, 0x0, 0x0, 0xcf, 0xf8, 0xff,
    0xf5, 0x0, 0x0, 0x0, 0xcf, 0xf8, 0xff, 0xf5,
    0x0, 0x0, 0x0, 0xcf, 0xf8, 0xff, 0xf5, 0x0,
    0x0, 0x0, 0xcf, 0xf8, 0xff, 0xf5, 0x0, 0x0,
    0x0, 0xcf, 0xf8, 0xff, 0xf5, 0x0, 0x0, 0x0,
    0xcf, 0xf8, 0xff, 0xf5, 0x0, 0x0, 0x0, 0xcf,
    0xf8, 0xff, 0xf5, 0x0, 0x0, 0x0, 0xdf, 0xf8,
    0xff, 0xf6, 0x0, 0x0, 0x0, 0xff, 0xf8, 0xdf,
    0xf8, 0x0, 0x0, 0x2, 0xff, 0xf8, 0xaf, 0xfe,
    0x0, 0x0, 0xb, 0xff, 0xf8, 0x5f, 0xff, 0xd5,
    0x24, 0xbf, 0xff, 0xf8, 0xb, 0xff, 0xff, 0xff,
    0xfd, 0xcf, 0xf8, 0x0, 0x9f, 0xff, 0xff, 0xb1,
    0xcf, 0xf8, 0x0, 0x2, 0x57, 0x62, 0x0, 0x0,
    0x0,

    /* U+00FC "ü" */
    0x0, 0xaa, 0xa5, 0x0, 0x7a, 0xa9, 0x0, 0x0,
    0xff, 0xf8, 0x0, 0xbf, 0xfe, 0x0, 0x0, 0xff,
    0xf8, 0x0, 0xbf, 0xfe, 0x0, 0x0, 0xff, 0xf8,
    0x0, 0xbf, 0xfe, 0x0, 0x0, 0x0, 0x0, 0x0,
    0x0, 0x0, 0x0, 0x0, 0x0, 0x0, 0x0, 0x0,
    0x0, 0x0, 0x0, 0x0, 0x0, 0x0, 0x0, 0x0,
    0x0, 0xff, 0xf5, 0x0, 0x0, 0x0, 0xcf, 0xf8,
    0xff, 0xf5, 0x0, 0x0, 0x0, 0xcf, 0xf8, 0xff,
    0xf5, 0x0, 0x0, 0x0, 0xcf, 0xf8, 0xff, 0xf5,
    0x0, 0x0, 0x0, 0xcf, 0xf8, 0xff, 0xf5, 0x0,
    0x0, 0x0, 0xcf, 0xf8, 0xff, 0xf5, 0x0, 0x0,
    0x0, 0xcf, 0xf8, 0xff, 0xf5, 0x0, 0x0, 0x0,
    0xcf, 0xf8, 0xff, 0xf5, 0x0, 0x0, 0x0, 0xcf,
    0xf8, 0xff, 0xf5, 0x0, 0x0, 0x0, 0xdf, 0xf8,
    0xff, 0xf6, 0x0, 0x0, 0x0, 0xff, 0xf8, 0xdf,
    0xf8, 0x0, 0x0, 0x2, 0xff, 0xf8, 0xaf, 0xfe,
    0x0, 0x0, 0xb, 0xff, 0xf8, 0x5f, 0xff, 0xd5,
    0x24, 0xbf, 0xff, 0xf8, 0xb, 0xff, 0xff, 0xff,
    0xfd, 0xcf, 0xf8, 0x0, 0x9f, 0xff, 0xff, 0xb1,
    0xcf, 0xf8, 0x0, 0x2, 0x57, 0x62, 0x0, 0x0,
    0x0,

    /* U+00FD "ý" */
    0x0, 0x0, 0x0, 0x0, 0x7f, 0xff, 0x50, 0x0,
    0x0, 0x0, 0x0, 0x0, 0xef, 0xf9, 0x0, 0x0,
    0x0, 0x0, 0x0, 0x7, 0xff, 0xc0, 0x0, 0x0,
    0x0, 0x0, 0x0, 0x1f, 0xfe, 0x10, 0x0, 0x0,
    0x0, 0x0, 0x0, 0x26, 0x62, 0x0, 0x0, 0x0,
    0x0, 0x0, 0x0, 0x0, 0x0, 0x0, 0x0, 0x0,
    0x0, 0x0, 0x0, 0x0, 0x0, 0x0, 0x0, 0x0,
    0x7f, 0xff, 0x30, 0x0, 0x0, 0x1, 0xff, 0xf6,
    0x1f, 0xff, 0x90, 0x0, 0x0, 0x6, 0xff, 0xf0,
    0xa, 0xff, 0xe0, 0x0, 0x0, 0xb, 0xff, 0xa0,
    0x4, 0xff, 0xf4, 0x0, 0x0, 0x1f, 0xff, 0x40,
    0x0, 0xdf, 0xfa, 0x0, 0x0, 0x6f, 0xfe, 0x0,
    0x0, 0x7f, 0xff, 0x0, 0x0, 0xbf, 0xf8, 0x0,
    0x0, 0x1f, 0xff, 0x60, 0x1, 0xff, 0xf2, 0x0,
    0x0, 0xa, 0xff, 0xb0, 0x6, 0xff, 0xc0, 0x0,
    0x0, 0x3, 0xff, 0xf1, 0xb, 0xff, 0x60, 0x0,
    0x0, 0x0, 0xdf, 0xf7, 0x1f, 0xff, 0x0, 0x0,
    0x0, 0x0, 0x6f, 0xfc, 0x6f, 0xfa, 0x0, 0x0,
    0x0, 0x0, 0xf, 0xff, 0xcf, 0xf4, 0x0, 0x0,
    0x0, 0x0, 0x9, 0xff, 0xff, 0xe0, 0x0, 0x0,
    0x0, 0x0, 0x2, 0xff, 0xff, 0x80, 0x0, 0x0,
    0x0, 0x0, 0x0, 0xcf, 0xff, 0x20, 0x0, 0x0,
    0x0, 0x0, 0x0, 0xbf, 0xfc, 0x0, 0x0, 0x0,
    0x0, 0x0, 0x1, 0xff, 0xf6, 0x0, 0x0, 0x0,
    0x0, 0x0, 0x7, 0xff, 0xf0, 0x0, 0x0, 0x0,
    0x0, 0x0, 0xd, 0xff, 0xa0, 0x0, 0x0, 0x0,
    0x0, 0x0, 0x3f, 0xff, 0x40, 0x0, 0x0, 0x0,
    0x0, 0x0, 0xaf, 0xfe, 0x0, 0x0, 0x0, 0x0,
    0x0, 0x0, 0xff, 0xf8, 0x0, 0x0, 0x0, 0x0,

    /* U+00FE "þ" */
    0xdf, 0xf7, 0x0, 0x0, 0x0, 0x0, 0x0, 0x0,
    0xdf, 0xf7, 0x0, 0x0, 0x0, 0x0, 0x0, 0x0,
    0xdf, 0xf7, 0x0, 0x0, 0x0, 0x0, 0x0, 0x0,
    0xdf, 0xf7, 0x0, 0x0, 0x0, 0x0, 0x0, 0x0,
    0xdf, 0xf7, 0x0, 0x0, 0x0, 0x0, 0x0, 0x0,
    0xdf, 0xf7, 0x0, 0x0, 0x0, 0x0, 0x0, 0x0,
    0xdf, 0xf7, 0x0, 0x25, 0x76, 0x30, 0x0, 0x0,
    0xdf, 0xf7, 0x1b, 0xff, 0xff, 0xfd, 0x20, 0x0,
    0xdf, 0xf9, 0xef, 0xff, 0xff, 0xff, 0xf5, 0x0,
    0xdf, 0xff, 0xfd, 0x63, 0x49, 0xff, 0xff, 0x10,
    0xdf, 0xff, 0xb0, 0x0, 0x0, 0x4f, 0xff, 0x90,
    0xdf, 0xff, 0x10, 0x0, 0x0, 0x9, 0xff, 0xf1,
    0xdf, 0xfa, 0x0, 0x0, 0x0, 0x3, 0xff, 0xf3,
    0xdf, 0xf7, 0x0, 0x0, 0x0, 0x0, 0xff, 0xf6,
    0xdf, 0xf6, 0x0, 0x0, 0x0, 0x0, 0xef, 0xf8,
    0xdf, 0xf7, 0x0, 0x0, 0x0, 0x0, 0xff, 0xf7,
    0xdf, 0xfa, 0x0, 0x0, 0x0, 0x3, 0xff, 0xf5,
    0xdf, 0xff, 0x10, 0x0, 0x0, 0x9, 0xff, 0xf1,
    0xdf, 0xff, 0xb0, 0x0, 0x0, 0x4f, 0xff, 0x90,
    0xdf, 0xff, 0xfd, 0x52, 0x48, 0xff, 0xfe, 0x10,
    0xdf, 0xf9, 0xef, 0xff, 0xff, 0xff, 0xf5, 0x0,
    0xdf, 0xf7, 0x2c, 0xff, 0xff, 0xfc, 0x30, 0x0,
    0xdf, 0xf7, 0x0, 0x36, 0x76, 0x20, 0x0, 0x0,
    0xdf, 0xf7, 0x0, 0x0, 0x0, 0x0, 0x0, 0x0,
    0xdf, 0xf7, 0x0, 0x0, 0x0, 0x0, 0x0, 0x0,
    0xdf, 0xf7, 0x0, 0x0, 0x0, 0x0, 0x0, 0x0,
    0xdf, 0xf7, 0x0, 0x0, 0x0, 0x0, 0x0, 0x0,
    0xdf, 0xf7, 0x0, 0x0, 0x0, 0x0, 0x0, 0x0,
    0xdf, 0xf7, 0x0, 0x0, 0x0, 0x0, 0x0, 0x0,

    /* U+00FF "ÿ" */
    0x0, 0x9, 0xaa, 0x70, 0x5, 0xaa, 0xa0, 0x0,
    0x0, 0xe, 0xff, 0xb0, 0x8, 0xff, 0xf0, 0x0,
    0x0, 0xe, 0xff, 0xb0, 0x8, 0xff, 0xf0, 0x0,
    0x0, 0xe, 0xff, 0xb0, 0x8, 0xff, 0xf0, 0x0,
    0x0, 0x0, 0x0, 0x0, 0x0, 0x0, 0x0, 0x0,
    0x0, 0x0, 0x0, 0x0, 0x0, 0x0, 0x0, 0x0,
    0x0, 0x0, 0x0, 0x0, 0x0, 0x0, 0x0, 0x0,
    0x7f, 0xff, 0x30, 0x0, 0x0, 0x1, 0xff, 0xf6,
    0x1f, 0xff, 0x90, 0x0, 0x0, 0x6, 0xff, 0xf0,
    0xa, 0xff, 0xe0, 0x0, 0x0, 0xb, 0xff, 0xa0,
    0x4, 0xff, 0xf4, 0x0, 0x0, 0x1f, 0xff, 0x40,
    0x0, 0xdf, 0xfa, 0x0, 0x0, 0x6f, 0xfe, 0x0,
    0x0, 0x7f, 0xff, 0x0, 0x0, 0xbf, 0xf8, 0x0,
    0x0, 0x1f, 0xff, 0x60, 0x1, 0xff, 0xf2, 0x0,
    0x0, 0xa, 0xff, 0xb0, 0x6, 0xff, 0xc0, 0x0,
    0x0, 0x3, 0xff, 0xf1, 0xb, 0xff, 0x60, 0x0,
    0x0, 0x0, 0xdf, 0xf7, 0x1f, 0xff, 0x0, 0x0,
    0x0, 0x0, 0x6f, 0xfc, 0x6f, 0xfa, 0x0, 0x0,
    0x0, 0x0, 0xf, 0xff, 0xcf, 0xf4, 0x0, 0x0,
    0x0, 0x0, 0x9, 0xff, 0xff, 0xe0, 0x0, 0x0,
    0x0, 0x0, 0x2, 0xff, 0xff, 0x80, 0x0, 0x0,
    0x0, 0x0, 0x0, 0xcf, 0xff, 0x20, 0x0, 0x0,
    0x0, 0x0, 0x0, 0xbf, 0xfc, 0x0, 0x0, 0x0,
    0x0, 0x0, 0x1, 0xff, 0xf6, 0x0, 0x0, 0x0,
    0x0, 0x0, 0x7, 0xff, 0xf0, 0x0, 0x0, 0x0,
    0x0, 0x0, 0xd, 0xff, 0xa0, 0x0, 0x0, 0x0,
    0x0, 0x0, 0x3f, 0xff, 0x40, 0x0, 0x0, 0x0,
    0x0, 0x0, 0xaf, 0xfe, 0x0, 0x0, 0x0, 0x0,
    0x0, 0x0, 0xff, 0xf8, 0x0, 0x0, 0x0, 0x0,

    /* U+2013 "–" */
    0x2, 0x22, 0x22, 0x22, 0x22, 0x22, 0x22, 0x21,
    0xff, 0xff, 0xff, 0xff, 0xff, 0xff, 0xfd, 0x1f,
    0xff, 0xff, 0xff, 0xff, 0xff, 0xff, 0xd1, 0xff,
    0xff, 0xff, 0xff, 0xff, 0xff, 0xfd,

    /* U+2014 "—" */
    0x2, 0x22, 0x22, 0x22, 0x22, 0x22, 0x22, 0x22,
    0x22, 0x22, 0x22, 0x21, 0x1f, 0xff, 0xff, 0xff,
    0xff, 0xff, 0xff, 0xff, 0xff, 0xff, 0xff, 0xfa,
    0x1f, 0xff, 0xff, 0xff, 0xff, 0xff, 0xff, 0xff,
    0xff, 0xff, 0xff, 0xfa, 0x1f, 0xff, 0xff, 0xff,
    0xff, 0xff, 0xff, 0xff, 0xff, 0xff, 0xff, 0xfa,

    /* U+2018 "‘" */
    0x0, 0x0, 0x0, 0x3, 0xbb, 0x3, 0xff, 0xa0,
    0xcf, 0x90, 0x1f, 0xf0, 0x3, 0xfd, 0x0, 0x4f,
    0xff, 0xb4, 0xff, 0xfb, 0x4f, 0xff, 0xb4, 0xff,
    0xfb,

    /* U+2019 "’" */
    0x1f, 0xff, 0xe1, 0xff, 0xfe, 0x1f, 0xff, 0xe1,
    0xff, 0xfe, 0x0, 0x4f, 0xd0, 0x6, 0xfa, 0x2,
    0xdf, 0x61, 0xff, 0xc0, 0x1e, 0x90, 0x0, 0x0,
    0x0,

    /* U+201C "“" */
    0x0, 0x0, 0x0, 0x0, 0x0, 0x0, 0x3, 0xba,
    0x0, 0x2, 0xbb, 0x4, 0xff, 0xa0, 0x3, 0xff,
    0xb0, 0xdf, 0x80, 0x0, 0xcf, 0x90, 0x1f, 0xf0,
    0x0, 0xf, 0xf0, 0x3, 0xfd, 0x0, 0x2, 0xfe,
    0x0, 0x4f, 0xff, 0xa0, 0x3f, 0xff, 0xb4, 0xff,
    0xfa, 0x3, 0xff, 0xfb, 0x4f, 0xff, 0xa0, 0x3f,
    0xff, 0xb4, 0xff, 0xfa, 0x3, 0xff, 0xfb,

    /* U+201D "”" */
    0x1f, 0xff, 0xe0, 0xf, 0xff, 0xf1, 0xff, 0xfe,
    0x0, 0xff, 0xff, 0x1f, 0xff, 0xe0, 0xf, 0xff,
    0xf1, 0xff, 0xfe, 0x0, 0xff, 0xff, 0x0, 0x4f,
    0xd0, 0x0, 0x2f, 0xe0, 0x6, 0xfa, 0x0, 0x4,
    0xfc, 0x2, 0xdf, 0x60, 0x1, 0xcf, 0x71, 0xff,
    0xc0, 0x0, 0xef, 0xd0, 0x1e, 0x90, 0x0, 0xe,
    0x91, 0x0, 0x0, 0x0, 0x0, 0x0, 0x0,

    /* U+2026 "…" */
    0x3, 0x33, 0x30, 0x0, 0x3, 0x33, 0x30, 0x0,
    0x13, 0x33, 0x31, 0xff, 0xff, 0x0, 0x3, 0xff,
    0xff, 0x0, 0x4, 0xff, 0xfe, 0x1f, 0xff, 0xf0,
    0x0, 0x3f, 0xff, 0xf0, 0x0, 0x4f, 0xff, 0xe1,
    0xff, 0xff, 0x0, 0x3, 0xff, 0xff, 0x0, 0x4,
    0xff, 0xfe, 0x1f, 0xff, 0xf0, 0x0, 0x3f, 0xff,
    0xf0, 0x0, 0x4f, 0xff, 0xe0
};


/*---------------------
 *  GLYPH DESCRIPTION
 *--------------------*/

static const lv_font_fmt_txt_glyph_dsc_t glyph_dsc[] = {
    {.bitmap_index = 0, .adv_w = 0, .box_w = 0, .box_h = 0, .ofs_x = 0, .ofs_y = 0} /* id = 0 reserved */,
    {.bitmap_index = 0, .adv_w = 115, .box_w = 0, .box_h = 0, .ofs_x = 0, .ofs_y = 0},
    {.bitmap_index = 0, .adv_w = 131, .box_w = 5, .box_h = 22, .ofs_x = 2, .ofs_y = 0},
    {.bitmap_index = 55, .adv_w = 189, .box_w = 10, .box_h = 8, .ofs_x = 1, .ofs_y = 14},
    {.bitmap_index = 95, .adv_w = 323, .box_w = 19, .box_h = 22, .ofs_x = 1, .ofs_y = 0},
    {.bitmap_index = 304, .adv_w = 308, .box_w = 18, .box_h = 30, .ofs_x = 1, .ofs_y = -4},
    {.bitmap_index = 574, .adv_w = 396, .box_w = 24, .box_h = 24, .ofs_x = 0, .ofs_y = -1},
    {.bitmap_index = 862, .adv_w = 338, .box_w = 21, .box_h = 24, .ofs_x = 1, .ofs_y = -1},
    {.bitmap_index = 1114, .adv_w = 103, .box_w = 4, .box_h = 8, .ofs_x = 1, .ofs_y = 14},
    {.bitmap_index = 1130, .adv_w = 148, .box_w = 8, .box_h = 28, .ofs_x = 1, .ofs_y = -4},
    {.bitmap_index = 1242, .adv_w = 148, .box_w = 8, .box_h = 28, .ofs_x = 0, .ofs_y = -4},
    {.bitmap_index = 1354, .adv_w = 203, .box_w = 11, .box_h = 10, .ofs_x = 1, .ofs_y = 13},
    {.bitmap_index = 1409, .adv_w = 276, .box_w = 16, .box_h = 16, .ofs_x = 1, .ofs_y = 2},
    {.bitmap_index = 1537, .adv_w = 129, .box_w = 6, .box_h = 11, .ofs_x = 1, .ofs_y = -6},
    {.bitmap_index = 1570, .adv_w = 193, .box_w = 10, .box_h = 4, .ofs_x = 1, .ofs_y = 7},
    {.bitmap_index = 1590, .adv_w = 129, .box_w = 6, .box_h = 5, .ofs_x = 1, .ofs_y = 0},
    {.bitmap_index = 1605, .adv_w = 215, .box_w = 13, .box_h = 22, .ofs_x = 0, .ofs_y = 0},
    {.bitmap_index = 1748, .adv_w = 319, .box_w = 18, .box_h = 24, .ofs_x = 1, .ofs_y = -1},
    {.bitmap_index = 1964, .adv_w = 194, .box_w = 10, .box_h = 22, .ofs_x = 0, .ofs_y = 0},
    {.bitmap_index = 2074, .adv_w = 297, .box_w = 17, .box_h = 23, .ofs_x = 1, .ofs_y = 0},
    {.bitmap_index = 2270, .adv_w = 305, .box_w = 17, .box_h = 24, .ofs_x = 1, .ofs_y = -1},
    {.bitmap_index = 2474, .adv_w = 312, .box_w = 19, .box_h = 22, .ofs_x = 0, .ofs_y = 0},
    {.bitmap_index = 2683, .adv_w = 296, .box_w = 17, .box_h = 23, .ofs_x = 1, .ofs_y = -1},
    {.bitmap_index = 2879, .adv_w = 312, .box_w = 17, .box_h = 24, .ofs_x = 1, .ofs_y = -1},
    {.bitmap_index = 3083, .adv_w = 272, .box_w = 17, .box_h = 22, .ofs_x = 0, .ofs_y = 0},
    {.bitmap_index = 3270, .adv_w = 311, .box_w = 17, .box_h = 24, .ofs_x = 1, .ofs_y = -1},
    {.bitmap_index = 3474, .adv_w = 307, .box_w = 17, .box_h = 24, .ofs_x = 1, .ofs_y = -1},
    {.bitmap_index = 3678, .adv_w = 129, .box_w = 6, .box_h = 14, .ofs_x = 1, .ofs_y = 0},
    {.bitmap_index = 3720, .adv_w = 129, .box_w = 6, .box_h = 20, .ofs_x = 1, .ofs_y = -6},
    {.bitmap_index = 3780, .adv_w = 276, .box_w = 15, .box_h = 17, .ofs_x = 1, .ofs_y = 1},
    {.bitmap_index = 3908, .adv_w = 307, .box_w = 16, .box_h = 9, .ofs_x = 2, .ofs_y = 5},
    {.bitmap_index = 3980, .adv_w = 276, .box_w = 16, .box_h = 17, .ofs_x = 1, .ofs_y = 1},
    {.bitmap_index = 4116, .adv_w = 265, .box_w = 16, .box_h = 23, .ofs_x = 0, .ofs_y = 0},
    {.bitmap_index = 4300, .adv_w = 399, .box_w = 23, .box_h = 24, .ofs_x = 1, .ofs_y = -4},
    {.bitmap_index = 4576, .adv_w = 358, .box_w = 23, .box_h = 22, .ofs_x = 0, .ofs_y = 0},
    {.bitmap_index = 4829, .adv_w = 339, .box_w = 18, .box_h = 22, .ofs_x = 2, .ofs_y = 0},
    {.bitmap_index = 5027, .adv_w = 371, .box_w = 22, .box_h = 24, .ofs_x = 1, .ofs_y = -1},
    {.bitmap_index = 5291, .adv_w = 373, .box_w = 20, .box_h = 22, .ofs_x = 2, .ofs_y = 0},
    {.bitmap_index = 5511, .adv_w = 315, .box_w = 17, .box_h = 22, .ofs_x = 2, .ofs_y = 0},
    {.bitmap_index = 5698, .adv_w = 301, .box_w = 16, .box_h = 22, .ofs_x = 2, .ofs_y = 0},
    {.bitmap_index = 5874, .adv_w = 380, .box_w = 21, .box_h = 24, .ofs_x = 1, .ofs_y = -1},
    {.bitmap_index = 6126, .adv_w = 377, .box_w = 19, .box_h = 22, .ofs_x = 2, .ofs_y = 0},
    {.bitmap_index = 6335, .adv_w = 142, .box_w = 5, .box_h = 22, .ofs_x = 2, .ofs_y = 0},
    {.bitmap_index = 6390, .adv_w = 280, .box_w = 16, .box_h = 23, .ofs_x = 0, .ofs_y = -1},
    {.bitmap_index = 6574, .adv_w = 329, .box_w = 20, .box_h = 22, .ofs_x = 2, .ofs_y = 0},
    {.bitmap_index = 6794, .adv_w = 288, .box_w = 16, .box_h = 22, .ofs_x = 2, .ofs_y = 0},
    {.bitmap_index = 6970, .adv_w = 485, .box_w = 26, .box_h = 22, .ofs_x = 2, .ofs_y = 0},
    {.bitmap_index = 7256, .adv_w = 395, .box_w = 21, .box_h = 22, .ofs_x = 2, .ofs_y = 0},
    {.bitmap_index = 7487, .adv_w = 390, .box_w = 23, .box_h = 24, .ofs_x = 1, .ofs_y = -1},
    {.bitmap_index = 7763, .adv_w = 327, .box_w = 18, .box_h = 22, .ofs_x = 2, .ofs_y = 0},
    {.bitmap_index = 7961, .adv_w = 390, .box_w = 23, .box_h = 26, .ofs_x = 1, .ofs_y = -3},
    {.bitmap_index = 8260, .adv_w = 339, .box_w = 18, .box_h = 22, .ofs_x = 2, .ofs_y = 0},
    {.bitmap_index = 8458, .adv_w = 331, .box_w = 19, .box_h = 24, .ofs_x = 1, .ofs_y = -1},
    {.bitmap_index = 8686, .adv_w = 309, .box_w = 20, .box_h = 22, .ofs_x = 0, .ofs_y = 0},
    {.bitmap_index = 8906, .adv_w = 359, .box_w = 18, .box_h = 23, .ofs_x = 2, .ofs_y = -1},
    {.bitmap_index = 9113, .adv_w = 348, .box_w = 22, .box_h = 22, .ofs_x = 0, .ofs_y = 0},
    {.bitmap_index = 9355, .adv_w = 512, .box_w = 32, .box_h = 22, .ofs_x = 0, .ofs_y = 0},
    {.bitmap_index = 9707, .adv_w = 329, .box_w = 22, .box_h = 22, .ofs_x = -1, .ofs_y = 0},
    {.bitmap_index = 9949, .adv_w = 320, .box_w = 20, .box_h = 22, .ofs_x = 0, .ofs_y = 0},
    {.bitmap_index = 10169, .adv_w = 312, .box_w = 18, .box_h = 22, .ofs_x = 1, .ofs_y = 0},
    {.bitmap_index = 10367, .adv_w = 159, .box_w = 7, .box_h = 28, .ofs_x = 2, .ofs_y = -4},
    {.bitmap_index = 10465, .adv_w = 216, .box_w = 13, .box_h = 22, .ofs_x = 0, .ofs_y = 0},
    {.bitmap_index = 10608, .adv_w = 155, .box_w = 8, .box_h = 28, .ofs_x = 0, .ofs_y = -4},
    {.bitmap_index = 10720, .adv_w = 253, .box_w = 14, .box_h = 12, .ofs_x = 1, .ofs_y = 11},
    {.bitmap_index = 10804, .adv_w = 302, .box_w = 17, .box_h = 3, .ofs_x = 1, .ofs_y = -4},
    {.bitmap_index = 10830, .adv_w = 148, .box_w = 7, .box_h = 5, .ofs_x = 1, .ofs_y = 18},
    {.bitmap_index = 10848, .adv_w = 266, .box_w = 14, .box_h = 17, .ofs_x = 1, .ofs_y = -1},
    {.bitmap_index = 10967, .adv_w = 300, .box_w = 16, .box_h = 23, .ofs_x = 2, .ofs_y = -1},
    {.bitmap_index = 11151, .adv_w = 278, .box_w = 16, .box_h = 17, .ofs_x = 1, .ofs_y = -1},
    {.bitmap_index = 11287, .adv_w = 301, .box_w = 16, .box_h = 23, .ofs_x = 1, .ofs_y = -1},
    {.bitmap_index = 11471, .adv_w = 279, .box_w = 16, .box_h = 17, .ofs_x = 1, .ofs_y = -1},
    {.bitmap_index = 11607, .adv_w = 169, .box_w = 11, .box_h = 23, .ofs_x = 0, .ofs_y = 0},
    {.bitmap_index = 11734, .adv_w = 299, .box_w = 16, .box_h = 24, .ofs_x = 1, .ofs_y = -8},
    {.bitmap_index = 11926, .adv_w = 285, .box_w = 14, .box_h = 22, .ofs_x = 2, .ofs_y = 0},
    {.bitmap_index = 12080, .adv_w = 123, .box_w = 4, .box_h = 22, .ofs_x = 2, .ofs_y = 0},
    {.bitmap_index = 12124, .adv_w = 125, .box_w = 7, .box_h = 30, .ofs_x = -1, .ofs_y = -8},
    {.bitmap_index = 12229, .adv_w = 259, .box_w = 15, .box_h = 22, .ofs_x = 2, .ofs_y = 0},
    {.bitmap_index = 12394, .adv_w = 123, .box_w = 4, .box_h = 22, .ofs_x = 2, .ofs_y = 0},
    {.bitmap_index = 12438, .adv_w = 429, .box_w = 23, .box_h = 16, .ofs_x = 2, .ofs_y = 0},
    {.bitmap_index = 12622, .adv_w = 285, .box_w = 14, .box_h = 16, .ofs_x = 2, .ofs_y = 0},
    {.bitmap_index = 12734, .adv_w = 289, .box_w = 16, .box_h = 17, .ofs_x = 1, .ofs_y = -1},
    {.bitmap_index = 12870, .adv_w = 300, .box_w = 16, .box_h = 23, .ofs_x = 2, .ofs_y = -7},
    {.bitmap_index = 13054, .adv_w = 301, .box_w = 16, .box_h = 23, .ofs_x = 1, .ofs_y = -7},
    {.bitmap_index = 13238, .adv_w = 182, .box_w = 9, .box_h = 16, .ofs_x = 2, .ofs_y = 0},
    {.bitmap_index = 13310, .adv_w = 252, .box_w = 15, .box_h = 17, .ofs_x = 0, .ofs_y = -1},
    {.bitmap_index = 13438, .adv_w = 182, .box_w = 11, .box_h = 21, .ofs_x = 0, .ofs_y = 0},
    {.bitmap_index = 13554, .adv_w = 283, .box_w = 14, .box_h = 16, .ofs_x = 2, .ofs_y = -1},
    {.bitmap_index = 13666, .adv_w = 258, .box_w = 16, .box_h = 15, .ofs_x = 0, .ofs_y = 0},
    {.bitmap_index = 13786, .adv_w = 409, .box_w = 26, .box_h = 15, .ofs_x = 0, .ofs_y = 0},
    {.bitmap_index = 13981, .adv_w = 251, .box_w = 16, .box_h = 15, .ofs_x = 0, .ofs_y = 0},
    {.bitmap_index = 14101, .adv_w = 253, .box_w = 16, .box_h = 22, .ofs_x = 0, .ofs_y = -7},
    {.bitmap_index = 14277, .adv_w = 242, .box_w = 14, .box_h = 15, .ofs_x = 1, .ofs_y = 0},
    {.bitmap_index = 14382, .adv_w = 169, .box_w = 10, .box_h = 28, .ofs_x = 0, .ofs_y = -5},
    {.bitmap_index = 14522, .adv_w = 132, .box_w = 4, .box_h = 28, .ofs_x = 2, .ofs_y = -4},
    {.bitmap_index = 14578, .adv_w = 169, .box_w = 11, .box_h = 28, .ofs_x = 0, .ofs_y = -5},
    {.bitmap_index = 14732, .adv_w = 299, .box_w = 15, .box_h = 5, .ofs_x = 2, .ofs_y = 7},
    {.bitmap_index = 14770, .adv_w = 115, .box_w = 0, .box_h = 0, .ofs_x = 0, .ofs_y = 0},
    {.bitmap_index = 14770, .adv_w = 124, .box_w = 5, .box_h = 23, .ofs_x = 1, .ofs_y = -5},
    {.bitmap_index = 14828, .adv_w = 313, .box_w = 18, .box_h = 27, .ofs_x = 1, .ofs_y = -2},
    {.bitmap_index = 15071, .adv_w = 334, .box_w = 19, .box_h = 23, .ofs_x = 1, .ofs_y = 0},
    {.bitmap_index = 15290, .adv_w = 335, .box_w = 19, .box_h = 20, .ofs_x = 1, .ofs_y = 1},
    {.bitmap_index = 15480, .adv_w = 326, .box_w = 20, .box_h = 22, .ofs_x = 0, .ofs_y = 0},
    {.bitmap_index = 15700, .adv_w = 132, .box_w = 4, .box_h = 28, .ofs_x = 2, .ofs_y = -4},
    {.bitmap_index = 15756, .adv_w = 279, .box_w = 16, .box_h = 28, .ofs_x = 1, .ofs_y = -5},
    {.bitmap_index = 15980, .adv_w = 207, .box_w = 11, .box_h = 4, .ofs_x = 1, .ofs_y = 18},
    {.bitmap_index = 16002, .adv_w = 417, .box_w = 24, .box_h = 24, .ofs_x = 1, .ofs_y = -1},
    {.bitmap_index = 16290, .adv_w = 204, .box_w = 10, .box_h = 12, .ofs_x = 1, .ofs_y = 11},
    {.bitmap_index = 16350, .adv_w = 254, .box_w = 14, .box_h = 16, .ofs_x = 1, .ofs_y = 0},
    {.bitmap_index = 16462, .adv_w = 308, .box_w = 17, .box_h = 8, .ofs_x = 1, .ofs_y = 3},
    {.bitmap_index = 16530, .adv_w = 193, .box_w = 10, .box_h = 4, .ofs_x = 1, .ofs_y = 7},
    {.bitmap_index = 16550, .adv_w = 326, .box_w = 18, .box_h = 18, .ofs_x = 1, .ofs_y = 5},
    {.bitmap_index = 16712, .adv_w = 205, .box_w = 11, .box_h = 3, .ofs_x = 1, .ofs_y = 19},
    {.bitmap_index = 16729, .adv_w = 192, .box_w = 10, .box_h = 10, .ofs_x = 1, .ofs_y = 13},
    {.bitmap_index = 16779, .adv_w = 311, .box_w = 16, .box_h = 16, .ofs_x = 2, .ofs_y = 2},
    {.bitmap_index = 16907, .adv_w = 209, .box_w = 11, .box_h = 15, .ofs_x = 1, .ofs_y = 11},
    {.bitmap_index = 16990, .adv_w = 216, .box_w = 13, .box_h = 15, .ofs_x = 0, .ofs_y = 11},
    {.bitmap_index = 17088, .adv_w = 148, .box_w = 7, .box_h = 5, .ofs_x = 1, .ofs_y = 18},
    {.bitmap_index = 17106, .adv_w = 294, .box_w = 14, .box_h = 22, .ofs_x = 2, .ofs_y = -7},
    {.bitmap_index = 17260, .adv_w = 293, .box_w = 16, .box_h = 27, .ofs_x = 0, .ofs_y = -5},
    {.bitmap_index = 17476, .adv_w = 129, .box_w = 6, .box_h = 5, .ofs_x = 1, .ofs_y = 8},
    {.bitmap_index = 17491, .adv_w = 164, .box_w = 8, .box_h = 8, .ofs_x = 1, .ofs_y = -7},
    {.bitmap_index = 17523, .adv_w = 150, .box_w = 8, .box_h = 15, .ofs_x = 0, .ofs_y = 11},
    {.bitmap_index = 17583, .adv_w = 210, .box_w = 11, .box_h = 12, .ofs_x = 1, .ofs_y = 11},
    {.bitmap_index = 17649, .adv_w = 254, .box_w = 14, .box_h = 16, .ofs_x = 1, .ofs_y = 0},
    {.bitmap_index = 17761, .adv_w = 443, .box_w = 27, .box_h = 22, .ofs_x = 0, .ofs_y = 0},
    {.bitmap_index = 18058, .adv_w = 461, .box_w = 28, .box_h = 23, .ofs_x = 0, .ofs_y = 0},
    {.bitmap_index = 18380, .adv_w = 485, .box_w = 30, .box_h = 23, .ofs_x = 0, .ofs_y = 0},
    {.bitmap_index = 18725, .adv_w = 262, .box_w = 16, .box_h = 23, .ofs_x = 0, .ofs_y = -6},
    {.bitmap_index = 18909, .adv_w = 358, .box_w = 23, .box_h = 29, .ofs_x = 0, .ofs_y = 0},
    {.bitmap_index = 19243, .adv_w = 358, .box_w = 23, .box_h = 29, .ofs_x = 0, .ofs_y = 0},
    {.bitmap_index = 19577, .adv_w = 358, .box_w = 23, .box_h = 29, .ofs_x = 0, .ofs_y = 0},
    {.bitmap_index = 19911, .adv_w = 358, .box_w = 23, .box_h = 29, .ofs_x = 0, .ofs_y = 0},
    {.bitmap_index = 20245, .adv_w = 358, .box_w = 23, .box_h = 29, .ofs_x = 0, .ofs_y = 0},
    {.bitmap_index = 20579, .adv_w = 358, .box_w = 23, .box_h = 30, .ofs_x = 0, .ofs_y = 0},
    {.bitmap_index = 20924, .adv_w = 473, .box_w = 30, .box_h = 22, .ofs_x = -1, .ofs_y = 0},
    {.bitmap_index = 21254, .adv_w = 371, .box_w = 22, .box_h = 31, .ofs_x = 1, .ofs_y = -8},
    {.bitmap_index = 21595, .adv_w = 315, .box_w = 17, .box_h = 29, .ofs_x = 2, .ofs_y = 0},
    {.bitmap_index = 21842, .adv_w = 315, .box_w = 17, .box_h = 29, .ofs_x = 2, .ofs_y = 0},
    {.bitmap_index = 22089, .adv_w = 315, .box_w = 17, .box_h = 29, .ofs_x = 2, .ofs_y = 0},
    {.bitmap_index = 22336, .adv_w = 315, .box_w = 17, .box_h = 29, .ofs_x = 2, .ofs_y = 0},
    {.bitmap_index = 22583, .adv_w = 142, .box_w = 7, .box_h = 29, .ofs_x = 0, .ofs_y = 0},
    {.bitmap_index = 22685, .adv_w = 142, .box_w = 8, .box_h = 29, .ofs_x = 2, .ofs_y = 0},
    {.bitmap_index = 22801, .adv_w = 142, .box_w = 11, .box_h = 29, .ofs_x = -1, .ofs_y = 0},
    {.bitmap_index = 22961, .adv_w = 142, .box_w = 11, .box_h = 29, .ofs_x = -1, .ofs_y = 0},
    {.bitmap_index = 23121, .adv_w = 377, .box_w = 23, .box_h = 22, .ofs_x = 0, .ofs_y = 0},
    {.bitmap_index = 23374, .adv_w = 395, .box_w = 21, .box_h = 29, .ofs_x = 2, .ofs_y = 0},
    {.bitmap_index = 23679, .adv_w = 390, .box_w = 23, .box_h = 30, .ofs_x = 1, .ofs_y = -1},
    {.bitmap_index = 24024, .adv_w = 390, .box_w = 23, .box_h = 30, .ofs_x = 1, .ofs_y = -1},
    {.bitmap_index = 24369, .adv_w = 390, .box_w = 23, .box_h = 31, .ofs_x = 1, .ofs_y = -1},
    {.bitmap_index = 24726, .adv_w = 390, .box_w = 23, .box_h = 30, .ofs_x = 1, .ofs_y = -1},
    {.bitmap_index = 25071, .adv_w = 390, .box_w = 23, .box_h = 30, .ofs_x = 1, .ofs_y = -1},
    {.bitmap_index = 25416, .adv_w = 279, .box_w = 16, .box_h = 15, .ofs_x = 1, .ofs_y = 2},
    {.bitmap_index = 25536, .adv_w = 390, .box_w = 23, .box_h = 26, .ofs_x = 1, .ofs_y = -2},
    {.bitmap_index = 25835, .adv_w = 359, .box_w = 18, .box_h = 30, .ofs_x = 2, .ofs_y = -1},
    {.bitmap_index = 26105, .adv_w = 359, .box_w = 18, .box_h = 30, .ofs_x = 2, .ofs_y = -1},
    {.bitmap_index = 26375, .adv_w = 359, .box_w = 18, .box_h = 31, .ofs_x = 2, .ofs_y = -1},
    {.bitmap_index = 26654, .adv_w = 359, .box_w = 18, .box_h = 30, .ofs_x = 2, .ofs_y = -1},
    {.bitmap_index = 26924, .adv_w = 320, .box_w = 20, .box_h = 29, .ofs_x = 0, .ofs_y = 0},
    {.bitmap_index = 27214, .adv_w = 329, .box_w = 18, .box_h = 22, .ofs_x = 2, .ofs_y = 0},
    {.bitmap_index = 27412, .adv_w = 301, .box_w = 16, .box_h = 24, .ofs_x = 2, .ofs_y = -1},
    {.bitmap_index = 27604, .adv_w = 266, .box_w = 14, .box_h = 23, .ofs_x = 1, .ofs_y = -1},
    {.bitmap_index = 27765, .adv_w = 266, .box_w = 14, .box_h = 23, .ofs_x = 1, .ofs_y = -1},
    {.bitmap_index = 27926, .adv_w = 266, .box_w = 14, .box_h = 23, .ofs_x = 1, .ofs_y = -1},
    {.bitmap_index = 28087, .adv_w = 266, .box_w = 14, .box_h = 23, .ofs_x = 1, .ofs_y = -1},
    {.bitmap_index = 28248, .adv_w = 266, .box_w = 14, .box_h = 23, .ofs_x = 1, .ofs_y = -1},
    {.bitmap_index = 28409, .adv_w = 266, .box_w = 14, .box_h = 24, .ofs_x = 1, .ofs_y = -1},
    {.bitmap_index = 28577, .adv_w = 442, .box_w = 26, .box_h = 17, .ofs_x = 1, .ofs_y = -1},
    {.bitmap_index = 28798, .adv_w = 278, .box_w = 16, .box_h = 24, .ofs_x = 1, .ofs_y = -8},
    {.bitmap_index = 28990, .adv_w = 279, .box_w = 16, .box_h = 23, .ofs_x = 1, .ofs_y = -1},
    {.bitmap_index = 29174, .adv_w = 279, .box_w = 16, .box_h = 23, .ofs_x = 1, .ofs_y = -1},
    {.bitmap_index = 29358, .adv_w = 279, .box_w = 16, .box_h = 23, .ofs_x = 1, .ofs_y = -1},
    {.bitmap_index = 29542, .adv_w = 279, .box_w = 16, .box_h = 23, .ofs_x = 1, .ofs_y = -1},
    {.bitmap_index = 29726, .adv_w = 123, .box_w = 7, .box_h = 22, .ofs_x = -1, .ofs_y = 0},
    {.bitmap_index = 29803, .adv_w = 123, .box_w = 7, .box_h = 22, .ofs_x = 2, .ofs_y = 0},
    {.bitmap_index = 29880, .adv_w = 123, .box_w = 12, .box_h = 22, .ofs_x = -2, .ofs_y = 0},
    {.bitmap_index = 30012, .adv_w = 123, .box_w = 11, .box_h = 22, .ofs_x = -2, .ofs_y = 0},
    {.bitmap_index = 30133, .adv_w = 291, .box_w = 16, .box_h = 24, .ofs_x = 1, .ofs_y = -1},
    {.bitmap_index = 30325, .adv_w = 285, .box_w = 14, .box_h = 22, .ofs_x = 2, .ofs_y = 0},
    {.bitmap_index = 30479, .adv_w = 289, .box_w = 16, .box_h = 23, .ofs_x = 1, .ofs_y = -1},
    {.bitmap_index = 30663, .adv_w = 289, .box_w = 16, .box_h = 23, .ofs_x = 1, .ofs_y = -1},
    {.bitmap_index = 30847, .adv_w = 289, .box_w = 16, .box_h = 23, .ofs_x = 1, .ofs_y = -1},
    {.bitmap_index = 31031, .adv_w = 289, .box_w = 16, .box_h = 23, .ofs_x = 1, .ofs_y = -1},
    {.bitmap_index = 31215, .adv_w = 289, .box_w = 16, .box_h = 23, .ofs_x = 1, .ofs_y = -1},
    {.bitmap_index = 31399, .adv_w = 294, .box_w = 16, .box_h = 16, .ofs_x = 1, .ofs_y = 2},
    {.bitmap_index = 31527, .adv_w = 289, .box_w = 16, .box_h = 19, .ofs_x = 1, .ofs_y = -2},
    {.bitmap_index = 31679, .adv_w = 283, .box_w = 14, .box_h = 23, .ofs_x = 2, .ofs_y = -1},
    {.bitmap_index = 31840, .adv_w = 283, .box_w = 14, .box_h = 23, .ofs_x = 2, .ofs_y = -1},
    {.bitmap_index = 32001, .adv_w = 283, .box_w = 14, .box_h = 23, .ofs_x = 2, .ofs_y = -1},
    {.bitmap_index = 32162, .adv_w = 283, .box_w = 14, .box_h = 23, .ofs_x = 2, .ofs_y = -1},
    {.bitmap_index = 32323, .adv_w = 253, .box_w = 16, .box_h = 29, .ofs_x = 0, .ofs_y = -7},
    {.bitmap_index = 32555, .adv_w = 300, .box_w = 16, .box_h = 29, .ofs_x = 2, .ofs_y = -7},
    {.bitmap_index = 32787, .adv_w = 253, .box_w = 16, .box_h = 29, .ofs_x = 0, .ofs_y = -7},
    {.bitmap_index = 33019, .adv_w = 284, .box_w = 15, .box_h = 4, .ofs_x = 1, .ofs_y = 7},
    {.bitmap_index = 33049, .adv_w = 424, .box_w = 24, .box_h = 4, .ofs_x = 1, .ofs_y = 7},
    {.bitmap_index = 33097, .adv_w = 121, .box_w = 5, .box_h = 10, .ofs_x = 1, .ofs_y = 14},
    {.bitmap_index = 33122, .adv_w = 118, .box_w = 5, .box_h = 10, .ofs_x = 1, .ofs_y = 12},
    {.bitmap_index = 33147, .adv_w = 218, .box_w = 11, .box_h = 10, .ofs_x = 1, .ofs_y = 14},
    {.bitmap_index = 33202, .adv_w = 214, .box_w = 11, .box_h = 10, .ofs_x = 1, .ofs_y = 12},
    {.bitmap_index = 33257, .adv_w = 380, .box_w = 21, .box_h = 5, .ofs_x = 1, .ofs_y = 0}
};

/*---------------------
 *  CHARACTER MAPPING
 *--------------------*/

static const uint16_t unicode_list_2[] = {
    0x0, 0x1, 0x5, 0x6, 0x9, 0xa, 0x13
};

/*Collect the unicode lists and glyph_id offsets*/
static const lv_font_fmt_txt_cmap_t cmaps[] =
{
    {
        .range_start = 32, .range_length = 95, .glyph_id_start = 1,
        .unicode_list = NULL, .glyph_id_ofs_list = NULL, .list_length = 0, .type = LV_FONT_FMT_TXT_CMAP_FORMAT0_TINY
    },
    {
        .range_start = 160, .range_length = 96, .glyph_id_start = 96,
        .unicode_list = NULL, .glyph_id_ofs_list = NULL, .list_length = 0, .type = LV_FONT_FMT_TXT_CMAP_FORMAT0_TINY
    },
    {
        .range_start = 8211, .range_length = 20, .glyph_id_start = 192,
        .unicode_list = unicode_list_2, .glyph_id_ofs_list = NULL, .list_length = 7, .type = LV_FONT_FMT_TXT_CMAP_SPARSE_TINY
    }
};



/*--------------------
 *  ALL CUSTOM DATA
 *--------------------*/

#if LVGL_VERSION_MAJOR == 8
/*Store all the custom data of the font*/
static  lv_font_fmt_txt_glyph_cache_t cache;
#endif

#if LVGL_VERSION_MAJOR >= 8
static const lv_font_fmt_txt_dsc_t font_dsc = {
#else
static lv_font_fmt_txt_dsc_t font_dsc = {
#endif
    .glyph_bitmap = glyph_bitmap,
    .glyph_dsc = glyph_dsc,
    .cmaps = cmaps,
    .kern_dsc = NULL,
    .kern_scale = 0,
    .cmap_num = 3,
    .bpp = 4,
    .kern_classes = 0,
    .bitmap_format = 0,
#if LVGL_VERSION_MAJOR == 8
    .cache = &cache
#endif
};



/*-----------------
 *  PUBLIC FONT
 *----------------*/

/*Initialize a public general font descriptor*/
#if LVGL_VERSION_MAJOR >= 8
const lv_font_t diatype_medium_32 = {
#else
lv_font_t diatype_medium_32 = {
#endif
    .get_glyph_dsc = lv_font_get_glyph_dsc_fmt_txt,    /*Function pointer to get glyph's data*/
    .get_glyph_bitmap = lv_font_get_bitmap_fmt_txt,    /*Function pointer to get glyph's bitmap*/
    .line_height = 38,          /*The maximum line height required by the font*/
    .base_line = 8,             /*Baseline measured from the bottom of the line*/
#if !(LVGL_VERSION_MAJOR == 6 && LVGL_VERSION_MINOR == 0)
    .subpx = LV_FONT_SUBPX_NONE,
#endif
#if LV_VERSION_CHECK(7, 4, 0) || LVGL_VERSION_MAJOR >= 8
    .underline_position = -3,
    .underline_thickness = 2,
#endif
    .dsc = &font_dsc,          /*The custom font data. Will be accessed by `get_glyph_bitmap/dsc` */
#if LV_VERSION_CHECK(8, 2, 0) || LVGL_VERSION_MAJOR >= 9
    .fallback = NULL,
#endif
    .user_data = NULL,
};



#endif /*#if DIATYPE_MEDIUM_32*/

