/*******************************************************************************
 * Size: 19 px
 * Bpp: 4
 * Opts: --font /Users/micahsimrose/Library/Fonts/ABCDiatypeEdu-Medium.otf --size 19 --bpp 4 -r 0x20-0x7F,0xA0-0xFF,0x2013-0x2014,0x2018-0x2019,0x201C-0x201D,0x2026,0x2039-0x203A --no-compress --format lvgl -o diatype_medium_19.c
 ******************************************************************************/

#ifdef LV_LVGL_H_INCLUDE_SIMPLE
#include "lvgl.h"
#else
#include "lvgl/lvgl.h"
#endif

#ifndef DIATYPE_MEDIUM_19
#define DIATYPE_MEDIUM_19 1
#endif

#if DIATYPE_MEDIUM_19

/*-----------------
 *    BITMAPS
 *----------------*/

/*Store the image of the glyphs*/
static LV_ATTRIBUTE_LARGE_CONST const uint8_t glyph_bitmap[] = {
    /* U+0020 " " */

    /* U+0021 "!" */
    0x9f, 0x89, 0xf8, 0x9f, 0x89, 0xf8, 0x9f, 0x78,
    0xf6, 0x6f, 0x44, 0xf2, 0x3f, 0x11, 0xf0, 0x0,
    0x7, 0x95, 0xcf, 0xac, 0xfa,

    /* U+0022 "\"" */
    0xf, 0xe0, 0xdf, 0x0, 0xfe, 0xd, 0xf0, 0xf,
    0xd0, 0xcf, 0x0, 0xdb, 0xb, 0xe0, 0xb, 0x80,
    0x8b, 0x0,

    /* U+0023 "#" */
    0x0, 0x0, 0xf9, 0x0, 0xeb, 0x0, 0x0, 0x2,
    0xf7, 0x0, 0xf9, 0x0, 0x0, 0x4, 0xf5, 0x2,
    0xf7, 0x0, 0x0, 0x6, 0xf3, 0x4, 0xf5, 0x0,
    0xb, 0xff, 0xff, 0xff, 0xff, 0xf5, 0x6, 0x9e,
    0xf9, 0x9d, 0xf9, 0x93, 0x0, 0xd, 0xc0, 0xa,
    0xf0, 0x0, 0x0, 0xf, 0xa0, 0xc, 0xd0, 0x0,
    0x39, 0x9f, 0xd9, 0x9f, 0xe9, 0x60, 0x5f, 0xff,
    0xff, 0xff, 0xff, 0xb0, 0x0, 0x5f, 0x40, 0x3f,
    0x60, 0x0, 0x0, 0x7f, 0x20, 0x5f, 0x40, 0x0,
    0x0, 0x9f, 0x0, 0x7f, 0x20, 0x0, 0x0, 0xbe,
    0x0, 0x9f, 0x0, 0x0,

    /* U+0024 "$" */
    0x0, 0x0, 0x7, 0x50, 0x0, 0x0, 0x0, 0x0,
    0xea, 0x0, 0x0, 0x0, 0x1, 0x5f, 0xc3, 0x0,
    0x0, 0x7, 0xff, 0xff, 0xfb, 0x10, 0x6, 0xfe,
    0x8e, 0xde, 0xfb, 0x0, 0xdf, 0x30, 0xea, 0x1f,
    0xf2, 0xf, 0xf0, 0xe, 0xa0, 0xbf, 0x60, 0xcf,
    0x70, 0xea, 0x0, 0x0, 0x4, 0xff, 0xcf, 0xb0,
    0x0, 0x0, 0x5, 0xef, 0xff, 0xe8, 0x0, 0x0,
    0x0, 0x4f, 0xff, 0xfc, 0x0, 0x0, 0x0, 0xea,
    0x3d, 0xf7, 0x4f, 0xb0, 0xe, 0xa0, 0x5f, 0xa1,
    0xfe, 0x0, 0xea, 0x5, 0xf9, 0xb, 0xfb, 0xe,
    0xa3, 0xdf, 0x50, 0x2e, 0xff, 0xff, 0xff, 0xa0,
    0x0, 0x19, 0xdf, 0xfc, 0x60, 0x0, 0x0, 0x0,
    0xea, 0x0, 0x0, 0x0, 0x0, 0xe, 0xa0, 0x0,
    0x0,

    /* U+0025 "%" */
    0x3, 0xcf, 0xd4, 0x0, 0x0, 0x2f, 0xc0, 0x1,
    0xee, 0x8d, 0xf2, 0x0, 0xc, 0xf2, 0x0, 0x5f,
    0x60, 0x3f, 0x70, 0x8, 0xf6, 0x0, 0x6, 0xf4,
    0x2, 0xf8, 0x3, 0xfb, 0x0, 0x0, 0x2f, 0xc4,
    0xaf, 0x40, 0xde, 0x10, 0x0, 0x0, 0x7f, 0xff,
    0x90, 0x9f, 0x50, 0x0, 0x0, 0x0, 0x14, 0x20,
    0x4f, 0x90, 0x0, 0x0, 0x0, 0x0, 0x0, 0x1e,
    0xe0, 0x0, 0x0, 0x0, 0x0, 0x0, 0xa, 0xf4,
    0xa, 0xff, 0xc2, 0x0, 0x0, 0x5, 0xf8, 0x8,
    0xf9, 0x7f, 0xc0, 0x0, 0x1, 0xed, 0x0, 0xde,
    0x0, 0xaf, 0x10, 0x0, 0xbf, 0x30, 0xc, 0xe0,
    0xa, 0xf0, 0x0, 0x6f, 0x70, 0x0, 0x7f, 0x97,
    0xfb, 0x0, 0x2f, 0xc0, 0x0, 0x0, 0x8e, 0xea,
    0x10,

    /* U+0026 "&" */
    0x0, 0x5, 0xcf, 0xe8, 0x0, 0x0, 0x0, 0x5,
    0xff, 0xdf, 0xfa, 0x0, 0x0, 0x0, 0xcf, 0x80,
    0x2f, 0xf0, 0x0, 0x0, 0xc, 0xf4, 0x0, 0xff,
    0x0, 0x0, 0x0, 0x7f, 0xb0, 0x8f, 0xb0, 0x0,
    0x0, 0x0, 0xdf, 0xcf, 0xc1, 0x0, 0x0, 0x0,
    0xa, 0xff, 0xc0, 0x1, 0x10, 0x0, 0x1c, 0xfc,
    0xff, 0x30, 0xaf, 0x60, 0xb, 0xf9, 0x5, 0xfe,
    0x2c, 0xf3, 0x2, 0xff, 0x0, 0x7, 0xfd, 0xfe,
    0x0, 0x3f, 0xe0, 0x0, 0xa, 0xff, 0x70, 0x0,
    0xff, 0x60, 0x1, 0xaf, 0xfa, 0x0, 0x6, 0xff,
    0xed, 0xff, 0xbe, 0xf6, 0x0, 0x4, 0xbe, 0xeb,
    0x60, 0x4f, 0xf3,

    /* U+0027 "'" */
    0xf, 0xe0, 0xfe, 0xf, 0xd0, 0xdb, 0xb, 0x80,

    /* U+0028 "(" */
    0x0, 0x1e, 0xd0, 0x0, 0x8f, 0x50, 0x0, 0xfe,
    0x0, 0x6, 0xf8, 0x0, 0xa, 0xf3, 0x0, 0xe,
    0xf0, 0x0, 0xf, 0xd0, 0x0, 0x1f, 0xc0, 0x0,
    0x2f, 0xc0, 0x0, 0x1f, 0xc0, 0x0, 0xf, 0xe0,
    0x0, 0xe, 0xf0, 0x0, 0xa, 0xf4, 0x0, 0x6,
    0xf8, 0x0, 0x0, 0xff, 0x0, 0x0, 0x8f, 0x70,
    0x0, 0xe, 0xe0,

    /* U+0029 ")" */
    0x6f, 0x70, 0x0, 0xef, 0x10, 0x7, 0xf7, 0x0,
    0x1f, 0xe0, 0x0, 0xcf, 0x20, 0x8, 0xf6, 0x0,
    0x5f, 0x80, 0x4, 0xf9, 0x0, 0x3f, 0xa0, 0x4,
    0xf9, 0x0, 0x5f, 0x80, 0x8, 0xf6, 0x0, 0xbf,
    0x20, 0xf, 0xe0, 0x6, 0xf8, 0x0, 0xdf, 0x10,
    0x5f, 0x70, 0x0,

    /* U+002A "*" */
    0x0, 0x40, 0x22, 0x0, 0x2f, 0x4c, 0xa0, 0x0,
    0x8e, 0xf2, 0x4, 0xff, 0xff, 0xfd, 0x13, 0x9f,
    0xf4, 0x20, 0x1e, 0x6d, 0x80, 0x0, 0x70, 0x44,
    0x0,

    /* U+002B "+" */
    0x0, 0x0, 0x9c, 0x0, 0x0, 0x0, 0x0, 0xbf,
    0x0, 0x0, 0x0, 0x0, 0xbf, 0x0, 0x0, 0x0,
    0x0, 0xbf, 0x0, 0x0, 0x4c, 0xcc, 0xff, 0xcc,
    0xc8, 0x5f, 0xff, 0xff, 0xff, 0xfa, 0x0, 0x0,
    0xbf, 0x0, 0x0, 0x0, 0x0, 0xbf, 0x0, 0x0,
    0x0, 0x0, 0xbf, 0x0, 0x0, 0x0, 0x0, 0xbf,
    0x0, 0x0,

    /* U+002C "," */
    0x9a, 0x7d, 0xfa, 0xdf, 0xa0, 0xa9, 0x1e, 0x6d,
    0xc0, 0x30, 0x0,

    /* U+002D "-" */
    0xdf, 0xff, 0xf0, 0xdf, 0xff, 0xf0,

    /* U+002E "." */
    0x9a, 0x6d, 0xfa, 0xdf, 0xa0,

    /* U+002F "/" */
    0x0, 0x0, 0x9, 0xf4, 0x0, 0x0, 0xe, 0xe0,
    0x0, 0x0, 0x4f, 0x90, 0x0, 0x0, 0xaf, 0x30,
    0x0, 0x0, 0xfd, 0x0, 0x0, 0x6, 0xf7, 0x0,
    0x0, 0xc, 0xf2, 0x0, 0x0, 0x2f, 0xc0, 0x0,
    0x0, 0x7f, 0x60, 0x0, 0x0, 0xdf, 0x0, 0x0,
    0x3, 0xfa, 0x0, 0x0, 0x9, 0xf4, 0x0, 0x0,
    0xe, 0xe0, 0x0, 0x0, 0x4f, 0x90, 0x0, 0x0,

    /* U+0030 "0" */
    0x0, 0x3, 0xae, 0xda, 0x20, 0x0, 0x5, 0xff,
    0xee, 0xff, 0x40, 0x1, 0xff, 0x50, 0x7, 0xfe,
    0x0, 0x7f, 0x90, 0x0, 0xb, 0xf5, 0xc, 0xf4,
    0x0, 0x0, 0x6f, 0xa0, 0xef, 0x10, 0x0, 0x3,
    0xfc, 0xf, 0xf0, 0x0, 0x0, 0x2f, 0xe0, 0xff,
    0x0, 0x0, 0x2, 0xfe, 0xe, 0xf1, 0x0, 0x0,
    0x3f, 0xc0, 0xcf, 0x40, 0x0, 0x6, 0xfa, 0x8,
    0xf9, 0x0, 0x0, 0xbf, 0x60, 0x1f, 0xf5, 0x0,
    0x6f, 0xe0, 0x0, 0x6f, 0xfe, 0xef, 0xf4, 0x0,
    0x0, 0x4a, 0xee, 0xa3, 0x0,

    /* U+0031 "1" */
    0x0, 0x5, 0xf9, 0x0, 0x1e, 0xf9, 0x16, 0xef,
    0xf9, 0x8f, 0xfa, 0xf9, 0x7b, 0x37, 0xf9, 0x0,
    0x7, 0xf9, 0x0, 0x7, 0xf9, 0x0, 0x7, 0xf9,
    0x0, 0x7, 0xf9, 0x0, 0x7, 0xf9, 0x0, 0x7,
    0xf9, 0x0, 0x7, 0xf9, 0x0, 0x7, 0xf9, 0x0,
    0x7, 0xf9,

    /* U+0032 "2" */
    0x0, 0x8, 0xcf, 0xd9, 0x10, 0x0, 0xd, 0xff,
    0xde, 0xff, 0x10, 0x8, 0xfd, 0x10, 0xa, 0xfa,
    0x0, 0xdf, 0x50, 0x0, 0x2f, 0xe0, 0xf, 0xf1,
    0x0, 0x1, 0xff, 0x0, 0x11, 0x0, 0x0, 0x6f,
    0xc0, 0x0, 0x0, 0x0, 0x3e, 0xf4, 0x0, 0x0,
    0x0, 0x4f, 0xf9, 0x0, 0x0, 0x0, 0x7f, 0xf8,
    0x0, 0x0, 0x0, 0xaf, 0xf5, 0x0, 0x0, 0x0,
    0xbf, 0xd2, 0x0, 0x0, 0x0, 0x8f, 0xd0, 0x0,
    0x0, 0x0, 0xf, 0xff, 0xff, 0xff, 0xff, 0x22,
    0xff, 0xff, 0xff, 0xff, 0xf2,

    /* U+0033 "3" */
    0x0, 0x19, 0xdf, 0xeb, 0x40, 0x0, 0x2f, 0xff,
    0xcf, 0xff, 0x60, 0xb, 0xfa, 0x0, 0x6, 0xfe,
    0x0, 0xbb, 0x10, 0x0, 0xf, 0xf1, 0x0, 0x0,
    0x0, 0x17, 0xfc, 0x0, 0x0, 0x3, 0xdf, 0xfa,
    0x10, 0x0, 0x0, 0x3f, 0xff, 0x90, 0x0, 0x0,
    0x0, 0x2, 0xaf, 0xc0, 0x0, 0x0, 0x0, 0x0,
    0xdf, 0x31, 0xcb, 0x0, 0x0, 0xa, 0xf6, 0xf,
    0xf2, 0x0, 0x0, 0xdf, 0x40, 0xaf, 0xb1, 0x0,
    0x7f, 0xe0, 0x1, 0xef, 0xfc, 0xef, 0xf4, 0x0,
    0x1, 0x9d, 0xfd, 0xa2, 0x0,

    /* U+0034 "4" */
    0x0, 0x0, 0x4, 0xff, 0xa0, 0x0, 0x0, 0x0,
    0xe, 0xff, 0xa0, 0x0, 0x0, 0x0, 0x8f, 0xcf,
    0xa0, 0x0, 0x0, 0x2, 0xfc, 0x5f, 0xa0, 0x0,
    0x0, 0xc, 0xf3, 0x5f, 0xa0, 0x0, 0x0, 0x6f,
    0x90, 0x5f, 0xa0, 0x0, 0x1, 0xee, 0x0, 0x5f,
    0xa0, 0x0, 0xa, 0xf5, 0x0, 0x5f, 0xa0, 0x0,
    0x4f, 0xb0, 0x0, 0x5f, 0xa0, 0x0, 0x8f, 0xff,
    0xff, 0xff, 0xff, 0xf1, 0x7d, 0xdd, 0xdd, 0xef,
    0xfd, 0xd1, 0x0, 0x0, 0x0, 0x5f, 0xa0, 0x0,
    0x0, 0x0, 0x0, 0x5f, 0xa0, 0x0, 0x0, 0x0,
    0x0, 0x5f, 0xa0, 0x0,

    /* U+0035 "5" */
    0x1, 0xff, 0xff, 0xff, 0xf8, 0x0, 0x3f, 0xff,
    0xff, 0xff, 0x80, 0x5, 0xf6, 0x0, 0x0, 0x0,
    0x0, 0x7f, 0x40, 0x0, 0x0, 0x0, 0x9, 0xf2,
    0x9d, 0xea, 0x20, 0x0, 0xbf, 0xdf, 0xdf, 0xfe,
    0x20, 0xe, 0xfc, 0x10, 0xb, 0xfb, 0x0, 0x77,
    0x10, 0x0, 0x1f, 0xf0, 0x0, 0x0, 0x0, 0x0,
    0xdf, 0x30, 0x44, 0x0, 0x0, 0xe, 0xf2, 0x1f,
    0xf0, 0x0, 0x2, 0xff, 0x0, 0xcf, 0x90, 0x1,
    0xcf, 0x90, 0x2, 0xff, 0xed, 0xff, 0xd1, 0x0,
    0x1, 0xad, 0xfc, 0x80, 0x0,

    /* U+0036 "6" */
    0x0, 0x2, 0xae, 0xfd, 0x81, 0x0, 0x3, 0xef,
    0xed, 0xff, 0xc0, 0x0, 0xef, 0x50, 0x1, 0xdf,
    0x50, 0x6f, 0x80, 0x0, 0x2, 0x42, 0xc, 0xf2,
    0x39, 0xb8, 0x20, 0x0, 0xef, 0x5f, 0xff, 0xff,
    0x50, 0xf, 0xff, 0x81, 0x19, 0xfe, 0x11, 0xff,
    0xa0, 0x0, 0xc, 0xf6, 0xf, 0xf5, 0x0, 0x0,
    0x8f, 0x80, 0xdf, 0x50, 0x0, 0x8, 0xf8, 0x9,
    0xf8, 0x0, 0x0, 0xbf, 0x50, 0x2f, 0xf3, 0x0,
    0x5f, 0xe0, 0x0, 0x6f, 0xfd, 0xdf, 0xf4, 0x0,
    0x0, 0x4c, 0xfe, 0xa2, 0x0,

    /* U+0037 "7" */
    0x9f, 0xff, 0xff, 0xff, 0xfa, 0x9f, 0xff, 0xff,
    0xff, 0xfa, 0x0, 0x0, 0x0, 0xa, 0xf5, 0x0,
    0x0, 0x0, 0x8f, 0x90, 0x0, 0x0, 0x5, 0xfd,
    0x0, 0x0, 0x0, 0xe, 0xf4, 0x0, 0x0, 0x0,
    0x7f, 0xb0, 0x0, 0x0, 0x0, 0xef, 0x40, 0x0,
    0x0, 0x4, 0xff, 0x0, 0x0, 0x0, 0x9, 0xfa,
    0x0, 0x0, 0x0, 0xe, 0xf6, 0x0, 0x0, 0x0,
    0x1f, 0xf3, 0x0, 0x0, 0x0, 0x3f, 0xf1, 0x0,
    0x0, 0x0, 0x5f, 0xf0, 0x0, 0x0,

    /* U+0038 "8" */
    0x0, 0x18, 0xdf, 0xeb, 0x50, 0x0, 0x1e, 0xfe,
    0xcd, 0xff, 0x80, 0x9, 0xfa, 0x0, 0x3, 0xff,
    0x10, 0xbf, 0x50, 0x0, 0xc, 0xf3, 0x6, 0xfc,
    0x30, 0x6, 0xfe, 0x0, 0x6, 0xef, 0xff, 0xfc,
    0x20, 0x0, 0x4d, 0xff, 0xff, 0x91, 0x0, 0x4f,
    0xe4, 0x2, 0x9f, 0xc0, 0xd, 0xf3, 0x0, 0x0,
    0xbf, 0x60, 0xff, 0x0, 0x0, 0x7, 0xf9, 0xf,
    0xf2, 0x0, 0x0, 0x9f, 0x80, 0xbf, 0xb1, 0x0,
    0x4f, 0xf4, 0x2, 0xff, 0xfc, 0xdf, 0xf9, 0x0,
    0x1, 0x9d, 0xfe, 0xb5, 0x0,

    /* U+0039 "9" */
    0x0, 0x8, 0xdf, 0xd8, 0x0, 0x0, 0x1e, 0xfe,
    0xce, 0xfb, 0x0, 0xa, 0xfb, 0x0, 0xa, 0xf8,
    0x0, 0xff, 0x10, 0x0, 0xf, 0xe0, 0x1f, 0xf0,
    0x0, 0x0, 0xef, 0x30, 0xff, 0x30, 0x0, 0x2f,
    0xf5, 0x9, 0xfd, 0x30, 0x3d, 0xff, 0x60, 0x1d,
    0xff, 0xff, 0xc9, 0xf6, 0x0, 0x6, 0xaa, 0x60,
    0x9f, 0x50, 0x0, 0x0, 0x0, 0xc, 0xf3, 0xc,
    0xe3, 0x0, 0x1, 0xfd, 0x0, 0xaf, 0xa0, 0x0,
    0xcf, 0x70, 0x1, 0xef, 0xec, 0xff, 0xa0, 0x0,
    0x1, 0xad, 0xfd, 0x80, 0x0,

    /* U+003A ":" */
    0xdf, 0xad, 0xfa, 0x9a, 0x60, 0x0, 0x0, 0x0,
    0x0, 0x9a, 0x6d, 0xfa, 0xdf, 0xa0,

    /* U+003B ";" */
    0xdf, 0xad, 0xfa, 0x9a, 0x60, 0x0, 0x0, 0x0,
    0x0, 0x9a, 0x6d, 0xfa, 0xdf, 0xa0, 0xa9, 0x1e,
    0x6d, 0xc0, 0x30, 0x0,

    /* U+003C "<" */
    0x0, 0x0, 0x0, 0x1, 0x80, 0x0, 0x0, 0x3,
    0xaf, 0xf1, 0x0, 0x4, 0xbf, 0xff, 0x90, 0x6,
    0xdf, 0xfd, 0x60, 0x0, 0x5f, 0xfa, 0x40, 0x0,
    0x0, 0x5f, 0xfa, 0x30, 0x0, 0x0, 0x7, 0xef,
    0xfd, 0x60, 0x0, 0x0, 0x5, 0xcf, 0xff, 0x90,
    0x0, 0x0, 0x3, 0xaf, 0xf1, 0x0, 0x0, 0x0,
    0x1, 0x80,

    /* U+003D "=" */
    0x9c, 0xcc, 0xcc, 0xcc, 0xc3, 0xbf, 0xff, 0xff,
    0xff, 0xf4, 0x0, 0x0, 0x0, 0x0, 0x0, 0x0,
    0x0, 0x0, 0x0, 0x0, 0x9c, 0xcc, 0xcc, 0xcc,
    0xc3, 0xbf, 0xff, 0xff, 0xff, 0xf4,

    /* U+003E ">" */
    0x82, 0x0, 0x0, 0x0, 0xd, 0xfb, 0x40, 0x0,
    0x0, 0x7e, 0xff, 0xd6, 0x0, 0x0, 0x5, 0xbf,
    0xfe, 0x81, 0x0, 0x0, 0x28, 0xef, 0xa0, 0x0,
    0x2, 0x8e, 0xfa, 0x0, 0x5b, 0xff, 0xf9, 0x27,
    0xef, 0xfd, 0x70, 0x0, 0xdf, 0xc5, 0x0, 0x0,
    0x8, 0x30, 0x0, 0x0, 0x0,

    /* U+003F "?" */
    0x0, 0x3b, 0xee, 0xc4, 0x0, 0x5, 0xff, 0xdd,
    0xff, 0x60, 0x1e, 0xf6, 0x0, 0x5f, 0xf0, 0x4f,
    0xd0, 0x0, 0xe, 0xf2, 0x39, 0x60, 0x0, 0x1f,
    0xf1, 0x0, 0x0, 0x0, 0xcf, 0xa0, 0x0, 0x0,
    0x1c, 0xfc, 0x0, 0x0, 0x0, 0xbf, 0xb0, 0x0,
    0x0, 0x2, 0xfe, 0x10, 0x0, 0x0, 0x4, 0xfb,
    0x0, 0x0, 0x0, 0x0, 0x0, 0x0, 0x0, 0x0,
    0x4, 0x98, 0x0, 0x0, 0x0, 0x8, 0xfe, 0x0,
    0x0, 0x0, 0x8, 0xfe, 0x0, 0x0,

    /* U+0040 "@" */
    0x0, 0x0, 0x2, 0x79, 0x85, 0x10, 0x0, 0x0,
    0x0, 0xa, 0xff, 0xff, 0xff, 0x70, 0x0, 0x0,
    0x2e, 0xfa, 0x41, 0x14, 0xcf, 0xa0, 0x0, 0xb,
    0xf5, 0x0, 0x0, 0x1, 0xaf, 0x40, 0x5, 0xf9,
    0x3, 0xdf, 0xcd, 0xc1, 0xfc, 0x0, 0xbf, 0x1,
    0xfc, 0x5a, 0xfa, 0xb, 0xf0, 0xe, 0xd0, 0x8f,
    0x40, 0x3f, 0x90, 0x8f, 0x10, 0xfa, 0xa, 0xf0,
    0x0, 0xf7, 0x9, 0xf0, 0xe, 0xb0, 0xbf, 0x10,
    0x3f, 0x60, 0xce, 0x0, 0xce, 0x7, 0xf8, 0x3c,
    0xf9, 0x6f, 0x70, 0x9, 0xf3, 0xc, 0xff, 0xaa,
    0xff, 0xb0, 0x0, 0x2f, 0xd0, 0x3, 0x20, 0x3,
    0x20, 0x0, 0x0, 0x7f, 0xd2, 0x0, 0x0, 0x56,
    0x0, 0x0, 0x0, 0x7f, 0xfe, 0xbb, 0xef, 0xc0,
    0x0, 0x0, 0x0, 0x29, 0xce, 0xeb, 0x60, 0x0,
    0x0,

    /* U+0041 "A" */
    0x0, 0x0, 0xc, 0xff, 0x10, 0x0, 0x0, 0x0,
    0x0, 0x3f, 0xff, 0x70, 0x0, 0x0, 0x0, 0x0,
    0x9f, 0x8f, 0xd0, 0x0, 0x0, 0x0, 0x0, 0xef,
    0xd, 0xf3, 0x0, 0x0, 0x0, 0x5, 0xfa, 0x7,
    0xf9, 0x0, 0x0, 0x0, 0xb, 0xf4, 0x1, 0xff,
    0x0, 0x0, 0x0, 0x1f, 0xe0, 0x0, 0xcf, 0x50,
    0x0, 0x0, 0x7f, 0x90, 0x0, 0x6f, 0xc0, 0x0,
    0x0, 0xef, 0xed, 0xdd, 0xef, 0xf2, 0x0, 0x4,
    0xff, 0xff, 0xff, 0xff, 0xf8, 0x0, 0xa, 0xf8,
    0x0, 0x0, 0x5, 0xfe, 0x0, 0x1f, 0xf2, 0x0,
    0x0, 0x0, 0xff, 0x40, 0x6f, 0xc0, 0x0, 0x0,
    0x0, 0x9f, 0xb0, 0xcf, 0x60, 0x0, 0x0, 0x0,
    0x4f, 0xf1,

    /* U+0042 "B" */
    0x6f, 0xff, 0xff, 0xec, 0x60, 0x6, 0xff, 0xdd,
    0xdf, 0xff, 0xa0, 0x6f, 0xa0, 0x0, 0x6, 0xff,
    0x26, 0xfa, 0x0, 0x0, 0xd, 0xf5, 0x6f, 0xa0,
    0x0, 0x0, 0xef, 0x36, 0xfa, 0x0, 0x1, 0x9f,
    0xb0, 0x6f, 0xff, 0xff, 0xff, 0x80, 0x6, 0xff,
    0xdd, 0xde, 0xfe, 0x60, 0x6f, 0xa0, 0x0, 0x3,
    0xef, 0x46, 0xfa, 0x0, 0x0, 0x8, 0xf9, 0x6f,
    0xa0, 0x0, 0x0, 0x8f, 0xa6, 0xfa, 0x0, 0x0,
    0x3e, 0xf6, 0x6f, 0xfd, 0xde, 0xff, 0xfc, 0x6,
    0xff, 0xff, 0xfe, 0xc6, 0x0,

    /* U+0043 "C" */
    0x0, 0x0, 0x5a, 0xdf, 0xc9, 0x20, 0x0, 0x0,
    0x1a, 0xff, 0xfe, 0xff, 0xf6, 0x0, 0x0, 0xbf,
    0xe4, 0x0, 0x19, 0xff, 0x40, 0x5, 0xff, 0x10,
    0x0, 0x0, 0xaf, 0xb0, 0xc, 0xf7, 0x0, 0x0,
    0x0, 0x3d, 0xd0, 0xf, 0xf3, 0x0, 0x0, 0x0,
    0x0, 0x0, 0x1f, 0xf0, 0x0, 0x0, 0x0, 0x0,
    0x0, 0x1f, 0xf1, 0x0, 0x0, 0x0, 0x0, 0x0,
    0xf, 0xf3, 0x0, 0x0, 0x0, 0x0, 0x0, 0xc,
    0xf8, 0x0, 0x0, 0x0, 0x2e, 0xe0, 0x6, 0xff,
    0x20, 0x0, 0x0, 0x9f, 0xb0, 0x0, 0xcf, 0xe5,
    0x0, 0x19, 0xff, 0x40, 0x0, 0x1c, 0xff, 0xfe,
    0xff, 0xf6, 0x0, 0x0, 0x0, 0x6a, 0xdf, 0xc9,
    0x20, 0x0,

    /* U+0044 "D" */
    0x6f, 0xff, 0xfe, 0xca, 0x30, 0x0, 0x6, 0xff,
    0xdd, 0xff, 0xff, 0xa1, 0x0, 0x6f, 0xb0, 0x0,
    0x17, 0xff, 0xa0, 0x6, 0xfb, 0x0, 0x0, 0x3,
    0xff, 0x40, 0x6f, 0xb0, 0x0, 0x0, 0x9, 0xfa,
    0x6, 0xfb, 0x0, 0x0, 0x0, 0x5f, 0xc0, 0x6f,
    0xb0, 0x0, 0x0, 0x3, 0xff, 0x6, 0xfb, 0x0,
    0x0, 0x0, 0x3f, 0xf0, 0x6f, 0xb0, 0x0, 0x0,
    0x5, 0xfc, 0x6, 0xfb, 0x0, 0x0, 0x0, 0x9f,
    0xa0, 0x6f, 0xb0, 0x0, 0x0, 0x3f, 0xf3, 0x6,
    0xfb, 0x0, 0x1, 0x7f, 0xfa, 0x0, 0x6f, 0xfd,
    0xdf, 0xff, 0xf9, 0x0, 0x6, 0xff, 0xff, 0xfc,
    0x94, 0x0, 0x0,

    /* U+0045 "E" */
    0x6f, 0xff, 0xff, 0xff, 0xf8, 0x6f, 0xfd, 0xdd,
    0xdd, 0xd7, 0x6f, 0xb0, 0x0, 0x0, 0x0, 0x6f,
    0xb0, 0x0, 0x0, 0x0, 0x6f, 0xb0, 0x0, 0x0,
    0x0, 0x6f, 0xb0, 0x0, 0x0, 0x0, 0x6f, 0xff,
    0xff, 0xff, 0xf3, 0x6f, 0xfe, 0xee, 0xee, 0xe3,
    0x6f, 0xb0, 0x0, 0x0, 0x0, 0x6f, 0xb0, 0x0,
    0x0, 0x0, 0x6f, 0xb0, 0x0, 0x0, 0x0, 0x6f,
    0xb0, 0x0, 0x0, 0x0, 0x6f, 0xfd, 0xdd, 0xdd,
    0xdb, 0x6f, 0xff, 0xff, 0xff, 0xfc,

    /* U+0046 "F" */
    0x6f, 0xff, 0xff, 0xff, 0xf8, 0x6f, 0xfd, 0xdd,
    0xdd, 0xd7, 0x6f, 0xb0, 0x0, 0x0, 0x0, 0x6f,
    0xb0, 0x0, 0x0, 0x0, 0x6f, 0xb0, 0x0, 0x0,
    0x0, 0x6f, 0xb0, 0x0, 0x0, 0x0, 0x6f, 0xff,
    0xff, 0xff, 0xf2, 0x6f, 0xfd, 0xdd, 0xdd, 0xd2,
    0x6f, 0xb0, 0x0, 0x0, 0x0, 0x6f, 0xb0, 0x0,
    0x0, 0x0, 0x6f, 0xb0, 0x0, 0x0, 0x0, 0x6f,
    0xb0, 0x0, 0x0, 0x0, 0x6f, 0xb0, 0x0, 0x0,
    0x0, 0x6f, 0xb0, 0x0, 0x0, 0x0,

    /* U+0047 "G" */
    0x0, 0x0, 0x5a, 0xdf, 0xda, 0x30, 0x0, 0x0,
    0x1a, 0xff, 0xfe, 0xff, 0xf8, 0x0, 0x0, 0xbf,
    0xe5, 0x0, 0x7, 0xff, 0x50, 0x5, 0xff, 0x20,
    0x0, 0x0, 0x8f, 0xb0, 0xc, 0xf8, 0x0, 0x0,
    0x0, 0x1, 0x10, 0xe, 0xf3, 0x0, 0x0, 0x0,
    0x0, 0x0, 0x1f, 0xf1, 0x0, 0xb, 0xdd, 0xdd,
    0xd0, 0x1f, 0xf1, 0x0, 0xc, 0xff, 0xff, 0xf0,
    0xf, 0xf3, 0x0, 0x0, 0x0, 0xf, 0xf0, 0xc,
    0xf8, 0x0, 0x0, 0x0, 0x2f, 0xf0, 0x6, 0xff,
    0x20, 0x0, 0x0, 0x9f, 0xf0, 0x0, 0xcf, 0xe5,
    0x0, 0x8, 0xff, 0xf0, 0x0, 0x1c, 0xff, 0xfe,
    0xff, 0xac, 0xf0, 0x0, 0x0, 0x7c, 0xff, 0xc6,
    0xd, 0xf0,

    /* U+0048 "H" */
    0x6f, 0xb0, 0x0, 0x0, 0xb, 0xf6, 0x6f, 0xb0,
    0x0, 0x0, 0xb, 0xf6, 0x6f, 0xb0, 0x0, 0x0,
    0xb, 0xf6, 0x6f, 0xb0, 0x0, 0x0, 0xb, 0xf6,
    0x6f, 0xb0, 0x0, 0x0, 0xb, 0xf6, 0x6f, 0xb0,
    0x0, 0x0, 0xb, 0xf6, 0x6f, 0xff, 0xff, 0xff,
    0xff, 0xf6, 0x6f, 0xfd, 0xdd, 0xdd, 0xdf, 0xf6,
    0x6f, 0xb0, 0x0, 0x0, 0xb, 0xf6, 0x6f, 0xb0,
    0x0, 0x0, 0xb, 0xf6, 0x6f, 0xb0, 0x0, 0x0,
    0xb, 0xf6, 0x6f, 0xb0, 0x0, 0x0, 0xb, 0xf6,
    0x6f, 0xb0, 0x0, 0x0, 0xb, 0xf6, 0x6f, 0xb0,
    0x0, 0x0, 0xb, 0xf6,

    /* U+0049 "I" */
    0x6f, 0xb6, 0xfb, 0x6f, 0xb6, 0xfb, 0x6f, 0xb6,
    0xfb, 0x6f, 0xb6, 0xfb, 0x6f, 0xb6, 0xfb, 0x6f,
    0xb6, 0xfb, 0x6f, 0xb6, 0xfb,

    /* U+004A "J" */
    0x0, 0x0, 0x0, 0x3f, 0xe0, 0x0, 0x0, 0x3,
    0xfe, 0x0, 0x0, 0x0, 0x3f, 0xe0, 0x0, 0x0,
    0x3, 0xfe, 0x0, 0x0, 0x0, 0x3f, 0xe0, 0x0,
    0x0, 0x3, 0xfe, 0x0, 0x0, 0x0, 0x3f, 0xe0,
    0x0, 0x0, 0x3, 0xfe, 0x0, 0x0, 0x0, 0x3f,
    0xe6, 0xa5, 0x0, 0x3, 0xfe, 0x8f, 0x90, 0x0,
    0x6f, 0xc4, 0xff, 0x20, 0x1d, 0xf8, 0xb, 0xff,
    0xef, 0xfd, 0x0, 0x8, 0xdf, 0xd9, 0x10,

    /* U+004B "K" */
    0x6f, 0xa0, 0x0, 0x5, 0xff, 0x50, 0x6f, 0xa0,
    0x0, 0x4f, 0xf6, 0x0, 0x6f, 0xa0, 0x3, 0xff,
    0x70, 0x0, 0x6f, 0xa0, 0x2e, 0xf8, 0x0, 0x0,
    0x6f, 0xa1, 0xef, 0x90, 0x0, 0x0, 0x6f, 0xbd,
    0xfa, 0x0, 0x0, 0x0, 0x6f, 0xff, 0xf7, 0x0,
    0x0, 0x0, 0x6f, 0xfe, 0xff, 0x40, 0x0, 0x0,
    0x6f, 0xd1, 0x9f, 0xf2, 0x0, 0x0, 0x6f, 0xa0,
    0xc, 0xfd, 0x10, 0x0, 0x6f, 0xa0, 0x1, 0xef,
    0xb0, 0x0, 0x6f, 0xa0, 0x0, 0x3f, 0xf8, 0x0,
    0x6f, 0xa0, 0x0, 0x6, 0xff, 0x50, 0x6f, 0xa0,
    0x0, 0x0, 0x9f, 0xf3,

    /* U+004C "L" */
    0x6f, 0xb0, 0x0, 0x0, 0x0, 0x6f, 0xb0, 0x0,
    0x0, 0x0, 0x6f, 0xb0, 0x0, 0x0, 0x0, 0x6f,
    0xb0, 0x0, 0x0, 0x0, 0x6f, 0xb0, 0x0, 0x0,
    0x0, 0x6f, 0xb0, 0x0, 0x0, 0x0, 0x6f, 0xb0,
    0x0, 0x0, 0x0, 0x6f, 0xb0, 0x0, 0x0, 0x0,
    0x6f, 0xb0, 0x0, 0x0, 0x0, 0x6f, 0xb0, 0x0,
    0x0, 0x0, 0x6f, 0xb0, 0x0, 0x0, 0x0, 0x6f,
    0xb0, 0x0, 0x0, 0x0, 0x6f, 0xfd, 0xdd, 0xdd,
    0xd6, 0x6f, 0xff, 0xff, 0xff, 0xf7,

    /* U+004D "M" */
    0x6f, 0xff, 0x10, 0x0, 0x0, 0x1, 0xff, 0xf6,
    0x6f, 0xff, 0x70, 0x0, 0x0, 0x6, 0xff, 0xf6,
    0x6f, 0xef, 0xc0, 0x0, 0x0, 0xc, 0xfe, 0xf6,
    0x6f, 0xae, 0xf2, 0x0, 0x0, 0x1f, 0xea, 0xf6,
    0x6f, 0x98, 0xf8, 0x0, 0x0, 0x7f, 0x9a, 0xf6,
    0x6f, 0x93, 0xfd, 0x0, 0x0, 0xcf, 0x3a, 0xf6,
    0x6f, 0x90, 0xdf, 0x30, 0x2, 0xfe, 0xa, 0xf6,
    0x6f, 0x90, 0x7f, 0x90, 0x7, 0xf8, 0xa, 0xf6,
    0x6f, 0x90, 0x2f, 0xe0, 0xd, 0xf3, 0xa, 0xf6,
    0x6f, 0x90, 0xc, 0xf4, 0x2f, 0xd0, 0xa, 0xf6,
    0x6f, 0x90, 0x6, 0xfa, 0x8f, 0x80, 0xa, 0xf6,
    0x6f, 0x90, 0x1, 0xff, 0xdf, 0x20, 0xa, 0xf6,
    0x6f, 0x90, 0x0, 0xbf, 0xfc, 0x0, 0xa, 0xf6,
    0x6f, 0x90, 0x0, 0x5f, 0xf7, 0x0, 0xa, 0xf6,

    /* U+004E "N" */
    0x6f, 0xff, 0x10, 0x0, 0x0, 0xff, 0x16, 0xff,
    0xf9, 0x0, 0x0, 0xf, 0xf1, 0x6f, 0xdf, 0xf2,
    0x0, 0x0, 0xff, 0x16, 0xfb, 0x9f, 0xb0, 0x0,
    0xf, 0xf1, 0x6f, 0xb1, 0xff, 0x40, 0x0, 0xff,
    0x16, 0xfb, 0x7, 0xfc, 0x0, 0xf, 0xf1, 0x6f,
    0xb0, 0xe, 0xf5, 0x0, 0xff, 0x16, 0xfb, 0x0,
    0x5f, 0xe0, 0xf, 0xf1, 0x6f, 0xb0, 0x0, 0xcf,
    0x70, 0xff, 0x16, 0xfb, 0x0, 0x4, 0xff, 0x1f,
    0xf1, 0x6f, 0xb0, 0x0, 0xb, 0xf9, 0xff, 0x16,
    0xfb, 0x0, 0x0, 0x2f, 0xff, 0xf1, 0x6f, 0xb0,
    0x0, 0x0, 0x9f, 0xff, 0x16, 0xfb, 0x0, 0x0,
    0x1, 0xff, 0xf1,

    /* U+004F "O" */
    0x0, 0x0, 0x5a, 0xdf, 0xd9, 0x10, 0x0, 0x0,
    0x1a, 0xff, 0xff, 0xff, 0xe4, 0x0, 0x0, 0xbf,
    0xe4, 0x0, 0x2a, 0xff, 0x20, 0x5, 0xff, 0x10,
    0x0, 0x0, 0x9f, 0xc0, 0xc, 0xf8, 0x0, 0x0,
    0x0, 0x1f, 0xf3, 0xe, 0xf3, 0x0, 0x0, 0x0,
    0xc, 0xf6, 0x1f, 0xf1, 0x0, 0x0, 0x0, 0x9,
    0xf9, 0x1f, 0xf1, 0x0, 0x0, 0x0, 0x9, 0xf9,
    0xf, 0xf3, 0x0, 0x0, 0x0, 0xb, 0xf6, 0xc,
    0xf7, 0x0, 0x0, 0x0, 0x1f, 0xf3, 0x5, 0xfe,
    0x10, 0x0, 0x0, 0x9f, 0xc0, 0x0, 0xbf, 0xe4,
    0x0, 0x19, 0xff, 0x30, 0x0, 0x1b, 0xff, 0xfe,
    0xff, 0xe5, 0x0, 0x0, 0x0, 0x5a, 0xdf, 0xc8,
    0x10, 0x0,

    /* U+0050 "P" */
    0x6f, 0xff, 0xff, 0xed, 0x70, 0x6, 0xff, 0xdd,
    0xde, 0xff, 0xc0, 0x6f, 0xb0, 0x0, 0x3, 0xef,
    0x56, 0xfb, 0x0, 0x0, 0x9, 0xf9, 0x6f, 0xb0,
    0x0, 0x0, 0x9f, 0x96, 0xfb, 0x0, 0x0, 0x3e,
    0xf6, 0x6f, 0xfd, 0xdd, 0xef, 0xfc, 0x6, 0xff,
    0xff, 0xff, 0xd7, 0x0, 0x6f, 0xb0, 0x0, 0x0,
    0x0, 0x6, 0xfb, 0x0, 0x0, 0x0, 0x0, 0x6f,
    0xb0, 0x0, 0x0, 0x0, 0x6, 0xfb, 0x0, 0x0,
    0x0, 0x0, 0x6f, 0xb0, 0x0, 0x0, 0x0, 0x6,
    0xfb, 0x0, 0x0, 0x0, 0x0,

    /* U+0051 "Q" */
    0x0, 0x0, 0x5a, 0xde, 0xb8, 0x10, 0x0, 0x0,
    0x1a, 0xff, 0xff, 0xff, 0xe4, 0x0, 0x0, 0xbf,
    0xe4, 0x0, 0x2a, 0xff, 0x30, 0x5, 0xff, 0x10,
    0x0, 0x0, 0x9f, 0xc0, 0xc, 0xf8, 0x0, 0x0,
    0x0, 0x1f, 0xf3, 0xe, 0xf3, 0x0, 0x0, 0x0,
    0xc, 0xf6, 0x1f, 0xf1, 0x0, 0x0, 0x0, 0x9,
    0xf9, 0x1f, 0xf1, 0x0, 0x0, 0x0, 0x9, 0xf9,
    0xf, 0xf3, 0x0, 0x0, 0x0, 0xb, 0xf8, 0xc,
    0xf7, 0x0, 0x2, 0xd4, 0x1f, 0xf4, 0x5, 0xfe,
    0x10, 0x4, 0xff, 0xbf, 0xc0, 0x0, 0xbf, 0xe4,
    0x0, 0x7f, 0xff, 0x20, 0x0, 0x1b, 0xff, 0xfe,
    0xff, 0xfe, 0x10, 0x0, 0x0, 0x5a, 0xdf, 0xd9,
    0xaf, 0xb0, 0x0, 0x0, 0x0, 0x0, 0x0, 0xb,
    0x30,

    /* U+0052 "R" */
    0x6f, 0xff, 0xff, 0xfd, 0x81, 0x6, 0xff, 0xdd,
    0xde, 0xff, 0xd0, 0x6f, 0xb0, 0x0, 0x4, 0xff,
    0x56, 0xfb, 0x0, 0x0, 0xa, 0xf8, 0x6f, 0xb0,
    0x0, 0x0, 0xaf, 0x66, 0xfb, 0x0, 0x0, 0x5f,
    0xe1, 0x6f, 0xfe, 0xee, 0xff, 0xc2, 0x6, 0xff,
    0xff, 0xff, 0xfd, 0x30, 0x6f, 0xb0, 0x0, 0x18,
    0xfe, 0x6, 0xfb, 0x0, 0x0, 0xe, 0xf3, 0x6f,
    0xb0, 0x0, 0x0, 0xcf, 0x56, 0xfb, 0x0, 0x0,
    0xc, 0xf5, 0x6f, 0xb0, 0x0, 0x0, 0xcf, 0x56,
    0xfb, 0x0, 0x0, 0xc, 0xf5,

    /* U+0053 "S" */
    0x0, 0x6, 0xce, 0xfc, 0x80, 0x0, 0x0, 0xcf,
    0xfe, 0xef, 0xfe, 0x10, 0x9, 0xfd, 0x20, 0x2,
    0xcf, 0xb0, 0xd, 0xf5, 0x0, 0x0, 0x2f, 0xf1,
    0xc, 0xf7, 0x0, 0x0, 0x4, 0x40, 0x6, 0xff,
    0xa5, 0x10, 0x0, 0x0, 0x0, 0x8f, 0xff, 0xfe,
    0x93, 0x0, 0x0, 0x2, 0x7b, 0xef, 0xff, 0x70,
    0x0, 0x0, 0x0, 0x2, 0xaf, 0xf2, 0x3c, 0xb0,
    0x0, 0x0, 0xc, 0xf6, 0x1f, 0xf3, 0x0, 0x0,
    0xc, 0xf5, 0xb, 0xfe, 0x40, 0x0, 0x7f, 0xf1,
    0x1, 0xdf, 0xff, 0xef, 0xff, 0x50, 0x0, 0x6,
    0xbe, 0xfd, 0xa2, 0x0,

    /* U+0054 "T" */
    0xdf, 0xff, 0xff, 0xff, 0xff, 0xf4, 0xbd, 0xdd,
    0xef, 0xfd, 0xdd, 0xd3, 0x0, 0x0, 0x5f, 0xc0,
    0x0, 0x0, 0x0, 0x0, 0x5f, 0xc0, 0x0, 0x0,
    0x0, 0x0, 0x5f, 0xc0, 0x0, 0x0, 0x0, 0x0,
    0x5f, 0xc0, 0x0, 0x0, 0x0, 0x0, 0x5f, 0xc0,
    0x0, 0x0, 0x0, 0x0, 0x5f, 0xc0, 0x0, 0x0,
    0x0, 0x0, 0x5f, 0xc0, 0x0, 0x0, 0x0, 0x0,
    0x5f, 0xc0, 0x0, 0x0, 0x0, 0x0, 0x5f, 0xc0,
    0x0, 0x0, 0x0, 0x0, 0x5f, 0xc0, 0x0, 0x0,
    0x0, 0x0, 0x5f, 0xc0, 0x0, 0x0, 0x0, 0x0,
    0x5f, 0xc0, 0x0, 0x0,

    /* U+0055 "U" */
    0x8f, 0x90, 0x0, 0x0, 0x3f, 0xd8, 0xf9, 0x0,
    0x0, 0x3, 0xfd, 0x8f, 0x90, 0x0, 0x0, 0x3f,
    0xd8, 0xf9, 0x0, 0x0, 0x3, 0xfd, 0x8f, 0x90,
    0x0, 0x0, 0x3f, 0xd8, 0xf9, 0x0, 0x0, 0x3,
    0xfd, 0x8f, 0x90, 0x0, 0x0, 0x3f, 0xd8, 0xf9,
    0x0, 0x0, 0x3, 0xfd, 0x8f, 0x90, 0x0, 0x0,
    0x4f, 0xd6, 0xfb, 0x0, 0x0, 0x6, 0xfb, 0x3f,
    0xf1, 0x0, 0x0, 0xbf, 0x80, 0xcf, 0xb1, 0x0,
    0x7f, 0xf2, 0x3, 0xef, 0xfe, 0xff, 0xf7, 0x0,
    0x1, 0x9d, 0xfd, 0xb3, 0x0,

    /* U+0056 "V" */
    0xbf, 0x90, 0x0, 0x0, 0x0, 0x9f, 0xa6, 0xfe,
    0x0, 0x0, 0x0, 0xe, 0xf4, 0xf, 0xf4, 0x0,
    0x0, 0x4, 0xfe, 0x0, 0xaf, 0x90, 0x0, 0x0,
    0x9f, 0x90, 0x4, 0xfe, 0x0, 0x0, 0xe, 0xf3,
    0x0, 0xe, 0xf4, 0x0, 0x4, 0xfd, 0x0, 0x0,
    0x9f, 0xa0, 0x0, 0xaf, 0x70, 0x0, 0x3, 0xff,
    0x0, 0xf, 0xf1, 0x0, 0x0, 0xd, 0xf5, 0x5,
    0xfb, 0x0, 0x0, 0x0, 0x7f, 0xa0, 0xaf, 0x60,
    0x0, 0x0, 0x2, 0xff, 0x1f, 0xf0, 0x0, 0x0,
    0x0, 0xc, 0xfb, 0xfa, 0x0, 0x0, 0x0, 0x0,
    0x6f, 0xff, 0x40, 0x0, 0x0, 0x0, 0x1, 0xff,
    0xe0, 0x0, 0x0,

    /* U+0057 "W" */
    0xaf, 0xa0, 0x0, 0x0, 0xff, 0xf2, 0x0, 0x0,
    0x7f, 0xa6, 0xfd, 0x0, 0x0, 0x3f, 0xff, 0x50,
    0x0, 0xb, 0xf6, 0x2f, 0xf1, 0x0, 0x7, 0xfb,
    0xf9, 0x0, 0x0, 0xff, 0x20, 0xef, 0x50, 0x0,
    0xbf, 0x4f, 0xd0, 0x0, 0x3f, 0xe0, 0xa, 0xf9,
    0x0, 0xf, 0xf0, 0xcf, 0x10, 0x7, 0xf9, 0x0,
    0x5f, 0xd0, 0x3, 0xfb, 0x9, 0xf5, 0x0, 0xbf,
    0x50, 0x1, 0xff, 0x10, 0x7f, 0x70, 0x5f, 0x80,
    0xf, 0xf1, 0x0, 0xd, 0xf4, 0xb, 0xf3, 0x1,
    0xfc, 0x3, 0xfd, 0x0, 0x0, 0x9f, 0x80, 0xff,
    0x0, 0xd, 0xf0, 0x7f, 0x90, 0x0, 0x5, 0xfc,
    0x3f, 0xb0, 0x0, 0xaf, 0x4b, 0xf5, 0x0, 0x0,
    0x1f, 0xf7, 0xf7, 0x0, 0x6, 0xf8, 0xef, 0x10,
    0x0, 0x0, 0xdf, 0xef, 0x30, 0x0, 0x2f, 0xef,
    0xd0, 0x0, 0x0, 0x9, 0xff, 0xf0, 0x0, 0x0,
    0xef, 0xf9, 0x0, 0x0, 0x0, 0x5f, 0xfb, 0x0,
    0x0, 0xa, 0xff, 0x50, 0x0,

    /* U+0058 "X" */
    0x4, 0xff, 0x30, 0x0, 0x0, 0xef, 0x80, 0x0,
    0xaf, 0xd0, 0x0, 0x9, 0xfc, 0x0, 0x0, 0xe,
    0xf7, 0x0, 0x3f, 0xf2, 0x0, 0x0, 0x4, 0xff,
    0x20, 0xdf, 0x70, 0x0, 0x0, 0x0, 0x9f, 0xc7,
    0xfc, 0x0, 0x0, 0x0, 0x0, 0xd, 0xff, 0xf2,
    0x0, 0x0, 0x0, 0x0, 0x4, 0xff, 0x80, 0x0,
    0x0, 0x0, 0x0, 0xa, 0xff, 0xd0, 0x0, 0x0,
    0x0, 0x0, 0x5f, 0xec, 0xf8, 0x0, 0x0, 0x0,
    0x1, 0xef, 0x42, 0xff, 0x30, 0x0, 0x0, 0xb,
    0xfa, 0x0, 0x8f, 0xd0, 0x0, 0x0, 0x6f, 0xe1,
    0x0, 0xd, 0xf9, 0x0, 0x1, 0xff, 0x50, 0x0,
    0x3, 0xff, 0x40, 0xb, 0xfb, 0x0, 0x0, 0x0,
    0x9f, 0xe1,

    /* U+0059 "Y" */
    0xaf, 0xc0, 0x0, 0x0, 0xd, 0xf8, 0x1f, 0xf5,
    0x0, 0x0, 0x6f, 0xe0, 0x7, 0xfe, 0x0, 0x0,
    0xef, 0x50, 0x0, 0xdf, 0x70, 0x8, 0xfb, 0x0,
    0x0, 0x4f, 0xf1, 0x1f, 0xf2, 0x0, 0x0, 0xb,
    0xf8, 0xaf, 0x80, 0x0, 0x0, 0x2, 0xff, 0xfe,
    0x0, 0x0, 0x0, 0x0, 0x8f, 0xf5, 0x0, 0x0,
    0x0, 0x0, 0x2f, 0xf0, 0x0, 0x0, 0x0, 0x0,
    0x2f, 0xf0, 0x0, 0x0, 0x0, 0x0, 0x2f, 0xf0,
    0x0, 0x0, 0x0, 0x0, 0x2f, 0xf0, 0x0, 0x0,
    0x0, 0x0, 0x2f, 0xf0, 0x0, 0x0, 0x0, 0x0,
    0x2f, 0xf0, 0x0, 0x0,

    /* U+005A "Z" */
    0xf, 0xff, 0xff, 0xff, 0xff, 0xb0, 0xd, 0xdd,
    0xdd, 0xdd, 0xff, 0xb0, 0x0, 0x0, 0x0, 0x3,
    0xff, 0x50, 0x0, 0x0, 0x0, 0x1e, 0xf8, 0x0,
    0x0, 0x0, 0x0, 0xbf, 0xc0, 0x0, 0x0, 0x0,
    0x7, 0xfe, 0x10, 0x0, 0x0, 0x0, 0x3f, 0xf4,
    0x0, 0x0, 0x0, 0x1, 0xef, 0x80, 0x0, 0x0,
    0x0, 0xb, 0xfb, 0x0, 0x0, 0x0, 0x0, 0x8f,
    0xe1, 0x0, 0x0, 0x0, 0x4, 0xff, 0x30, 0x0,
    0x0, 0x0, 0x1e, 0xf7, 0x0, 0x0, 0x0, 0x0,
    0x6f, 0xfe, 0xdd, 0xdd, 0xdd, 0xd0, 0x6f, 0xff,
    0xff, 0xff, 0xff, 0xf0,

    /* U+005B "[" */
    0x7f, 0xff, 0x47, 0xfb, 0x82, 0x7f, 0x50, 0x7,
    0xf5, 0x0, 0x7f, 0x50, 0x7, 0xf5, 0x0, 0x7f,
    0x50, 0x7, 0xf5, 0x0, 0x7f, 0x50, 0x7, 0xf5,
    0x0, 0x7f, 0x50, 0x7, 0xf5, 0x0, 0x7f, 0x50,
    0x7, 0xf5, 0x0, 0x7f, 0x50, 0x7, 0xfb, 0x92,
    0x7f, 0xff, 0x40,

    /* U+005C "\\" */
    0x4f, 0x90, 0x0, 0x0, 0xe, 0xe0, 0x0, 0x0,
    0x9, 0xf5, 0x0, 0x0, 0x3, 0xfa, 0x0, 0x0,
    0x0, 0xdf, 0x10, 0x0, 0x0, 0x7f, 0x60, 0x0,
    0x0, 0x2f, 0xc0, 0x0, 0x0, 0xc, 0xf2, 0x0,
    0x0, 0x6, 0xf8, 0x0, 0x0, 0x0, 0xfe, 0x0,
    0x0, 0x0, 0xaf, 0x30, 0x0, 0x0, 0x4f, 0x90,
    0x0, 0x0, 0xe, 0xf0, 0x0, 0x0, 0x9, 0xf5,

    /* U+005D "]" */
    0x8f, 0xff, 0x35, 0x9d, 0xf3, 0x0, 0xaf, 0x30,
    0xa, 0xf3, 0x0, 0xaf, 0x30, 0xa, 0xf3, 0x0,
    0xaf, 0x30, 0xa, 0xf3, 0x0, 0xaf, 0x30, 0xa,
    0xf3, 0x0, 0xaf, 0x30, 0xa, 0xf3, 0x0, 0xaf,
    0x30, 0xa, 0xf3, 0x0, 0xaf, 0x35, 0x8d, 0xf3,
    0x8f, 0xff, 0x30,

    /* U+005E "^" */
    0x0, 0x8, 0xfd, 0x0, 0x0, 0x0, 0xef, 0xf5,
    0x0, 0x0, 0x6f, 0xaf, 0xc0, 0x0, 0xd, 0xf2,
    0xcf, 0x30, 0x4, 0xfb, 0x5, 0xfa, 0x0, 0xbf,
    0x50, 0xe, 0xf1, 0x2f, 0xe0, 0x0, 0x8f, 0x80,

    /* U+005F "_" */
    0x1d, 0xdd, 0xdd, 0xdd, 0xdd, 0x41, 0xff, 0xff,
    0xff, 0xff, 0xf4,

    /* U+0060 "`" */
    0x9, 0xb6, 0x0, 0x3f, 0xe0, 0x0, 0x6f, 0x60,

    /* U+0061 "a" */
    0x0, 0x4b, 0xee, 0xb2, 0x0, 0x4f, 0xfc, 0xbf,
    0xe1, 0xc, 0xf6, 0x0, 0x8f, 0x70, 0x44, 0x0,
    0x19, 0xf9, 0x0, 0x6b, 0xef, 0xff, 0xa0, 0xaf,
    0xe9, 0x55, 0xfa, 0x1f, 0xe1, 0x0, 0x5f, 0xa2,
    0xff, 0x10, 0xb, 0xfa, 0xc, 0xfd, 0x9d, 0xdf,
    0xa0, 0x1a, 0xed, 0x93, 0xfa,

    /* U+0062 "b" */
    0xbf, 0x40, 0x0, 0x0, 0x0, 0xbf, 0x40, 0x0,
    0x0, 0x0, 0xbf, 0x40, 0x0, 0x0, 0x0, 0xbf,
    0x40, 0x0, 0x0, 0x0, 0xbf, 0x47, 0xce, 0xb3,
    0x0, 0xbf, 0xcf, 0xbd, 0xff, 0x40, 0xbf, 0xe2,
    0x0, 0x7f, 0xd0, 0xbf, 0x60, 0x0, 0xe, 0xf3,
    0xbf, 0x30, 0x0, 0xa, 0xf5, 0xbf, 0x30, 0x0,
    0xa, 0xf5, 0xbf, 0x60, 0x0, 0xd, 0xf3, 0xbf,
    0xe1, 0x0, 0x7f, 0xd0, 0xbf, 0xce, 0xac, 0xff,
    0x50, 0xbf, 0x48, 0xde, 0xb3, 0x0,

    /* U+0063 "c" */
    0x0, 0x8, 0xdf, 0xd7, 0x0, 0x1, 0xdf, 0xdb,
    0xef, 0xb0, 0xa, 0xfa, 0x0, 0xe, 0xf5, 0xf,
    0xf1, 0x0, 0x5, 0xa5, 0x2f, 0xd0, 0x0, 0x0,
    0x0, 0x2f, 0xd0, 0x0, 0x0, 0x0, 0xf, 0xf0,
    0x0, 0x4, 0xa6, 0xb, 0xf9, 0x0, 0xd, 0xf5,
    0x2, 0xef, 0xda, 0xdf, 0xc0, 0x0, 0x19, 0xdf,
    0xd8, 0x0,

    /* U+0064 "d" */
    0x0, 0x0, 0x0, 0x1, 0xfd, 0x0, 0x0, 0x0,
    0x1, 0xfd, 0x0, 0x0, 0x0, 0x1, 0xfd, 0x0,
    0x0, 0x0, 0x1, 0xfd, 0x0, 0x1a, 0xee, 0xa2,
    0xfd, 0x2, 0xef, 0xdb, 0xec, 0xfd, 0xb, 0xfa,
    0x0, 0x1c, 0xfd, 0xf, 0xf1, 0x0, 0x4, 0xfd,
    0x2f, 0xd0, 0x0, 0x1, 0xfd, 0x3f, 0xd0, 0x0,
    0x1, 0xfd, 0xf, 0xf1, 0x0, 0x4, 0xfd, 0xb,
    0xf9, 0x0, 0x1c, 0xfd, 0x3, 0xff, 0xda, 0xec,
    0xfd, 0x0, 0x2b, 0xee, 0xa2, 0xfd,

    /* U+0065 "e" */
    0x0, 0x19, 0xdf, 0xc5, 0x0, 0x1, 0xef, 0xba,
    0xef, 0x70, 0xa, 0xf5, 0x0, 0x1d, 0xf1, 0xf,
    0xe2, 0x22, 0x29, 0xf6, 0x3f, 0xff, 0xff, 0xff,
    0xf8, 0x2f, 0xd5, 0x55, 0x55, 0x53, 0xf, 0xe0,
    0x0, 0x3, 0x52, 0xb, 0xf8, 0x0, 0xe, 0xf4,
    0x2, 0xff, 0xca, 0xef, 0xb0, 0x0, 0x1a, 0xdf,
    0xd7, 0x0,

    /* U+0066 "f" */
    0x0, 0xa, 0xee, 0x0, 0x9f, 0xfc, 0x0, 0xdf,
    0x30, 0x0, 0xef, 0x10, 0xaf, 0xff, 0xff, 0x7a,
    0xff, 0xba, 0x0, 0xef, 0x10, 0x0, 0xef, 0x10,
    0x0, 0xef, 0x10, 0x0, 0xef, 0x10, 0x0, 0xef,
    0x10, 0x0, 0xef, 0x10, 0x0, 0xef, 0x10, 0x0,
    0xef, 0x10,

    /* U+0067 "g" */
    0x0, 0x1a, 0xed, 0x93, 0xfc, 0x1, 0xef, 0xdb,
    0xec, 0xfc, 0xa, 0xfa, 0x0, 0x1d, 0xfc, 0xf,
    0xf1, 0x0, 0x5, 0xfc, 0x2f, 0xd0, 0x0, 0x1,
    0xfc, 0x2f, 0xd0, 0x0, 0x1, 0xfc, 0xf, 0xf1,
    0x0, 0x5, 0xfc, 0xb, 0xfa, 0x0, 0x1d, 0xfc,
    0x2, 0xff, 0xdb, 0xed, 0xfc, 0x0, 0x2b, 0xed,
    0x93, 0xfc, 0x2, 0x30, 0x0, 0x3, 0xf9, 0xb,
    0xf6, 0x0, 0xa, 0xf5, 0x4, 0xff, 0xda, 0xdf,
    0xc0, 0x0, 0x3b, 0xef, 0xd8, 0x0,

    /* U+0068 "h" */
    0xbf, 0x40, 0x0, 0x0, 0xb, 0xf4, 0x0, 0x0,
    0x0, 0xbf, 0x40, 0x0, 0x0, 0xb, 0xf4, 0x0,
    0x0, 0x0, 0xbf, 0x48, 0xde, 0xa1, 0xb, 0xfc,
    0xeb, 0xef, 0xc0, 0xbf, 0xd0, 0x1, 0xef, 0x2b,
    0xf6, 0x0, 0xa, 0xf5, 0xbf, 0x40, 0x0, 0x9f,
    0x6b, 0xf4, 0x0, 0x9, 0xf6, 0xbf, 0x40, 0x0,
    0x9f, 0x6b, 0xf4, 0x0, 0x9, 0xf6, 0xbf, 0x40,
    0x0, 0x9f, 0x6b, 0xf4, 0x0, 0x9, 0xf6,

    /* U+0069 "i" */
    0xcf, 0x5c, 0xf5, 0x34, 0x10, 0x0, 0xbf, 0x4b,
    0xf4, 0xbf, 0x4b, 0xf4, 0xbf, 0x4b, 0xf4, 0xbf,
    0x4b, 0xf4, 0xbf, 0x4b, 0xf4,

    /* U+006A "j" */
    0x0, 0xbf, 0x60, 0xb, 0xf6, 0x0, 0x34, 0x20,
    0x0, 0x0, 0x0, 0x9f, 0x50, 0x9, 0xf5, 0x0,
    0x9f, 0x50, 0x9, 0xf5, 0x0, 0x9f, 0x50, 0x9,
    0xf5, 0x0, 0x9f, 0x50, 0x9, 0xf5, 0x0, 0x9f,
    0x50, 0x9, 0xf5, 0x0, 0xaf, 0x50, 0xc, 0xf4,
    0x5e, 0xff, 0x16, 0xfd, 0x40,

    /* U+006B "k" */
    0xbf, 0x40, 0x0, 0x0, 0xb, 0xf4, 0x0, 0x0,
    0x0, 0xbf, 0x40, 0x0, 0x0, 0xb, 0xf4, 0x0,
    0x0, 0x0, 0xbf, 0x40, 0x9, 0xfd, 0x1b, 0xf4,
    0x7, 0xfe, 0x10, 0xbf, 0x45, 0xfe, 0x20, 0xb,
    0xf8, 0xff, 0x30, 0x0, 0xbf, 0xff, 0xb0, 0x0,
    0xb, 0xff, 0xef, 0x60, 0x0, 0xbf, 0x74, 0xff,
    0x20, 0xb, 0xf4, 0x9, 0xfd, 0x0, 0xbf, 0x40,
    0xd, 0xfa, 0xb, 0xf4, 0x0, 0x2f, 0xf6,

    /* U+006C "l" */
    0xbf, 0x4b, 0xf4, 0xbf, 0x4b, 0xf4, 0xbf, 0x4b,
    0xf4, 0xbf, 0x4b, 0xf4, 0xbf, 0x4b, 0xf4, 0xbf,
    0x4b, 0xf4, 0xbf, 0x4b, 0xf4,

    /* U+006D "m" */
    0xbf, 0x48, 0xde, 0x60, 0x3c, 0xfc, 0x30, 0xbf,
    0xdd, 0xbf, 0xf7, 0xfc, 0xcf, 0xf1, 0xbf, 0xc0,
    0x5, 0xff, 0x80, 0xa, 0xf7, 0xbf, 0x60, 0x0,
    0xff, 0x10, 0x5, 0xfa, 0xbf, 0x40, 0x0, 0xff,
    0x0, 0x4, 0xfb, 0xbf, 0x40, 0x0, 0xff, 0x0,
    0x4, 0xfb, 0xbf, 0x40, 0x0, 0xff, 0x0, 0x4,
    0xfb, 0xbf, 0x40, 0x0, 0xff, 0x0, 0x4, 0xfb,
    0xbf, 0x40, 0x0, 0xff, 0x0, 0x4, 0xfb, 0xbf,
    0x40, 0x0, 0xff, 0x0, 0x4, 0xfb,

    /* U+006E "n" */
    0xbf, 0x48, 0xde, 0xa1, 0xb, 0xfc, 0xeb, 0xef,
    0xc0, 0xbf, 0xd1, 0x1, 0xef, 0x2b, 0xf6, 0x0,
    0xa, 0xf5, 0xbf, 0x40, 0x0, 0x9f, 0x6b, 0xf4,
    0x0, 0x9, 0xf6, 0xbf, 0x40, 0x0, 0x9f, 0x6b,
    0xf4, 0x0, 0x9, 0xf6, 0xbf, 0x40, 0x0, 0x9f,
    0x6b, 0xf4, 0x0, 0x9, 0xf6,

    /* U+006F "o" */
    0x0, 0x9, 0xdf, 0xc6, 0x0, 0x1, 0xef, 0xdb,
    0xef, 0xb0, 0xa, 0xf9, 0x0, 0x1c, 0xf5, 0xf,
    0xf0, 0x0, 0x4, 0xfb, 0x2f, 0xd0, 0x0, 0x1,
    0xfe, 0x2f, 0xd0, 0x0, 0x1, 0xfe, 0xf, 0xf0,
    0x0, 0x4, 0xfc, 0xa, 0xf8, 0x0, 0xc, 0xf6,
    0x1, 0xef, 0xda, 0xef, 0xb0, 0x0, 0x19, 0xdf,
    0xc7, 0x0,

    /* U+0070 "p" */
    0xbf, 0x47, 0xce, 0xb3, 0x0, 0xbf, 0xcf, 0xbd,
    0xff, 0x40, 0xbf, 0xe2, 0x0, 0x7f, 0xd0, 0xbf,
    0x70, 0x0, 0xe, 0xf2, 0xbf, 0x30, 0x0, 0xb,
    0xf5, 0xbf, 0x30, 0x0, 0xb, 0xf5, 0xbf, 0x70,
    0x0, 0xe, 0xf2, 0xbf, 0xe2, 0x0, 0x7f, 0xd0,
    0xbf, 0xcf, 0xac, 0xff, 0x40, 0xbf, 0x48, 0xde,
    0xb3, 0x0, 0xbf, 0x40, 0x0, 0x0, 0x0, 0xbf,
    0x40, 0x0, 0x0, 0x0, 0xbf, 0x40, 0x0, 0x0,
    0x0, 0xbf, 0x40, 0x0, 0x0, 0x0,

    /* U+0071 "q" */
    0x0, 0x1a, 0xed, 0x91, 0xfd, 0x2, 0xef, 0xdb,
    0xec, 0xfd, 0xa, 0xfa, 0x0, 0xc, 0xfd, 0xf,
    0xf1, 0x0, 0x4, 0xfd, 0x2f, 0xd0, 0x0, 0x1,
    0xfd, 0x3f, 0xd0, 0x0, 0x1, 0xfd, 0xf, 0xf0,
    0x0, 0x4, 0xfd, 0xb, 0xf9, 0x0, 0xc, 0xfd,
    0x3, 0xff, 0xda, 0xec, 0xfd, 0x0, 0x2b, 0xed,
    0x92, 0xfd, 0x0, 0x0, 0x0, 0x1, 0xfd, 0x0,
    0x0, 0x0, 0x1, 0xfd, 0x0, 0x0, 0x0, 0x1,
    0xfd, 0x0, 0x0, 0x0, 0x1, 0xfd,

    /* U+0072 "r" */
    0xbf, 0x47, 0xe7, 0xbf, 0xaf, 0xf7, 0xbf, 0xf6,
    0x10, 0xbf, 0x80, 0x0, 0xbf, 0x50, 0x0, 0xbf,
    0x40, 0x0, 0xbf, 0x40, 0x0, 0xbf, 0x40, 0x0,
    0xbf, 0x40, 0x0, 0xbf, 0x40, 0x0,

    /* U+0073 "s" */
    0x0, 0x7d, 0xfd, 0x91, 0x0, 0xaf, 0xda, 0xdf,
    0xd0, 0xf, 0xf1, 0x0, 0xdf, 0x40, 0xef, 0x71,
    0x1, 0x21, 0x5, 0xff, 0xfd, 0x81, 0x0, 0x1,
    0x7a, 0xef, 0xe2, 0x27, 0x40, 0x0, 0xaf, 0x72,
    0xfd, 0x0, 0x8, 0xf7, 0xa, 0xfd, 0xac, 0xfe,
    0x20, 0x7, 0xdf, 0xea, 0x20,

    /* U+0074 "t" */
    0x0, 0xdf, 0x20, 0x0, 0xd, 0xf2, 0x0, 0x0,
    0xdf, 0x20, 0xb, 0xff, 0xff, 0xf3, 0x8a, 0xff,
    0xba, 0x20, 0xd, 0xf2, 0x0, 0x0, 0xdf, 0x20,
    0x0, 0xd, 0xf2, 0x0, 0x0, 0xdf, 0x20, 0x0,
    0xd, 0xf2, 0x0, 0x0, 0xbf, 0x60, 0x0, 0x8,
    0xff, 0xc2, 0x0, 0x9, 0xef, 0x20,

    /* U+0075 "u" */
    0xcf, 0x20, 0x0, 0xcf, 0x3c, 0xf2, 0x0, 0xc,
    0xf3, 0xcf, 0x20, 0x0, 0xcf, 0x3c, 0xf2, 0x0,
    0xc, 0xf3, 0xcf, 0x20, 0x0, 0xcf, 0x3c, 0xf2,
    0x0, 0xc, 0xf3, 0xbf, 0x30, 0x0, 0xef, 0x39,
    0xf9, 0x0, 0x5f, 0xf3, 0x3f, 0xfc, 0xbf, 0xdf,
    0x30, 0x4d, 0xfb, 0x4b, 0xf3,

    /* U+0076 "v" */
    0xaf, 0x70, 0x0, 0xd, 0xf2, 0x4f, 0xc0, 0x0,
    0x2f, 0xd0, 0xe, 0xf1, 0x0, 0x7f, 0x70, 0x9,
    0xf6, 0x0, 0xcf, 0x20, 0x3, 0xfb, 0x1, 0xfc,
    0x0, 0x0, 0xef, 0x16, 0xf7, 0x0, 0x0, 0x8f,
    0x5b, 0xf1, 0x0, 0x0, 0x3f, 0xbf, 0xc0, 0x0,
    0x0, 0xd, 0xff, 0x60, 0x0, 0x0, 0x7, 0xff,
    0x10, 0x0,

    /* U+0077 "w" */
    0xaf, 0x60, 0x0, 0xcf, 0xf0, 0x0, 0x2f, 0xc5,
    0xfa, 0x0, 0xf, 0xff, 0x40, 0x6, 0xf7, 0x1f,
    0xe0, 0x4, 0xfb, 0xf8, 0x0, 0xaf, 0x30, 0xcf,
    0x30, 0x8f, 0x3f, 0xc0, 0xe, 0xe0, 0x7, 0xf7,
    0xc, 0xf0, 0xbf, 0x2, 0xfa, 0x0, 0x3f, 0xb0,
    0xfb, 0x7, 0xf4, 0x6f, 0x50, 0x0, 0xef, 0x4f,
    0x70, 0x3f, 0x8b, 0xf1, 0x0, 0x9, 0xfb, 0xf2,
    0x0, 0xfd, 0xec, 0x0, 0x0, 0x5f, 0xfe, 0x0,
    0xb, 0xff, 0x70, 0x0, 0x0, 0xff, 0xa0, 0x0,
    0x7f, 0xf3, 0x0,

    /* U+0078 "x" */
    0x5f, 0xe1, 0x0, 0x8f, 0xa0, 0xa, 0xf9, 0x2,
    0xfe, 0x10, 0x1, 0xef, 0x3c, 0xf5, 0x0, 0x0,
    0x5f, 0xef, 0xa0, 0x0, 0x0, 0xb, 0xfe, 0x10,
    0x0, 0x0, 0xd, 0xff, 0x20, 0x0, 0x0, 0x8f,
    0xcf, 0xc0, 0x0, 0x3, 0xfe, 0xb, 0xf7, 0x0,
    0xd, 0xf4, 0x1, 0xff, 0x20, 0x8f, 0xa0, 0x0,
    0x7f, 0xc0,

    /* U+0079 "y" */
    0x9f, 0x80, 0x0, 0xf, 0xf1, 0x3f, 0xe0, 0x0,
    0x4f, 0xb0, 0xd, 0xf3, 0x0, 0x9f, 0x50, 0x7,
    0xf9, 0x0, 0xef, 0x0, 0x1, 0xfe, 0x3, 0xfa,
    0x0, 0x0, 0xbf, 0x38, 0xf5, 0x0, 0x0, 0x5f,
    0x9d, 0xf0, 0x0, 0x0, 0xe, 0xef, 0x90, 0x0,
    0x0, 0x9, 0xff, 0x40, 0x0, 0x0, 0x4, 0xfe,
    0x0, 0x0, 0x0, 0x7, 0xf9, 0x0, 0x0, 0x0,
    0xd, 0xf3, 0x0, 0x0, 0x0, 0x3f, 0xd0, 0x0,
    0x0, 0x0, 0x9f, 0x80, 0x0, 0x0,

    /* U+007A "z" */
    0x2f, 0xff, 0xff, 0xff, 0x21, 0xaa, 0xaa, 0xaf,
    0xf2, 0x0, 0x0, 0xa, 0xfa, 0x0, 0x0, 0x7,
    0xfc, 0x0, 0x0, 0x5, 0xfe, 0x10, 0x0, 0x3,
    0xff, 0x30, 0x0, 0x1, 0xef, 0x50, 0x0, 0x0,
    0xcf, 0x80, 0x0, 0x0, 0x5f, 0xfa, 0xaa, 0xaa,
    0x35, 0xff, 0xff, 0xff, 0xf5,

    /* U+007B "{" */
    0x0, 0xa, 0xeb, 0x0, 0x9f, 0xe7, 0x0, 0xdf,
    0x20, 0x0, 0xff, 0x0, 0x0, 0xff, 0x0, 0x0,
    0xff, 0x0, 0x3, 0xfd, 0x0, 0x6d, 0xf7, 0x0,
    0xbf, 0x80, 0x0, 0x5d, 0xf8, 0x0, 0x3, 0xfe,
    0x0, 0x0, 0xff, 0x0, 0x0, 0xff, 0x0, 0x0,
    0xff, 0x0, 0x0, 0xdf, 0x20, 0x0, 0x9f, 0xe7,
    0x0, 0xa, 0xeb,

    /* U+007C "|" */
    0x7f, 0x67, 0xf6, 0x7f, 0x67, 0xf6, 0x7f, 0x67,
    0xf6, 0x7f, 0x67, 0xf6, 0x7f, 0x67, 0xf6, 0x7f,
    0x67, 0xf6, 0x7f, 0x67, 0xf6, 0x7f, 0x67, 0xf6,
    0x7f, 0x60,

    /* U+007D "}" */
    0x6f, 0xb2, 0x0, 0x4d, 0xfd, 0x0, 0x0, 0xdf,
    0x10, 0x0, 0xbf, 0x30, 0x0, 0xbf, 0x30, 0x0,
    0xbf, 0x30, 0x0, 0x9f, 0x70, 0x0, 0x4f, 0xe8,
    0x0, 0x4, 0xff, 0x0, 0x3f, 0xf9, 0x0, 0x9f,
    0x50, 0x0, 0xbf, 0x30, 0x0, 0xbf, 0x30, 0x0,
    0xbf, 0x30, 0x0, 0xdf, 0x10, 0x4d, 0xfd, 0x0,
    0x6f, 0xc2, 0x0,

    /* U+007E "~" */
    0x8, 0xdc, 0x71, 0x1d, 0xc6, 0xff, 0xff, 0xff,
    0xfa, 0xbf, 0x42, 0x8d, 0xfb, 0x10,

    /* U+00A0 " " */

    /* U+00A1 "¡" */
    0xef, 0x7e, 0xf7, 0x89, 0x40, 0x0, 0x3c, 0x5,
    0xe0, 0x7f, 0x8, 0xf1, 0xaf, 0x3c, 0xf5, 0xcf,
    0x5c, 0xf5, 0xcf, 0x5c, 0xf5,

    /* U+00A2 "¢" */
    0x0, 0x0, 0x3, 0x30, 0x0, 0x0, 0x0, 0x0,
    0xd, 0xc0, 0x0, 0x0, 0x0, 0x0, 0xd, 0xd1,
    0x0, 0x0, 0x0, 0x9, 0xff, 0xff, 0xb1, 0x0,
    0x0, 0xcf, 0xde, 0xee, 0xfe, 0x0, 0x8, 0xfb,
    0xd, 0xc0, 0xbf, 0x80, 0xf, 0xf2, 0xd, 0xc0,
    0x3f, 0xd0, 0x3f, 0xc0, 0xd, 0xc0, 0x1, 0x10,
    0x5f, 0xb0, 0xd, 0xc0, 0x0, 0x0, 0x4f, 0xb0,
    0xd, 0xc0, 0x0, 0x0, 0x2f, 0xe0, 0xd, 0xc0,
    0x6, 0x60, 0xe, 0xf4, 0xd, 0xc0, 0x4f, 0xc0,
    0x6, 0xfe, 0x3d, 0xc4, 0xef, 0x60, 0x0, 0xaf,
    0xff, 0xff, 0xfa, 0x0, 0x0, 0x6, 0xcf, 0xfd,
    0x70, 0x0, 0x0, 0x0, 0xd, 0xc0, 0x0, 0x0,
    0x0, 0x0, 0xd, 0xc0, 0x0, 0x0,

    /* U+00A3 "£" */
    0x0, 0x0, 0x3b, 0xef, 0xc7, 0x0, 0x0, 0x4,
    0xff, 0xed, 0xff, 0xa0, 0x0, 0xe, 0xf8, 0x0,
    0x3f, 0xf3, 0x0, 0x1f, 0xf0, 0x0, 0xa, 0xf6,
    0x0, 0x3f, 0xd0, 0x0, 0x0, 0x10, 0x0, 0x3f,
    0xd0, 0x0, 0x0, 0x0, 0x3c, 0xdf, 0xfc, 0xcc,
    0xc3, 0x0, 0x4f, 0xff, 0xff, 0xff, 0xf4, 0x0,
    0x0, 0x3f, 0xd0, 0x0, 0x0, 0x0, 0x0, 0x3f,
    0xd0, 0x0, 0x0, 0x0, 0x0, 0x3f, 0xd0, 0x0,
    0x0, 0x0, 0x0, 0x3f, 0xd0, 0x0, 0x0, 0x0,
    0xd, 0xef, 0xfd, 0xdd, 0xdd, 0xd8, 0xf, 0xff,
    0xff, 0xff, 0xff, 0xf9,

    /* U+00A4 "¤" */
    0x1, 0x20, 0x0, 0x0, 0x0, 0x30, 0xd, 0xd1,
    0x59, 0xa8, 0x18, 0xf4, 0x6, 0xff, 0xff, 0xff,
    0xff, 0xc0, 0x0, 0xbf, 0xc2, 0x17, 0xff, 0x20,
    0x1, 0xff, 0x10, 0x0, 0x9f, 0x80, 0x4, 0xfa,
    0x0, 0x0, 0x3f, 0xb0, 0x6, 0xf8, 0x0, 0x0,
    0x1f, 0xd0, 0x5, 0xf9, 0x0, 0x0, 0x2f, 0xc0,
    0x2, 0xfd, 0x0, 0x0, 0x6f, 0x90, 0x0, 0xcf,
    0x80, 0x2, 0xef, 0x30, 0x2, 0xef, 0xfe, 0xcf,
    0xff, 0x80, 0xd, 0xf5, 0xae, 0xfc, 0x5b, 0xf4,
    0x4, 0x40, 0x0, 0x0, 0x0, 0x80,

    /* U+00A5 "¥" */
    0x2f, 0xf3, 0x0, 0x0, 0x1f, 0xf3, 0x9, 0xfb,
    0x0, 0x0, 0x9f, 0xa0, 0x1, 0xff, 0x30, 0x1,
    0xff, 0x20, 0x0, 0x7f, 0xb0, 0x9, 0xf8, 0x0,
    0x0, 0xe, 0xf3, 0x2f, 0xe0, 0x0, 0x0, 0x6,
    0xfb, 0xaf, 0x60, 0x0, 0x6, 0x99, 0xff, 0xff,
    0x99, 0x60, 0xa, 0xff, 0xff, 0xff, 0xff, 0xb0,
    0x0, 0x0, 0xf, 0xf0, 0x0, 0x0, 0x6, 0x99,
    0x9f, 0xf9, 0x99, 0x60, 0xa, 0xff, 0xff, 0xff,
    0xff, 0xb0, 0x0, 0x0, 0xf, 0xf0, 0x0, 0x0,
    0x0, 0x0, 0xf, 0xf0, 0x0, 0x0, 0x0, 0x0,
    0xf, 0xf0, 0x0, 0x0,

    /* U+00A6 "¦" */
    0x7f, 0x67, 0xf6, 0x7f, 0x67, 0xf6, 0x7f, 0x67,
    0xf6, 0x6c, 0x40, 0x0, 0x0, 0x0, 0x0, 0x6c,
    0x57, 0xf6, 0x7f, 0x67, 0xf6, 0x7f, 0x67, 0xf6,
    0x7f, 0x60,

    /* U+00A7 "§" */
    0x0, 0x3b, 0xef, 0xc5, 0x0, 0x3, 0xff, 0xcc,
    0xff, 0x50, 0x8, 0xf9, 0x0, 0x8f, 0xc0, 0x8,
    0xfc, 0x0, 0x2, 0x20, 0x2, 0xff, 0xd4, 0x0,
    0x0, 0x0, 0x6f, 0xff, 0xc4, 0x0, 0x5, 0xfc,
    0x7e, 0xff, 0x90, 0xf, 0xf1, 0x0, 0x7f, 0xf6,
    0x2f, 0xf1, 0x0, 0x9, 0xf9, 0xe, 0xfd, 0x30,
    0x9, 0xf7, 0x2, 0xdf, 0xfb, 0x8f, 0xb0, 0x0,
    0x8, 0xff, 0xfd, 0x0, 0x0, 0x0, 0x19, 0xff,
    0x80, 0x4, 0x40, 0x0, 0x5f, 0xe0, 0xc, 0xf8,
    0x0, 0x3f, 0xe0, 0x4, 0xff, 0xdc, 0xff, 0x80,
    0x0, 0x4b, 0xef, 0xc6, 0x0,

    /* U+00A8 "¨" */
    0x4, 0x40, 0x14, 0x31, 0xff, 0x5, 0xfc, 0x1f,
    0xf0, 0x5f, 0xc0,

    /* U+00A9 "©" */
    0x0, 0x0, 0x0, 0x1, 0x0, 0x0, 0x0, 0x0,
    0x0, 0x3, 0xbf, 0xff, 0xd7, 0x0, 0x0, 0x0,
    0x7, 0xfd, 0x96, 0x7b, 0xfc, 0x20, 0x0, 0x7,
    0xf8, 0x0, 0x0, 0x3, 0xde, 0x0, 0x2, 0xf8,
    0x2, 0xcf, 0xfa, 0x1, 0xf9, 0x0, 0xbe, 0x1,
    0xee, 0x58, 0xfa, 0x7, 0xf2, 0xf, 0x90, 0x7f,
    0x30, 0xa, 0xe0, 0x1f, 0x72, 0xf6, 0xa, 0xe0,
    0x0, 0x0, 0x0, 0xe9, 0x2f, 0x50, 0xbe, 0x0,
    0x0, 0x0, 0xe, 0x90, 0xf8, 0x8, 0xf1, 0x0,
    0x7c, 0x1, 0xf7, 0xc, 0xd0, 0x2f, 0xb2, 0x5f,
    0xc0, 0x5f, 0x30, 0x4f, 0x60, 0x5f, 0xff, 0xd2,
    0xe, 0xb0, 0x0, 0x9f, 0x50, 0x3, 0x20, 0x1b,
    0xf2, 0x0, 0x0, 0xaf, 0xb6, 0x34, 0x7e, 0xe4,
    0x0, 0x0, 0x0, 0x5e, 0xff, 0xff, 0xa1, 0x0,
    0x0, 0x0, 0x0, 0x2, 0x43, 0x10, 0x0, 0x0,

    /* U+00AA "ª" */
    0x0, 0x0, 0x0, 0x0, 0x2c, 0xfe, 0x70, 0xc,
    0xe5, 0x8f, 0x30, 0x22, 0x48, 0xf6, 0x8, 0xfd,
    0xaf, 0x71, 0xf9, 0x3, 0xf7, 0x1f, 0xc5, 0xcf,
    0x70, 0x6e, 0xe7, 0xf7,

    /* U+00AB "«" */
    0x0, 0x0, 0x30, 0x0, 0x30, 0x0, 0xa7, 0x0,
    0x8a, 0x0, 0xbf, 0x70, 0x9f, 0xa0, 0xcf, 0xb0,
    0xaf, 0xd1, 0x3f, 0x90, 0xf, 0xb0, 0x3, 0xfc,
    0x10, 0xfd, 0x20, 0xa, 0xfd, 0x27, 0xfe, 0x30,
    0x9, 0xf7, 0x6, 0xfa, 0x0, 0x8, 0x70, 0x5,
    0xa0, 0x0, 0x1, 0x0, 0x1,

    /* U+00AC "¬" */
    0xac, 0xcc, 0xcc, 0xcc, 0xc2, 0xdf, 0xff, 0xff,
    0xff, 0xf2, 0x0, 0x0, 0x0, 0xa, 0xf2, 0x0,
    0x0, 0x0, 0xa, 0xf2, 0x0, 0x0, 0x0, 0xa,
    0xf2,

    /* U+00AD "­" */
    0xdf, 0xff, 0xf0, 0xdf, 0xff, 0xf0,

    /* U+00AE "®" */
    0x0, 0x2, 0xad, 0xea, 0x30, 0x0, 0x0, 0x6f,
    0x94, 0x48, 0xf7, 0x0, 0x2, 0xf4, 0x0, 0x0,
    0x3f, 0x30, 0xb, 0x90, 0xde, 0xd9, 0x7, 0xc0,
    0xe, 0x30, 0xe4, 0x3f, 0x32, 0xf0, 0x1f, 0x10,
    0xef, 0xfb, 0x0, 0xf2, 0xf, 0x30, 0xe4, 0x4f,
    0x1, 0xf1, 0xc, 0x70, 0xe3, 0xf, 0x26, 0xd0,
    0x4, 0xf2, 0x71, 0x7, 0x2e, 0x50, 0x0, 0x9e,
    0x61, 0x15, 0xea, 0x0, 0x0, 0x5, 0xdf, 0xfd,
    0x60, 0x0, 0x0, 0x0, 0x1, 0x10, 0x0, 0x0,

    /* U+00AF "¯" */
    0x1a, 0xaa, 0xaa, 0x71, 0xff, 0xff, 0xfb,

    /* U+00B0 "°" */
    0x0, 0x1, 0x0, 0x0, 0x4e, 0xfe, 0x50, 0x1e,
    0xd7, 0xcf, 0x24, 0xf4, 0x3, 0xf6, 0x4f, 0x50,
    0x4f, 0x60, 0xde, 0x9e, 0xe1, 0x2, 0xbf, 0xc3,
    0x0,

    /* U+00B1 "±" */
    0x0, 0x1, 0xd9, 0x0, 0x0, 0x0, 0x1, 0xfa,
    0x0, 0x0, 0x0, 0x1, 0xfa, 0x0, 0x0, 0xbf,
    0xff, 0xff, 0xff, 0xf4, 0x9c, 0xcc, 0xfe, 0xcc,
    0xc3, 0x0, 0x1, 0xfa, 0x0, 0x0, 0x0, 0x1,
    0xfa, 0x0, 0x0, 0x0, 0x0, 0x0, 0x0, 0x0,
    0x9c, 0xcc, 0xcc, 0xcc, 0xc3, 0xbf, 0xff, 0xff,
    0xff, 0xf4,

    /* U+00B2 "²" */
    0x1, 0xae, 0xe9, 0x10, 0xd, 0xf8, 0x9f, 0xa0,
    0x3f, 0xa0, 0xd, 0xe0, 0x0, 0x0, 0xf, 0xc0,
    0x0, 0x2, 0xcf, 0x40, 0x0, 0x5f, 0xe4, 0x0,
    0x5, 0xfb, 0x10, 0x0, 0xe, 0xf8, 0x77, 0x70,
    0x3f, 0xff, 0xff, 0xf0,

    /* U+00B3 "³" */
    0x2, 0xae, 0xea, 0x10, 0xd, 0xf8, 0x9f, 0xb0,
    0x3e, 0x80, 0xc, 0xf0, 0x0, 0x0, 0x4f, 0xa0,
    0x0, 0xb, 0xfc, 0x0, 0x0, 0x3, 0x6e, 0xb0,
    0x4d, 0x50, 0x9, 0xf2, 0x1e, 0xe8, 0x8f, 0xe0,
    0x3, 0xbf, 0xeb, 0x20,

    /* U+00B4 "´" */
    0x0, 0xab, 0x30, 0x5f, 0xa0, 0xd, 0xd0, 0x0,

    /* U+00B5 "µ" */
    0x8f, 0x60, 0x0, 0x8f, 0x78, 0xf6, 0x0, 0x8,
    0xf7, 0x8f, 0x60, 0x0, 0x8f, 0x78, 0xf6, 0x0,
    0x8, 0xf7, 0x8f, 0x60, 0x0, 0x8f, 0x78, 0xf6,
    0x0, 0x8, 0xf7, 0x8f, 0x70, 0x0, 0xaf, 0x78,
    0xfc, 0x0, 0x2f, 0xf7, 0x8f, 0xfd, 0xae, 0xdf,
    0x78, 0xfe, 0xfd, 0x77, 0xf7, 0x8f, 0x60, 0x0,
    0x0, 0x8, 0xf6, 0x0, 0x0, 0x0, 0x8f, 0x60,
    0x0, 0x0, 0x8, 0xf6, 0x0, 0x0, 0x0,

    /* U+00B6 "¶" */
    0x0, 0x8d, 0xff, 0xff, 0xf2, 0xb, 0xff, 0xff,
    0x9c, 0xf2, 0x4f, 0xff, 0xfe, 0x7, 0xf2, 0x6f,
    0xff, 0xfe, 0x7, 0xf2, 0x5f, 0xff, 0xfe, 0x7,
    0xf2, 0x1e, 0xff, 0xfe, 0x7, 0xf2, 0x3, 0xdf,
    0xfe, 0x7, 0xf2, 0x0, 0x1, 0xce, 0x7, 0xf2,
    0x0, 0x0, 0xbe, 0x7, 0xf2, 0x0, 0x0, 0xbe,
    0x7, 0xf2, 0x0, 0x0, 0xbe, 0x7, 0xf2, 0x0,
    0x0, 0xbe, 0x7, 0xf2, 0x0, 0x0, 0xbe, 0x7,
    0xf2, 0x0, 0x0, 0xbe, 0x7, 0xf2, 0x0, 0x0,
    0xbe, 0x7, 0xf2, 0x0, 0x0, 0xbe, 0x7, 0xf2,
    0x0, 0x0, 0x78, 0x4, 0x91,

    /* U+00B7 "·" */
    0x9a, 0x6d, 0xfa, 0xdf, 0xa0,

    /* U+00B8 "¸" */
    0x0, 0x15, 0x0, 0x0, 0xab, 0x0, 0x0, 0xee,
    0x80, 0x4, 0x26, 0xf2, 0xb, 0xff, 0xa0, 0x0,
    0x10, 0x0,

    /* U+00B9 "¹" */
    0x0, 0x4f, 0x71, 0x7e, 0xf7, 0x8f, 0xcf, 0x73,
    0x24, 0xf7, 0x0, 0x4f, 0x70, 0x4, 0xf7, 0x0,
    0x4f, 0x70, 0x4, 0xf7, 0x0, 0x4f, 0x70,

    /* U+00BA "º" */
    0x0, 0x0, 0x0, 0x0, 0x1, 0xaf, 0xe8, 0x0,
    0xb, 0xe5, 0x6f, 0x80, 0x2f, 0x90, 0xc, 0xf0,
    0x4f, 0x60, 0x9, 0xf1, 0x2f, 0x90, 0xc, 0xe0,
    0xb, 0xf6, 0x7f, 0x80, 0x0, 0x9e, 0xe8, 0x0,

    /* U+00BB "»" */
    0x30, 0x0, 0x30, 0x0, 0xe4, 0x0, 0xc6, 0x0,
    0xff, 0x50, 0xcf, 0x70, 0x4f, 0xf6, 0x2e, 0xf8,
    0x3, 0xeb, 0x1, 0xde, 0x5, 0xfb, 0x3, 0xee,
    0x7f, 0xf3, 0x5f, 0xf5, 0xfe, 0x30, 0xcf, 0x40,
    0xd2, 0x0, 0xb4, 0x0, 0x10, 0x0, 0x10, 0x0,

    /* U+00BC "¼" */
    0x0, 0x8f, 0x20, 0x0, 0x0, 0x9, 0xf4, 0x0,
    0x29, 0xff, 0x20, 0x0, 0x0, 0x4f, 0x90, 0x0,
    0x7e, 0xaf, 0x20, 0x0, 0x1, 0xed, 0x0, 0x0,
    0x10, 0x6f, 0x20, 0x0, 0xa, 0xf3, 0x0, 0x0,
    0x0, 0x6f, 0x20, 0x0, 0x5f, 0x80, 0x0, 0x0,
    0x0, 0x6f, 0x20, 0x1, 0xed, 0x0, 0x35, 0x20,
    0x0, 0x6f, 0x20, 0xa, 0xf3, 0x1, 0xff, 0x70,
    0x0, 0x6f, 0x20, 0x5f, 0x80, 0xa, 0xdf, 0x70,
    0x0, 0x25, 0x1, 0xed, 0x0, 0x5f, 0x4f, 0x70,
    0x0, 0x0, 0xb, 0xf3, 0x0, 0xe8, 0x1f, 0x70,
    0x0, 0x0, 0x6f, 0x70, 0x9, 0xe1, 0x2f, 0x70,
    0x0, 0x1, 0xfc, 0x0, 0xd, 0xff, 0xff, 0xfe,
    0x0, 0xb, 0xf2, 0x0, 0x3, 0x33, 0x4f, 0x93,
    0x0, 0x6f, 0x70, 0x0, 0x0, 0x0, 0x1f, 0x70,
    0x0, 0x33, 0x0, 0x0, 0x0, 0x0, 0x3, 0x10,

    /* U+00BD "½" */
    0x0, 0x25, 0x0, 0x0, 0x0, 0x2, 0x52, 0x0,
    0x0, 0xc, 0xf2, 0x0, 0x0, 0x0, 0xde, 0x10,
    0x0, 0x5f, 0xff, 0x20, 0x0, 0x0, 0x9f, 0x40,
    0x0, 0x5, 0x87, 0xf2, 0x0, 0x0, 0x4f, 0x90,
    0x0, 0x0, 0x0, 0x6f, 0x20, 0x0, 0x1e, 0xd0,
    0x0, 0x0, 0x0, 0x6, 0xf2, 0x0, 0xb, 0xf3,
    0x0, 0x0, 0x0, 0x0, 0x6f, 0x20, 0x6, 0xf7,
    0x3, 0xcf, 0xe5, 0x0, 0x6, 0xf2, 0x2, 0xfc,
    0x0, 0xed, 0x5b, 0xf2, 0x0, 0x6f, 0x20, 0xcf,
    0x10, 0x4f, 0x60, 0x4f, 0x50, 0x0, 0x0, 0x8f,
    0x50, 0x0, 0x0, 0xa, 0xf1, 0x0, 0x0, 0x3f,
    0xa0, 0x0, 0x0, 0x1b, 0xf5, 0x0, 0x0, 0xe,
    0xe1, 0x0, 0x0, 0x1d, 0xd3, 0x0, 0x0, 0xa,
    0xf4, 0x0, 0x0, 0xd, 0xd2, 0x11, 0x0, 0x5,
    0xf8, 0x0, 0x0, 0x2, 0xff, 0xff, 0xf5, 0x0,
    0x44, 0x0, 0x0, 0x0, 0x14, 0x44, 0x44, 0x10,

    /* U+00BE "¾" */
    0x0, 0x0, 0x0, 0x0, 0x0, 0x0, 0x0, 0x0,
    0x0, 0x3, 0xcf, 0xe6, 0x0, 0x0, 0x0, 0x1f,
    0xd0, 0x0, 0xe, 0xd5, 0xaf, 0x30, 0x0, 0x0,
    0xbf, 0x20, 0x0, 0x3d, 0x50, 0x2f, 0x60, 0x0,
    0x6, 0xf7, 0x0, 0x0, 0x0, 0x0, 0x8f, 0x20,
    0x0, 0x2f, 0xc0, 0x0, 0x0, 0x0, 0xf, 0xf5,
    0x0, 0x0, 0xcf, 0x20, 0x0, 0x0, 0x0, 0x3,
    0x9f, 0x30, 0x6, 0xf7, 0x0, 0x0, 0x0, 0x4b,
    0x20, 0xf, 0x80, 0x2f, 0xc0, 0x2, 0xbb, 0x0,
    0x2f, 0xb2, 0x7f, 0x60, 0xcf, 0x20, 0xc, 0xff,
    0x0, 0x6, 0xff, 0xfa, 0x7, 0xf6, 0x0, 0x8f,
    0xaf, 0x0, 0x0, 0x13, 0x10, 0x2f, 0xc0, 0x3,
    0xf5, 0x7f, 0x0, 0x0, 0x0, 0x0, 0xcf, 0x20,
    0x1e, 0xa0, 0x8f, 0x10, 0x0, 0x0, 0x7, 0xf6,
    0x0, 0x3f, 0xff, 0xff, 0xf7, 0x0, 0x0, 0x2f,
    0xb0, 0x0, 0x3, 0x33, 0x9f, 0x41, 0x0, 0x0,
    0xcf, 0x10, 0x0, 0x0, 0x0, 0x7f, 0x0, 0x0,
    0x0, 0x32, 0x0, 0x0, 0x0, 0x0, 0x13, 0x0,

    /* U+00BF "¿" */
    0x0, 0x1, 0x99, 0x20, 0x0, 0x0, 0x1, 0xff,
    0x40, 0x0, 0x0, 0x1, 0xff, 0x40, 0x0, 0x0,
    0x0, 0x0, 0x0, 0x0, 0x0, 0x0, 0x88, 0x0,
    0x0, 0x0, 0x0, 0xff, 0x0, 0x0, 0x0, 0x7,
    0xfc, 0x0, 0x0, 0x0, 0x6f, 0xf4, 0x0, 0x0,
    0x5, 0xff, 0x50, 0x0, 0x0, 0x1f, 0xf5, 0x0,
    0x0, 0x0, 0x5f, 0xc0, 0x0, 0xb, 0xb1, 0x6f,
    0xa0, 0x0, 0x1f, 0xf0, 0x3f, 0xf2, 0x0, 0xaf,
    0xb0, 0x9, 0xff, 0xde, 0xfe, 0x20, 0x0, 0x6c,
    0xfd, 0xa1, 0x0,

    /* U+00C0 "À" */
    0x0, 0x0, 0x9f, 0xa0, 0x0, 0x0, 0x0, 0x0,
    0x0, 0xd, 0xf2, 0x0, 0x0, 0x0, 0x0, 0x0,
    0x2, 0xc6, 0x0, 0x0, 0x0, 0x0, 0x0, 0x0,
    0x0, 0x0, 0x0, 0x0, 0x0, 0x0, 0xc, 0xff,
    0x10, 0x0, 0x0, 0x0, 0x0, 0x3f, 0xff, 0x70,
    0x0, 0x0, 0x0, 0x0, 0x9f, 0x8f, 0xd0, 0x0,
    0x0, 0x0, 0x0, 0xef, 0xd, 0xf3, 0x0, 0x0,
    0x0, 0x5, 0xfa, 0x7, 0xf9, 0x0, 0x0, 0x0,
    0xb, 0xf4, 0x1, 0xff, 0x0, 0x0, 0x0, 0x1f,
    0xe0, 0x0, 0xcf, 0x50, 0x0, 0x0, 0x7f, 0x90,
    0x0, 0x6f, 0xc0, 0x0, 0x0, 0xef, 0xed, 0xdd,
    0xef, 0xf2, 0x0, 0x4, 0xff, 0xff, 0xff, 0xff,
    0xf8, 0x0, 0xa, 0xf8, 0x0, 0x0, 0x5, 0xfe,
    0x0, 0x1f, 0xf2, 0x0, 0x0, 0x0, 0xff, 0x40,
    0x6f, 0xc0, 0x0, 0x0, 0x0, 0x9f, 0xb0, 0xcf,
    0x60, 0x0, 0x0, 0x0, 0x4f, 0xf1,

    /* U+00C1 "Á" */
    0x0, 0x0, 0x0, 0x2f, 0xe1, 0x0, 0x0, 0x0,
    0x0, 0x0, 0xaf, 0x40, 0x0, 0x0, 0x0, 0x0,
    0x1, 0xc7, 0x0, 0x0, 0x0, 0x0, 0x0, 0x0,
    0x0, 0x0, 0x0, 0x0, 0x0, 0x0, 0xc, 0xff,
    0x10, 0x0, 0x0, 0x0, 0x0, 0x3f, 0xff, 0x70,
    0x0, 0x0, 0x0, 0x0, 0x9f, 0x8f, 0xd0, 0x0,
    0x0, 0x0, 0x0, 0xef, 0xd, 0xf3, 0x0, 0x0,
    0x0, 0x5, 0xfa, 0x7, 0xf9, 0x0, 0x0, 0x0,
    0xb, 0xf4, 0x1, 0xff, 0x0, 0x0, 0x0, 0x1f,
    0xe0, 0x0, 0xcf, 0x50, 0x0, 0x0, 0x7f, 0x90,
    0x0, 0x6f, 0xc0, 0x0, 0x0, 0xef, 0xed, 0xdd,
    0xef, 0xf2, 0x0, 0x4, 0xff, 0xff, 0xff, 0xff,
    0xf8, 0x0, 0xa, 0xf8, 0x0, 0x0, 0x5, 0xfe,
    0x0, 0x1f, 0xf2, 0x0, 0x0, 0x0, 0xff, 0x40,
    0x6f, 0xc0, 0x0, 0x0, 0x0, 0x9f, 0xb0, 0xcf,
    0x60, 0x0, 0x0, 0x0, 0x4f, 0xf1,

    /* U+00C2 "Â" */
    0x0, 0x0, 0xd, 0xff, 0x30, 0x0, 0x0, 0x0,
    0x0, 0x9f, 0x7f, 0xd0, 0x0, 0x0, 0x0, 0x2,
    0xb8, 0x5, 0xb5, 0x0, 0x0, 0x0, 0x0, 0x0,
    0x0, 0x0, 0x0, 0x0, 0x0, 0x0, 0xc, 0xff,
    0x10, 0x0, 0x0, 0x0, 0x0, 0x3f, 0xff, 0x70,
    0x0, 0x0, 0x0, 0x0, 0x9f, 0x8f, 0xd0, 0x0,
    0x0, 0x0, 0x0, 0xef, 0xd, 0xf3, 0x0, 0x0,
    0x0, 0x5, 0xfa, 0x7, 0xf9, 0x0, 0x0, 0x0,
    0xb, 0xf4, 0x1, 0xff, 0x0, 0x0, 0x0, 0x1f,
    0xe0, 0x0, 0xcf, 0x50, 0x0, 0x0, 0x7f, 0x90,
    0x0, 0x6f, 0xc0, 0x0, 0x0, 0xef, 0xed, 0xdd,
    0xef, 0xf2, 0x0, 0x4, 0xff, 0xff, 0xff, 0xff,
    0xf8, 0x0, 0xa, 0xf8, 0x0, 0x0, 0x5, 0xfe,
    0x0, 0x1f, 0xf2, 0x0, 0x0, 0x0, 0xff, 0x40,
    0x6f, 0xc0, 0x0, 0x0, 0x0, 0x9f, 0xb0, 0xcf,
    0x60, 0x0, 0x0, 0x0, 0x4f, 0xf1,

    /* U+00C3 "Ã" */
    0x0, 0x1, 0xbf, 0xda, 0xed, 0x0, 0x0, 0x0,
    0x8, 0xfa, 0xce, 0xd4, 0x0, 0x0, 0x0, 0x0,
    0x0, 0x0, 0x0, 0x0, 0x0, 0x0, 0x0, 0x0,
    0x0, 0x0, 0x0, 0x0, 0x0, 0x0, 0xc, 0xff,
    0x10, 0x0, 0x0, 0x0, 0x0, 0x3f, 0xff, 0x70,
    0x0, 0x0, 0x0, 0x0, 0x9f, 0x8f, 0xd0, 0x0,
    0x0, 0x0, 0x0, 0xef, 0xd, 0xf3, 0x0, 0x0,
    0x0, 0x5, 0xfa, 0x7, 0xf9, 0x0, 0x0, 0x0,
    0xb, 0xf4, 0x1, 0xff, 0x0, 0x0, 0x0, 0x1f,
    0xe0, 0x0, 0xcf, 0x50, 0x0, 0x0, 0x7f, 0x90,
    0x0, 0x6f, 0xc0, 0x0, 0x0, 0xef, 0xed, 0xdd,
    0xef, 0xf2, 0x0, 0x4, 0xff, 0xff, 0xff, 0xff,
    0xf8, 0x0, 0xa, 0xf8, 0x0, 0x0, 0x5, 0xfe,
    0x0, 0x1f, 0xf2, 0x0, 0x0, 0x0, 0xff, 0x40,
    0x6f, 0xc0, 0x0, 0x0, 0x0, 0x9f, 0xb0, 0xcf,
    0x60, 0x0, 0x0, 0x0, 0x4f, 0xf1,

    /* U+00C4 "Ä" */
    0x0, 0x4, 0xfd, 0x8, 0xf9, 0x0, 0x0, 0x0,
    0x4, 0xfd, 0x8, 0xf9, 0x0, 0x0, 0x0, 0x1,
    0x43, 0x2, 0x42, 0x0, 0x0, 0x0, 0x0, 0x0,
    0x0, 0x0, 0x0, 0x0, 0x0, 0x0, 0xc, 0xff,
    0x10, 0x0, 0x0, 0x0, 0x0, 0x3f, 0xff, 0x70,
    0x0, 0x0, 0x0, 0x0, 0x9f, 0x8f, 0xd0, 0x0,
    0x0, 0x0, 0x0, 0xef, 0xd, 0xf3, 0x0, 0x0,
    0x0, 0x5, 0xfa, 0x7, 0xf9, 0x0, 0x0, 0x0,
    0xb, 0xf4, 0x1, 0xff, 0x0, 0x0, 0x0, 0x1f,
    0xe0, 0x0, 0xcf, 0x50, 0x0, 0x0, 0x7f, 0x90,
    0x0, 0x6f, 0xc0, 0x0, 0x0, 0xef, 0xed, 0xdd,
    0xef, 0xf2, 0x0, 0x4, 0xff, 0xff, 0xff, 0xff,
    0xf8, 0x0, 0xa, 0xf8, 0x0, 0x0, 0x5, 0xfe,
    0x0, 0x1f, 0xf2, 0x0, 0x0, 0x0, 0xff, 0x40,
    0x6f, 0xc0, 0x0, 0x0, 0x0, 0x9f, 0xb0, 0xcf,
    0x60, 0x0, 0x0, 0x0, 0x4f, 0xf1,

    /* U+00C5 "Å" */
    0x0, 0x0, 0x6, 0xe9, 0x0, 0x0, 0x0, 0x0,
    0x0, 0xf, 0x5e, 0x40, 0x0, 0x0, 0x0, 0x0,
    0xf, 0x2d, 0x50, 0x0, 0x0, 0x0, 0x0, 0x9,
    0xfc, 0x0, 0x0, 0x0, 0x0, 0x0, 0x0, 0x10,
    0x0, 0x0, 0x0, 0x0, 0x0, 0xc, 0xff, 0x10,
    0x0, 0x0, 0x0, 0x0, 0x3f, 0xff, 0x70, 0x0,
    0x0, 0x0, 0x0, 0x9f, 0x8f, 0xd0, 0x0, 0x0,
    0x0, 0x0, 0xef, 0xd, 0xf3, 0x0, 0x0, 0x0,
    0x5, 0xfa, 0x7, 0xf9, 0x0, 0x0, 0x0, 0xb,
    0xf4, 0x1, 0xff, 0x0, 0x0, 0x0, 0x1f, 0xe0,
    0x0, 0xcf, 0x50, 0x0, 0x0, 0x7f, 0x90, 0x0,
    0x6f, 0xc0, 0x0, 0x0, 0xef, 0xed, 0xdd, 0xef,
    0xf2, 0x0, 0x4, 0xff, 0xff, 0xff, 0xff, 0xf8,
    0x0, 0xa, 0xf8, 0x0, 0x0, 0x5, 0xfe, 0x0,
    0x1f, 0xf2, 0x0, 0x0, 0x0, 0xff, 0x40, 0x6f,
    0xc0, 0x0, 0x0, 0x0, 0x9f, 0xb0, 0xcf, 0x60,
    0x0, 0x0, 0x0, 0x4f, 0xf1,

    /* U+00C6 "Æ" */
    0x0, 0x0, 0x0, 0x9, 0xff, 0xff, 0xff, 0xff,
    0xf6, 0x0, 0x0, 0x0, 0x1f, 0xff, 0xfd, 0xdd,
    0xdd, 0xd5, 0x0, 0x0, 0x0, 0x9f, 0xbf, 0xe0,
    0x0, 0x0, 0x0, 0x0, 0x0, 0x1, 0xff, 0x4f,
    0xe0, 0x0, 0x0, 0x0, 0x0, 0x0, 0x8, 0xf9,
    0x3f, 0xe0, 0x0, 0x0, 0x0, 0x0, 0x0, 0x1f,
    0xf2, 0x3f, 0xe0, 0x0, 0x0, 0x0, 0x0, 0x0,
    0x8f, 0xa0, 0x3f, 0xff, 0xff, 0xff, 0xf1, 0x0,
    0x0, 0xff, 0x30, 0x3f, 0xfd, 0xdd, 0xdd, 0xd1,
    0x0, 0x7, 0xff, 0xdd, 0xef, 0xe0, 0x0, 0x0,
    0x0, 0x0, 0xe, 0xff, 0xff, 0xff, 0xe0, 0x0,
    0x0, 0x0, 0x0, 0x7f, 0xc0, 0x0, 0x3f, 0xe0,
    0x0, 0x0, 0x0, 0x0, 0xef, 0x50, 0x0, 0x3f,
    0xe0, 0x0, 0x0, 0x0, 0x7, 0xfd, 0x0, 0x0,
    0x3f, 0xfd, 0xdd, 0xdd, 0xd9, 0xe, 0xf6, 0x0,
    0x0, 0x3f, 0xff, 0xff, 0xff, 0xfa,

    /* U+00C7 "Ç" */
    0x0, 0x0, 0x5a, 0xdf, 0xc9, 0x20, 0x0, 0x0,
    0x1a, 0xff, 0xfe, 0xff, 0xf6, 0x0, 0x0, 0xaf,
    0xe5, 0x0, 0x19, 0xff, 0x30, 0x4, 0xff, 0x20,
    0x0, 0x0, 0xbf, 0xb0, 0xb, 0xf8, 0x0, 0x0,
    0x0, 0x4f, 0xe0, 0xe, 0xf3, 0x0, 0x0, 0x0,
    0x0, 0x0, 0x1f, 0xf1, 0x0, 0x0, 0x0, 0x0,
    0x0, 0x2f, 0xf0, 0x0, 0x0, 0x0, 0x0, 0x0,
    0xf, 0xf3, 0x0, 0x0, 0x0, 0x0, 0x0, 0xd,
    0xf6, 0x0, 0x0, 0x0, 0x1a, 0xa0, 0x8, 0xfe,
    0x0, 0x0, 0x0, 0x6f, 0xd0, 0x1, 0xef, 0xb0,
    0x0, 0x3, 0xff, 0x70, 0x0, 0x4f, 0xfe, 0xa8,
    0xbf, 0xfb, 0x0, 0x0, 0x2, 0xcf, 0xff, 0xff,
    0x70, 0x0, 0x0, 0x0, 0x0, 0xcb, 0x30, 0x0,
    0x0, 0x0, 0x0, 0x0, 0xee, 0x90, 0x0, 0x0,
    0x0, 0x0, 0x6, 0x58, 0xf2, 0x0, 0x0, 0x0,
    0x0, 0x8, 0xed, 0x80, 0x0, 0x0,

    /* U+00C8 "È" */
    0x0, 0x2f, 0xf3, 0x0, 0x0, 0x0, 0x5, 0xfb,
    0x0, 0x0, 0x0, 0x0, 0x8c, 0x10, 0x0, 0x0,
    0x0, 0x0, 0x0, 0x0, 0x6f, 0xff, 0xff, 0xff,
    0xf8, 0x6f, 0xfd, 0xdd, 0xdd, 0xd7, 0x6f, 0xb0,
    0x0, 0x0, 0x0, 0x6f, 0xb0, 0x0, 0x0, 0x0,
    0x6f, 0xb0, 0x0, 0x0, 0x0, 0x6f, 0xb0, 0x0,
    0x0, 0x0, 0x6f, 0xff, 0xff, 0xff, 0xf3, 0x6f,
    0xfe, 0xee, 0xee, 0xe3, 0x6f, 0xb0, 0x0, 0x0,
    0x0, 0x6f, 0xb0, 0x0, 0x0, 0x0, 0x6f, 0xb0,
    0x0, 0x0, 0x0, 0x6f, 0xb0, 0x0, 0x0, 0x0,
    0x6f, 0xfd, 0xdd, 0xdd, 0xdb, 0x6f, 0xff, 0xff,
    0xff, 0xfc,

    /* U+00C9 "É" */
    0x0, 0x0, 0xa, 0xf9, 0x0, 0x0, 0x0, 0x2f,
    0xc0, 0x0, 0x0, 0x0, 0x6c, 0x20, 0x0, 0x0,
    0x0, 0x0, 0x0, 0x0, 0x6f, 0xff, 0xff, 0xff,
    0xf8, 0x6f, 0xfd, 0xdd, 0xdd, 0xd7, 0x6f, 0xb0,
    0x0, 0x0, 0x0, 0x6f, 0xb0, 0x0, 0x0, 0x0,
    0x6f, 0xb0, 0x0, 0x0, 0x0, 0x6f, 0xb0, 0x0,
    0x0, 0x0, 0x6f, 0xff, 0xff, 0xff, 0xf3, 0x6f,
    0xfe, 0xee, 0xee, 0xe3, 0x6f, 0xb0, 0x0, 0x0,
    0x0, 0x6f, 0xb0, 0x0, 0x0, 0x0, 0x6f, 0xb0,
    0x0, 0x0, 0x0, 0x6f, 0xb0, 0x0, 0x0, 0x0,
    0x6f, 0xfd, 0xdd, 0xdd, 0xdb, 0x6f, 0xff, 0xff,
    0xff, 0xfc,

    /* U+00CA "Ê" */
    0x0, 0x6, 0xff, 0xb0, 0x0, 0x0, 0x2f, 0xd9,
    0xf6, 0x0, 0x0, 0x7b, 0x30, 0xaa, 0x0, 0x0,
    0x0, 0x0, 0x0, 0x0, 0x6f, 0xff, 0xff, 0xff,
    0xf8, 0x6f, 0xfd, 0xdd, 0xdd, 0xd7, 0x6f, 0xb0,
    0x0, 0x0, 0x0, 0x6f, 0xb0, 0x0, 0x0, 0x0,
    0x6f, 0xb0, 0x0, 0x0, 0x0, 0x6f, 0xb0, 0x0,
    0x0, 0x0, 0x6f, 0xff, 0xff, 0xff, 0xf3, 0x6f,
    0xfe, 0xee, 0xee, 0xe3, 0x6f, 0xb0, 0x0, 0x0,
    0x0, 0x6f, 0xb0, 0x0, 0x0, 0x0, 0x6f, 0xb0,
    0x0, 0x0, 0x0, 0x6f, 0xb0, 0x0, 0x0, 0x0,
    0x6f, 0xfd, 0xdd, 0xdd, 0xdb, 0x6f, 0xff, 0xff,
    0xff, 0xfc,

    /* U+00CB "Ë" */
    0x0, 0xcf, 0x50, 0xff, 0x20, 0x0, 0xcf, 0x50,
    0xff, 0x20, 0x0, 0x34, 0x10, 0x44, 0x0, 0x0,
    0x0, 0x0, 0x0, 0x0, 0x6f, 0xff, 0xff, 0xff,
    0xf8, 0x6f, 0xfd, 0xdd, 0xdd, 0xd7, 0x6f, 0xb0,
    0x0, 0x0, 0x0, 0x6f, 0xb0, 0x0, 0x0, 0x0,
    0x6f, 0xb0, 0x0, 0x0, 0x0, 0x6f, 0xb0, 0x0,
    0x0, 0x0, 0x6f, 0xff, 0xff, 0xff, 0xf3, 0x6f,
    0xfe, 0xee, 0xee, 0xe3, 0x6f, 0xb0, 0x0, 0x0,
    0x0, 0x6f, 0xb0, 0x0, 0x0, 0x0, 0x6f, 0xb0,
    0x0, 0x0, 0x0, 0x6f, 0xb0, 0x0, 0x0, 0x0,
    0x6f, 0xfd, 0xdd, 0xdd, 0xdb, 0x6f, 0xff, 0xff,
    0xff, 0xfc,

    /* U+00CC "Ì" */
    0x9f, 0xb0, 0xd, 0xf2, 0x2, 0xc7, 0x0, 0x0,
    0x6, 0xfb, 0x6, 0xfb, 0x6, 0xfb, 0x6, 0xfb,
    0x6, 0xfb, 0x6, 0xfb, 0x6, 0xfb, 0x6, 0xfb,
    0x6, 0xfb, 0x6, 0xfb, 0x6, 0xfb, 0x6, 0xfb,
    0x6, 0xfb, 0x6, 0xfb,

    /* U+00CD "Í" */
    0x2, 0xfe, 0x20, 0xaf, 0x40, 0x1c, 0x70, 0x0,
    0x0, 0x0, 0x6f, 0xb0, 0x6, 0xfb, 0x0, 0x6f,
    0xb0, 0x6, 0xfb, 0x0, 0x6f, 0xb0, 0x6, 0xfb,
    0x0, 0x6f, 0xb0, 0x6, 0xfb, 0x0, 0x6f, 0xb0,
    0x6, 0xfb, 0x0, 0x6f, 0xb0, 0x6, 0xfb, 0x0,
    0x6f, 0xb0, 0x6, 0xfb, 0x0,

    /* U+00CE "Î" */
    0x0, 0xdf, 0xf3, 0x0, 0x9f, 0x7f, 0xd0, 0x2b,
    0x80, 0x5b, 0x50, 0x0, 0x0, 0x0, 0x0, 0x6f,
    0xb0, 0x0, 0x6, 0xfb, 0x0, 0x0, 0x6f, 0xb0,
    0x0, 0x6, 0xfb, 0x0, 0x0, 0x6f, 0xb0, 0x0,
    0x6, 0xfb, 0x0, 0x0, 0x6f, 0xb0, 0x0, 0x6,
    0xfb, 0x0, 0x0, 0x6f, 0xb0, 0x0, 0x6, 0xfb,
    0x0, 0x0, 0x6f, 0xb0, 0x0, 0x6, 0xfb, 0x0,
    0x0, 0x6f, 0xb0, 0x0, 0x6, 0xfb, 0x0,

    /* U+00CF "Ï" */
    0x4f, 0xd0, 0x8f, 0x94, 0xfd, 0x8, 0xf9, 0x14,
    0x40, 0x24, 0x20, 0x0, 0x0, 0x0, 0x0, 0x6f,
    0xb0, 0x0, 0x6, 0xfb, 0x0, 0x0, 0x6f, 0xb0,
    0x0, 0x6, 0xfb, 0x0, 0x0, 0x6f, 0xb0, 0x0,
    0x6, 0xfb, 0x0, 0x0, 0x6f, 0xb0, 0x0, 0x6,
    0xfb, 0x0, 0x0, 0x6f, 0xb0, 0x0, 0x6, 0xfb,
    0x0, 0x0, 0x6f, 0xb0, 0x0, 0x6, 0xfb, 0x0,
    0x0, 0x6f, 0xb0, 0x0, 0x6, 0xfb, 0x0,

    /* U+00D0 "Ð" */
    0x3, 0xff, 0xff, 0xfc, 0xa5, 0x0, 0x0, 0x3,
    0xff, 0xdd, 0xef, 0xff, 0xb2, 0x0, 0x3, 0xfd,
    0x0, 0x1, 0x5e, 0xfc, 0x0, 0x3, 0xfd, 0x0,
    0x0, 0x1, 0xff, 0x60, 0x3, 0xfd, 0x0, 0x0,
    0x0, 0x7f, 0xc0, 0x3, 0xfd, 0x0, 0x0, 0x0,
    0x3f, 0xf0, 0x9f, 0xff, 0xfd, 0x0, 0x0, 0xf,
    0xf1, 0x6b, 0xff, 0xa9, 0x0, 0x0, 0xf, 0xf1,
    0x3, 0xfd, 0x0, 0x0, 0x0, 0x3f, 0xf0, 0x3,
    0xfd, 0x0, 0x0, 0x0, 0x7f, 0xc0, 0x3, 0xfd,
    0x0, 0x0, 0x1, 0xff, 0x60, 0x3, 0xfd, 0x0,
    0x1, 0x6e, 0xfc, 0x0, 0x3, 0xff, 0xdd, 0xef,
    0xff, 0xb1, 0x0, 0x3, 0xff, 0xff, 0xfc, 0xa5,
    0x0, 0x0,

    /* U+00D1 "Ñ" */
    0x0, 0x3, 0xcf, 0xca, 0xfa, 0x0, 0x0, 0x0,
    0xaf, 0xac, 0xfc, 0x30, 0x0, 0x0, 0x0, 0x0,
    0x0, 0x0, 0x0, 0x0, 0x0, 0x0, 0x0, 0x0,
    0x0, 0x0, 0x6f, 0xff, 0x10, 0x0, 0x0, 0xff,
    0x16, 0xff, 0xf9, 0x0, 0x0, 0xf, 0xf1, 0x6f,
    0xdf, 0xf2, 0x0, 0x0, 0xff, 0x16, 0xfb, 0x9f,
    0xb0, 0x0, 0xf, 0xf1, 0x6f, 0xb1, 0xff, 0x40,
    0x0, 0xff, 0x16, 0xfb, 0x7, 0xfc, 0x0, 0xf,
    0xf1, 0x6f, 0xb0, 0xe, 0xf5, 0x0, 0xff, 0x16,
    0xfb, 0x0, 0x5f, 0xe0, 0xf, 0xf1, 0x6f, 0xb0,
    0x0, 0xcf, 0x70, 0xff, 0x16, 0xfb, 0x0, 0x4,
    0xff, 0x1f, 0xf1, 0x6f, 0xb0, 0x0, 0xb, 0xf9,
    0xff, 0x16, 0xfb, 0x0, 0x0, 0x2f, 0xff, 0xf1,
    0x6f, 0xb0, 0x0, 0x0, 0x9f, 0xff, 0x16, 0xfb,
    0x0, 0x0, 0x1, 0xff, 0xf1,

    /* U+00D2 "Ò" */
    0x0, 0x0, 0x1b, 0xc2, 0x0, 0x0, 0x0, 0x0,
    0x0, 0x7, 0xfa, 0x0, 0x0, 0x0, 0x0, 0x0,
    0x0, 0xbf, 0x20, 0x0, 0x0, 0x0, 0x0, 0x0,
    0x0, 0x0, 0x0, 0x0, 0x0, 0x0, 0x0, 0x0,
    0x0, 0x0, 0x0, 0x0, 0x0, 0x5a, 0xdf, 0xd9,
    0x10, 0x0, 0x0, 0x1a, 0xff, 0xff, 0xff, 0xe4,
    0x0, 0x0, 0xbf, 0xe4, 0x0, 0x2a, 0xff, 0x20,
    0x5, 0xff, 0x10, 0x0, 0x0, 0x9f, 0xc0, 0xc,
    0xf8, 0x0, 0x0, 0x0, 0x1f, 0xf3, 0xe, 0xf3,
    0x0, 0x0, 0x0, 0xc, 0xf6, 0x1f, 0xf1, 0x0,
    0x0, 0x0, 0x9, 0xf9, 0x1f, 0xf1, 0x0, 0x0,
    0x0, 0x9, 0xf9, 0xf, 0xf3, 0x0, 0x0, 0x0,
    0xb, 0xf6, 0xc, 0xf7, 0x0, 0x0, 0x0, 0x1f,
    0xf3, 0x5, 0xfe, 0x10, 0x0, 0x0, 0x9f, 0xc0,
    0x0, 0xbf, 0xe4, 0x0, 0x19, 0xff, 0x30, 0x0,
    0x1b, 0xff, 0xfe, 0xff, 0xe5, 0x0, 0x0, 0x0,
    0x5a, 0xdf, 0xc8, 0x10, 0x0,

    /* U+00D3 "Ó" */
    0x0, 0x0, 0x0, 0x6, 0xc8, 0x0, 0x0, 0x0,
    0x0, 0x0, 0xe, 0xe2, 0x0, 0x0, 0x0, 0x0,
    0x0, 0x7f, 0x50, 0x0, 0x0, 0x0, 0x0, 0x0,
    0x0, 0x0, 0x0, 0x0, 0x0, 0x0, 0x0, 0x0,
    0x0, 0x0, 0x0, 0x0, 0x0, 0x5a, 0xdf, 0xd9,
    0x10, 0x0, 0x0, 0x1a, 0xff, 0xff, 0xff, 0xe4,
    0x0, 0x0, 0xbf, 0xe4, 0x0, 0x2a, 0xff, 0x20,
    0x5, 0xff, 0x10, 0x0, 0x0, 0x9f, 0xc0, 0xc,
    0xf8, 0x0, 0x0, 0x0, 0x1f, 0xf3, 0xe, 0xf3,
    0x0, 0x0, 0x0, 0xc, 0xf6, 0x1f, 0xf1, 0x0,
    0x0, 0x0, 0x9, 0xf9, 0x1f, 0xf1, 0x0, 0x0,
    0x0, 0x9, 0xf9, 0xf, 0xf3, 0x0, 0x0, 0x0,
    0xb, 0xf6, 0xc, 0xf7, 0x0, 0x0, 0x0, 0x1f,
    0xf3, 0x5, 0xfe, 0x10, 0x0, 0x0, 0x9f, 0xc0,
    0x0, 0xbf, 0xe4, 0x0, 0x19, 0xff, 0x30, 0x0,
    0x1b, 0xff, 0xfe, 0xff, 0xe5, 0x0, 0x0, 0x0,
    0x5a, 0xdf, 0xc8, 0x10, 0x0,

    /* U+00D4 "Ô" */
    0x0, 0x0, 0x2, 0xbb, 0x70, 0x0, 0x0, 0x0,
    0x0, 0xc, 0xfc, 0xf4, 0x0, 0x0, 0x0, 0x0,
    0x8f, 0x71, 0xee, 0x10, 0x0, 0x0, 0x0, 0x0,
    0x0, 0x0, 0x0, 0x0, 0x0, 0x0, 0x0, 0x0,
    0x0, 0x0, 0x0, 0x0, 0x0, 0x5a, 0xdf, 0xd9,
    0x10, 0x0, 0x0, 0x1a, 0xff, 0xff, 0xff, 0xe4,
    0x0, 0x0, 0xbf, 0xe4, 0x0, 0x2a, 0xff, 0x20,
    0x5, 0xff, 0x10, 0x0, 0x0, 0x9f, 0xc0, 0xc,
    0xf8, 0x0, 0x0, 0x0, 0x1f, 0xf3, 0xe, 0xf3,
    0x0, 0x0, 0x0, 0xc, 0xf6, 0x1f, 0xf1, 0x0,
    0x0, 0x0, 0x9, 0xf9, 0x1f, 0xf1, 0x0, 0x0,
    0x0, 0x9, 0xf9, 0xf, 0xf3, 0x0, 0x0, 0x0,
    0xb, 0xf6, 0xc, 0xf7, 0x0, 0x0, 0x0, 0x1f,
    0xf3, 0x5, 0xfe, 0x10, 0x0, 0x0, 0x9f, 0xc0,
    0x0, 0xbf, 0xe4, 0x0, 0x19, 0xff, 0x30, 0x0,
    0x1b, 0xff, 0xfe, 0xff, 0xe5, 0x0, 0x0, 0x0,
    0x5a, 0xdf, 0xc8, 0x10, 0x0,

    /* U+00D5 "Õ" */
    0x0, 0x0, 0x18, 0x50, 0x19, 0x40, 0x0, 0x0,
    0x0, 0xbf, 0xfe, 0xcf, 0x50, 0x0, 0x0, 0x0,
    0xfb, 0x29, 0xeb, 0x0, 0x0, 0x0, 0x0, 0x0,
    0x0, 0x0, 0x0, 0x0, 0x0, 0x0, 0x0, 0x0,
    0x0, 0x0, 0x0, 0x0, 0x0, 0x5a, 0xdf, 0xd9,
    0x10, 0x0, 0x0, 0x1a, 0xff, 0xff, 0xff, 0xe4,
    0x0, 0x0, 0xbf, 0xe4, 0x0, 0x2a, 0xff, 0x20,
    0x5, 0xff, 0x10, 0x0, 0x0, 0x9f, 0xc0, 0xc,
    0xf8, 0x0, 0x0, 0x0, 0x1f, 0xf3, 0xe, 0xf3,
    0x0, 0x0, 0x0, 0xc, 0xf6, 0x1f, 0xf1, 0x0,
    0x0, 0x0, 0x9, 0xf9, 0x1f, 0xf1, 0x0, 0x0,
    0x0, 0x9, 0xf9, 0xf, 0xf3, 0x0, 0x0, 0x0,
    0xb, 0xf6, 0xc, 0xf7, 0x0, 0x0, 0x0, 0x1f,
    0xf3, 0x5, 0xfe, 0x10, 0x0, 0x0, 0x9f, 0xc0,
    0x0, 0xbf, 0xe4, 0x0, 0x19, 0xff, 0x30, 0x0,
    0x1b, 0xff, 0xfe, 0xff, 0xe5, 0x0, 0x0, 0x0,
    0x5a, 0xdf, 0xc8, 0x10, 0x0,

    /* U+00D6 "Ö" */
    0x0, 0x0, 0x34, 0x20, 0x44, 0x0, 0x0, 0x0,
    0x0, 0xbf, 0x60, 0xef, 0x20, 0x0, 0x0, 0x0,
    0xbf, 0x60, 0xef, 0x20, 0x0, 0x0, 0x0, 0x0,
    0x0, 0x0, 0x0, 0x0, 0x0, 0x0, 0x0, 0x0,
    0x0, 0x0, 0x0, 0x0, 0x0, 0x5a, 0xdf, 0xd9,
    0x10, 0x0, 0x0, 0x1a, 0xff, 0xff, 0xff, 0xe4,
    0x0, 0x0, 0xbf, 0xe4, 0x0, 0x2a, 0xff, 0x20,
    0x5, 0xff, 0x10, 0x0, 0x0, 0x9f, 0xc0, 0xc,
    0xf8, 0x0, 0x0, 0x0, 0x1f, 0xf3, 0xe, 0xf3,
    0x0, 0x0, 0x0, 0xc, 0xf6, 0x1f, 0xf1, 0x0,
    0x0, 0x0, 0x9, 0xf9, 0x1f, 0xf1, 0x0, 0x0,
    0x0, 0x9, 0xf9, 0xf, 0xf3, 0x0, 0x0, 0x0,
    0xb, 0xf6, 0xc, 0xf7, 0x0, 0x0, 0x0, 0x1f,
    0xf3, 0x5, 0xfe, 0x10, 0x0, 0x0, 0x9f, 0xc0,
    0x0, 0xbf, 0xe4, 0x0, 0x19, 0xff, 0x30, 0x0,
    0x1b, 0xff, 0xfe, 0xff, 0xe5, 0x0, 0x0, 0x0,
    0x5a, 0xdf, 0xc8, 0x10, 0x0,

    /* U+00D7 "×" */
    0x1, 0x30, 0x0, 0x0, 0x40, 0xd, 0xe2, 0x0,
    0xb, 0xf4, 0x6, 0xfe, 0x20, 0xaf, 0xc0, 0x0,
    0x7f, 0xda, 0xfc, 0x0, 0x0, 0x8, 0xff, 0xd1,
    0x0, 0x0, 0x8, 0xff, 0xd1, 0x0, 0x0, 0x7f,
    0xda, 0xfc, 0x0, 0x6, 0xfe, 0x20, 0xaf, 0xc0,
    0xe, 0xe2, 0x0, 0xb, 0xf5, 0x2, 0x30, 0x0,
    0x0, 0x50,

    /* U+00D8 "Ø" */
    0x0, 0x0, 0x0, 0x0, 0x0, 0x2, 0x10, 0x0,
    0x0, 0x5a, 0xdf, 0xc8, 0x1c, 0xd0, 0x0, 0x1b,
    0xff, 0xfe, 0xff, 0xff, 0x80, 0x0, 0xbf, 0xe4,
    0x0, 0x1b, 0xff, 0x30, 0x5, 0xff, 0x10, 0x0,
    0x2f, 0xff, 0xb0, 0xc, 0xf8, 0x0, 0x0, 0xdf,
    0x5f, 0xf3, 0xe, 0xf3, 0x0, 0x9, 0xf7, 0xb,
    0xf6, 0x1f, 0xf1, 0x0, 0x6f, 0xb0, 0x9, 0xf9,
    0x1f, 0xf0, 0x2, 0xfe, 0x10, 0x9, 0xf9, 0xf,
    0xf2, 0xd, 0xf3, 0x0, 0xb, 0xf6, 0xc, 0xf7,
    0xaf, 0x60, 0x0, 0x1f, 0xf3, 0x5, 0xff, 0xfa,
    0x0, 0x0, 0x8f, 0xc0, 0x0, 0xbf, 0xf4, 0x0,
    0x19, 0xff, 0x30, 0x1, 0xef, 0xff, 0xfe, 0xff,
    0xe5, 0x0, 0x6, 0xf6, 0x5b, 0xef, 0xc8, 0x10,
    0x0, 0x0, 0x30, 0x0, 0x0, 0x0, 0x0, 0x0,

    /* U+00D9 "Ù" */
    0x0, 0x8, 0xc8, 0x0, 0x0, 0x0, 0x0, 0x1e,
    0xf1, 0x0, 0x0, 0x0, 0x0, 0x4f, 0x80, 0x0,
    0x0, 0x0, 0x0, 0x0, 0x0, 0x0, 0x0, 0x0,
    0x0, 0x0, 0x0, 0x8, 0xf9, 0x0, 0x0, 0x3,
    0xfd, 0x8f, 0x90, 0x0, 0x0, 0x3f, 0xd8, 0xf9,
    0x0, 0x0, 0x3, 0xfd, 0x8f, 0x90, 0x0, 0x0,
    0x3f, 0xd8, 0xf9, 0x0, 0x0, 0x3, 0xfd, 0x8f,
    0x90, 0x0, 0x0, 0x3f, 0xd8, 0xf9, 0x0, 0x0,
    0x3, 0xfd, 0x8f, 0x90, 0x0, 0x0, 0x3f, 0xd8,
    0xf9, 0x0, 0x0, 0x4, 0xfd, 0x6f, 0xb0, 0x0,
    0x0, 0x6f, 0xb3, 0xff, 0x10, 0x0, 0xb, 0xf8,
    0xc, 0xfb, 0x10, 0x7, 0xff, 0x20, 0x3e, 0xff,
    0xef, 0xff, 0x70, 0x0, 0x19, 0xdf, 0xdb, 0x30,
    0x0,

    /* U+00DA "Ú" */
    0x0, 0x0, 0x1, 0xcc, 0x20, 0x0, 0x0, 0x0,
    0x8f, 0x70, 0x0, 0x0, 0x0, 0x1f, 0xb0, 0x0,
    0x0, 0x0, 0x0, 0x0, 0x0, 0x0, 0x0, 0x0,
    0x0, 0x0, 0x0, 0x8, 0xf9, 0x0, 0x0, 0x3,
    0xfd, 0x8f, 0x90, 0x0, 0x0, 0x3f, 0xd8, 0xf9,
    0x0, 0x0, 0x3, 0xfd, 0x8f, 0x90, 0x0, 0x0,
    0x3f, 0xd8, 0xf9, 0x0, 0x0, 0x3, 0xfd, 0x8f,
    0x90, 0x0, 0x0, 0x3f, 0xd8, 0xf9, 0x0, 0x0,
    0x3, 0xfd, 0x8f, 0x90, 0x0, 0x0, 0x3f, 0xd8,
    0xf9, 0x0, 0x0, 0x4, 0xfd, 0x6f, 0xb0, 0x0,
    0x0, 0x6f, 0xb3, 0xff, 0x10, 0x0, 0xb, 0xf8,
    0xc, 0xfb, 0x10, 0x7, 0xff, 0x20, 0x3e, 0xff,
    0xef, 0xff, 0x70, 0x0, 0x19, 0xdf, 0xdb, 0x30,
    0x0,

    /* U+00DB "Û" */
    0x0, 0x0, 0x9b, 0xb1, 0x0, 0x0, 0x0, 0x6f,
    0xbf, 0xb0, 0x0, 0x0, 0x2f, 0xd0, 0x9f, 0x60,
    0x0, 0x0, 0x0, 0x0, 0x0, 0x0, 0x0, 0x0,
    0x0, 0x0, 0x0, 0x8, 0xf9, 0x0, 0x0, 0x3,
    0xfd, 0x8f, 0x90, 0x0, 0x0, 0x3f, 0xd8, 0xf9,
    0x0, 0x0, 0x3, 0xfd, 0x8f, 0x90, 0x0, 0x0,
    0x3f, 0xd8, 0xf9, 0x0, 0x0, 0x3, 0xfd, 0x8f,
    0x90, 0x0, 0x0, 0x3f, 0xd8, 0xf9, 0x0, 0x0,
    0x3, 0xfd, 0x8f, 0x90, 0x0, 0x0, 0x3f, 0xd8,
    0xf9, 0x0, 0x0, 0x4, 0xfd, 0x6f, 0xb0, 0x0,
    0x0, 0x6f, 0xb3, 0xff, 0x10, 0x0, 0xb, 0xf8,
    0xc, 0xfb, 0x10, 0x7, 0xff, 0x20, 0x3e, 0xff,
    0xef, 0xff, 0x70, 0x0, 0x19, 0xdf, 0xdb, 0x30,
    0x0,

    /* U+00DC "Ü" */
    0x0, 0x14, 0x40, 0x24, 0x20, 0x0, 0x4, 0xfd,
    0x8, 0xf9, 0x0, 0x0, 0x4f, 0xd0, 0x8f, 0x90,
    0x0, 0x0, 0x0, 0x0, 0x0, 0x0, 0x0, 0x0,
    0x0, 0x0, 0x0, 0x8, 0xf9, 0x0, 0x0, 0x3,
    0xfd, 0x8f, 0x90, 0x0, 0x0, 0x3f, 0xd8, 0xf9,
    0x0, 0x0, 0x3, 0xfd, 0x8f, 0x90, 0x0, 0x0,
    0x3f, 0xd8, 0xf9, 0x0, 0x0, 0x3, 0xfd, 0x8f,
    0x90, 0x0, 0x0, 0x3f, 0xd8, 0xf9, 0x0, 0x0,
    0x3, 0xfd, 0x8f, 0x90, 0x0, 0x0, 0x3f, 0xd8,
    0xf9, 0x0, 0x0, 0x4, 0xfd, 0x6f, 0xb0, 0x0,
    0x0, 0x6f, 0xb3, 0xff, 0x10, 0x0, 0xb, 0xf8,
    0xc, 0xfb, 0x10, 0x7, 0xff, 0x20, 0x3e, 0xff,
    0xef, 0xff, 0x70, 0x0, 0x19, 0xdf, 0xdb, 0x30,
    0x0,

    /* U+00DD "Ý" */
    0x0, 0x0, 0x0, 0xcf, 0x60, 0x0, 0x0, 0x0,
    0x5, 0xfa, 0x0, 0x0, 0x0, 0x0, 0x9, 0xb0,
    0x0, 0x0, 0x0, 0x0, 0x0, 0x0, 0x0, 0x0,
    0xaf, 0xc0, 0x0, 0x0, 0xd, 0xf8, 0x1f, 0xf5,
    0x0, 0x0, 0x6f, 0xe0, 0x7, 0xfe, 0x0, 0x0,
    0xef, 0x50, 0x0, 0xdf, 0x70, 0x8, 0xfb, 0x0,
    0x0, 0x4f, 0xf1, 0x1f, 0xf2, 0x0, 0x0, 0xb,
    0xf8, 0xaf, 0x80, 0x0, 0x0, 0x2, 0xff, 0xfe,
    0x0, 0x0, 0x0, 0x0, 0x8f, 0xf5, 0x0, 0x0,
    0x0, 0x0, 0x2f, 0xf0, 0x0, 0x0, 0x0, 0x0,
    0x2f, 0xf0, 0x0, 0x0, 0x0, 0x0, 0x2f, 0xf0,
    0x0, 0x0, 0x0, 0x0, 0x2f, 0xf0, 0x0, 0x0,
    0x0, 0x0, 0x2f, 0xf0, 0x0, 0x0, 0x0, 0x0,
    0x2f, 0xf0, 0x0, 0x0,

    /* U+00DE "Þ" */
    0x6f, 0xb0, 0x0, 0x0, 0x0, 0x6, 0xfb, 0x0,
    0x0, 0x0, 0x0, 0x6f, 0xb0, 0x0, 0x0, 0x0,
    0x6, 0xff, 0xff, 0xfe, 0xc6, 0x0, 0x6f, 0xfd,
    0xde, 0xff, 0xfa, 0x6, 0xfb, 0x0, 0x0, 0x5f,
    0xf3, 0x6f, 0xb0, 0x0, 0x0, 0xbf, 0x66, 0xfb,
    0x0, 0x0, 0xc, 0xf6, 0x6f, 0xb0, 0x0, 0x17,
    0xff, 0x26, 0xff, 0xff, 0xff, 0xff, 0x80, 0x6f,
    0xfd, 0xdd, 0xca, 0x40, 0x6, 0xfb, 0x0, 0x0,
    0x0, 0x0, 0x6f, 0xb0, 0x0, 0x0, 0x0, 0x6,
    0xfb, 0x0, 0x0, 0x0, 0x0,

    /* U+00DF "ß" */
    0x0, 0x5b, 0xee, 0xc5, 0x0, 0x9, 0xff, 0xbb,
    0xff, 0x70, 0x3f, 0xe2, 0x0, 0x3f, 0xf0, 0x8f,
    0x70, 0x0, 0xd, 0xf2, 0xaf, 0x40, 0x0, 0xe,
    0xf1, 0xbf, 0x40, 0x2, 0xaf, 0x80, 0xbf, 0x43,
    0xff, 0xf6, 0x0, 0xbf, 0x42, 0xac, 0xfd, 0x30,
    0xbf, 0x40, 0x0, 0x3f, 0xe1, 0xbf, 0x40, 0x0,
    0xa, 0xf5, 0xbf, 0x40, 0x0, 0xa, 0xf5, 0xbf,
    0x40, 0x0, 0x4f, 0xf2, 0xbf, 0x44, 0xdd, 0xff,
    0x90, 0xbf, 0x45, 0xff, 0xc6, 0x0,

    /* U+00E0 "à" */
    0x0, 0x4f, 0xf1, 0x0, 0x0, 0x0, 0x8f, 0x70,
    0x0, 0x0, 0x0, 0xaa, 0x0, 0x0, 0x0, 0x0,
    0x0, 0x0, 0x0, 0x4b, 0xee, 0xb2, 0x0, 0x4f,
    0xfc, 0xbf, 0xe1, 0xc, 0xf6, 0x0, 0x8f, 0x70,
    0x44, 0x0, 0x19, 0xf9, 0x0, 0x6b, 0xef, 0xff,
    0xa0, 0xaf, 0xe9, 0x55, 0xfa, 0x1f, 0xe1, 0x0,
    0x5f, 0xa2, 0xff, 0x10, 0xb, 0xfa, 0xc, 0xfd,
    0x9d, 0xdf, 0xa0, 0x1a, 0xed, 0x93, 0xfa,

    /* U+00E1 "á" */
    0x0, 0x0, 0xd, 0xf5, 0x0, 0x0, 0x5, 0xf9,
    0x0, 0x0, 0x0, 0x9a, 0x0, 0x0, 0x0, 0x0,
    0x0, 0x0, 0x0, 0x4b, 0xee, 0xb2, 0x0, 0x4f,
    0xfc, 0xbf, 0xe1, 0xc, 0xf6, 0x0, 0x8f, 0x70,
    0x44, 0x0, 0x19, 0xf9, 0x0, 0x6b, 0xef, 0xff,
    0xa0, 0xaf, 0xe9, 0x55, 0xfa, 0x1f, 0xe1, 0x0,
    0x5f, 0xa2, 0xff, 0x10, 0xb, 0xfa, 0xc, 0xfd,
    0x9d, 0xdf, 0xa0, 0x1a, 0xed, 0x93, 0xfa,

    /* U+00E2 "â" */
    0x0, 0x9, 0xff, 0x80, 0x0, 0x4, 0xfa, 0xbf,
    0x30, 0x0, 0x9b, 0x11, 0xb8, 0x0, 0x0, 0x0,
    0x0, 0x0, 0x0, 0x4b, 0xee, 0xb2, 0x0, 0x4f,
    0xfc, 0xbf, 0xe1, 0xc, 0xf6, 0x0, 0x8f, 0x70,
    0x44, 0x0, 0x19, 0xf9, 0x0, 0x6b, 0xef, 0xff,
    0xa0, 0xaf, 0xe9, 0x55, 0xfa, 0x1f, 0xe1, 0x0,
    0x5f, 0xa2, 0xff, 0x10, 0xb, 0xfa, 0xc, 0xfd,
    0x9d, 0xdf, 0xa0, 0x1a, 0xed, 0x93, 0xfa,

    /* U+00E3 "ã" */
    0x0, 0x9f, 0xdb, 0xcf, 0x20, 0x2f, 0xcb, 0xee,
    0x80, 0x0, 0x0, 0x0, 0x0, 0x0, 0x0, 0x0,
    0x0, 0x0, 0x0, 0x4b, 0xee, 0xb2, 0x0, 0x4f,
    0xfc, 0xbf, 0xe1, 0xc, 0xf6, 0x0, 0x8f, 0x70,
    0x44, 0x0, 0x19, 0xf9, 0x0, 0x6b, 0xef, 0xff,
    0xa0, 0xaf, 0xe9, 0x55, 0xfa, 0x1f, 0xe1, 0x0,
    0x5f, 0xa2, 0xff, 0x10, 0xb, 0xfa, 0xc, 0xfd,
    0x9d, 0xdf, 0xa0, 0x1a, 0xed, 0x93, 0xfa,

    /* U+00E4 "ä" */
    0x0, 0xff, 0x23, 0xfe, 0x0, 0xf, 0xf2, 0x3f,
    0xe0, 0x0, 0x44, 0x0, 0x44, 0x0, 0x0, 0x0,
    0x0, 0x0, 0x0, 0x4b, 0xee, 0xb2, 0x0, 0x4f,
    0xfc, 0xbf, 0xe1, 0xc, 0xf6, 0x0, 0x8f, 0x70,
    0x44, 0x0, 0x19, 0xf9, 0x0, 0x6b, 0xef, 0xff,
    0xa0, 0xaf, 0xe9, 0x55, 0xfa, 0x1f, 0xe1, 0x0,
    0x5f, 0xa2, 0xff, 0x10, 0xb, 0xfa, 0xc, 0xfd,
    0x9d, 0xdf, 0xa0, 0x1a, 0xed, 0x93, 0xfa,

    /* U+00E5 "å" */
    0x0, 0x4, 0xdc, 0x30, 0x0, 0x0, 0xb8, 0x9a,
    0x0, 0x0, 0x6, 0xfe, 0x50, 0x0, 0x0, 0x0,
    0x0, 0x0, 0x0, 0x4b, 0xee, 0xb2, 0x0, 0x4f,
    0xfc, 0xbf, 0xe1, 0xc, 0xf6, 0x0, 0x8f, 0x70,
    0x44, 0x0, 0x19, 0xf9, 0x0, 0x6b, 0xef, 0xff,
    0xa0, 0xaf, 0xe9, 0x55, 0xfa, 0x1f, 0xe1, 0x0,
    0x5f, 0xa2, 0xff, 0x10, 0xb, 0xfa, 0xc, 0xfd,
    0x9d, 0xdf, 0xa0, 0x1a, 0xed, 0x93, 0xfa,

    /* U+00E6 "æ" */
    0x0, 0x4b, 0xed, 0xa1, 0x8, 0xcf, 0xc6, 0x0,
    0x4, 0xff, 0xbb, 0xfd, 0xcf, 0xca, 0xef, 0x80,
    0xc, 0xf5, 0x0, 0x7f, 0xf6, 0x0, 0xd, 0xf2,
    0x3, 0x30, 0x1, 0x8f, 0xf2, 0x22, 0x29, 0xf7,
    0x0, 0x6b, 0xef, 0xef, 0xff, 0xff, 0xff, 0xf9,
    0xa, 0xfd, 0x73, 0x3f, 0xe5, 0x55, 0x55, 0x53,
    0x1f, 0xe0, 0x0, 0x5f, 0xf0, 0x0, 0x3, 0x53,
    0x2f, 0xf1, 0x0, 0xcf, 0xf9, 0x0, 0xe, 0xf5,
    0xc, 0xfe, 0xae, 0xf4, 0xbf, 0xda, 0xef, 0xb0,
    0x1, 0xae, 0xfb, 0x30, 0x9, 0xef, 0xd7, 0x0,

    /* U+00E7 "ç" */
    0x0, 0x8, 0xcf, 0xd7, 0x0, 0x0, 0xdf, 0xeb,
    0xef, 0xb0, 0x9, 0xfa, 0x0, 0xe, 0xf4, 0xf,
    0xf1, 0x0, 0x6, 0xc6, 0x2f, 0xd0, 0x0, 0x0,
    0x0, 0x3f, 0xc0, 0x0, 0x0, 0x0, 0x1f, 0xe0,
    0x0, 0x2, 0x74, 0xd, 0xf6, 0x0, 0xb, 0xf7,
    0x4, 0xff, 0x85, 0x8f, 0xe1, 0x0, 0x5e, 0xff,
    0xfd, 0x30, 0x0, 0x0, 0xbc, 0x20, 0x0, 0x0,
    0x0, 0xee, 0x90, 0x0, 0x0, 0x6, 0x48, 0xf2,
    0x0, 0x0, 0x7, 0xed, 0x80, 0x0,

    /* U+00E8 "è" */
    0x0, 0x1e, 0xf4, 0x0, 0x0, 0x0, 0x4, 0xfc,
    0x0, 0x0, 0x0, 0x0, 0x7b, 0x20, 0x0, 0x0,
    0x0, 0x0, 0x0, 0x0, 0x0, 0x19, 0xdf, 0xc5,
    0x0, 0x1, 0xef, 0xba, 0xef, 0x70, 0xa, 0xf5,
    0x0, 0x1d, 0xf1, 0xf, 0xe2, 0x22, 0x29, 0xf6,
    0x3f, 0xff, 0xff, 0xff, 0xf8, 0x2f, 0xd5, 0x55,
    0x55, 0x53, 0xf, 0xe0, 0x0, 0x3, 0x52, 0xb,
    0xf8, 0x0, 0xe, 0xf4, 0x2, 0xff, 0xca, 0xef,
    0xb0, 0x0, 0x1a, 0xdf, 0xd7, 0x0,

    /* U+00E9 "é" */
    0x0, 0x0, 0x8, 0xfa, 0x0, 0x0, 0x0, 0x1f,
    0xd0, 0x0, 0x0, 0x0, 0x5b, 0x20, 0x0, 0x0,
    0x0, 0x0, 0x0, 0x0, 0x0, 0x19, 0xdf, 0xc5,
    0x0, 0x1, 0xef, 0xba, 0xef, 0x70, 0xa, 0xf5,
    0x0, 0x1d, 0xf1, 0xf, 0xe2, 0x22, 0x29, 0xf6,
    0x3f, 0xff, 0xff, 0xff, 0xf8, 0x2f, 0xd5, 0x55,
    0x55, 0x53, 0xf, 0xe0, 0x0, 0x3, 0x52, 0xb,
    0xf8, 0x0, 0xe, 0xf4, 0x2, 0xff, 0xca, 0xef,
    0xb0, 0x0, 0x1a, 0xdf, 0xd7, 0x0,

    /* U+00EA "ê" */
    0x0, 0x5, 0xff, 0xc0, 0x0, 0x0, 0x1e, 0xe8,
    0xf7, 0x0, 0x0, 0x6b, 0x40, 0x9a, 0x10, 0x0,
    0x0, 0x0, 0x0, 0x0, 0x0, 0x19, 0xdf, 0xc5,
    0x0, 0x1, 0xef, 0xba, 0xef, 0x70, 0xa, 0xf5,
    0x0, 0x1d, 0xf1, 0xf, 0xe2, 0x22, 0x29, 0xf6,
    0x3f, 0xff, 0xff, 0xff, 0xf8, 0x2f, 0xd5, 0x55,
    0x55, 0x53, 0xf, 0xe0, 0x0, 0x3, 0x52, 0xb,
    0xf8, 0x0, 0xe, 0xf4, 0x2, 0xff, 0xca, 0xef,
    0xb0, 0x0, 0x1a, 0xdf, 0xd7, 0x0,

    /* U+00EB "ë" */
    0x0, 0xbf, 0x70, 0xef, 0x30, 0x0, 0xbf, 0x70,
    0xef, 0x30, 0x0, 0x34, 0x20, 0x44, 0x0, 0x0,
    0x0, 0x0, 0x0, 0x0, 0x0, 0x19, 0xdf, 0xc5,
    0x0, 0x1, 0xef, 0xba, 0xef, 0x70, 0xa, 0xf5,
    0x0, 0x1d, 0xf1, 0xf, 0xe2, 0x22, 0x29, 0xf6,
    0x3f, 0xff, 0xff, 0xff, 0xf8, 0x2f, 0xd5, 0x55,
    0x55, 0x53, 0xf, 0xe0, 0x0, 0x3, 0x52, 0xb,
    0xf8, 0x0, 0xe, 0xf4, 0x2, 0xff, 0xca, 0xef,
    0xb0, 0x0, 0x1a, 0xdf, 0xd7, 0x0,

    /* U+00EC "ì" */
    0x1e, 0xf5, 0x0, 0x3f, 0xc0, 0x0, 0x6b, 0x20,
    0x0, 0x0, 0x0, 0xbf, 0x40, 0xb, 0xf4, 0x0,
    0xbf, 0x40, 0xb, 0xf4, 0x0, 0xbf, 0x40, 0xb,
    0xf4, 0x0, 0xbf, 0x40, 0xb, 0xf4, 0x0, 0xbf,
    0x40, 0xb, 0xf4,

    /* U+00ED "í" */
    0x8, 0xfb, 0x1, 0xfe, 0x10, 0x5b, 0x30, 0x0,
    0x0, 0x0, 0xbf, 0x40, 0xb, 0xf4, 0x0, 0xbf,
    0x40, 0xb, 0xf4, 0x0, 0xbf, 0x40, 0xb, 0xf4,
    0x0, 0xbf, 0x40, 0xb, 0xf4, 0x0, 0xbf, 0x40,
    0xb, 0xf4, 0x0,

    /* U+00EE "î" */
    0x4, 0xff, 0xd0, 0x1, 0xee, 0x8f, 0x80, 0x6b,
    0x40, 0x9b, 0x10, 0x0, 0x0, 0x0, 0x0, 0xbf,
    0x40, 0x0, 0xb, 0xf4, 0x0, 0x0, 0xbf, 0x40,
    0x0, 0xb, 0xf4, 0x0, 0x0, 0xbf, 0x40, 0x0,
    0xb, 0xf4, 0x0, 0x0, 0xbf, 0x40, 0x0, 0xb,
    0xf4, 0x0, 0x0, 0xbf, 0x40, 0x0, 0xb, 0xf4,
    0x0,

    /* U+00EF "ï" */
    0xaf, 0x70, 0xef, 0x3a, 0xf7, 0xe, 0xf3, 0x34,
    0x20, 0x44, 0x10, 0x0, 0x0, 0x0, 0x0, 0xbf,
    0x40, 0x0, 0xb, 0xf4, 0x0, 0x0, 0xbf, 0x40,
    0x0, 0xb, 0xf4, 0x0, 0x0, 0xbf, 0x40, 0x0,
    0xb, 0xf4, 0x0, 0x0, 0xbf, 0x40, 0x0, 0xb,
    0xf4, 0x0, 0x0, 0xbf, 0x40, 0x0, 0xb, 0xf4,
    0x0,

    /* U+00F0 "ð" */
    0x0, 0x0, 0x20, 0x0, 0x0, 0x0, 0x5, 0xfd,
    0x30, 0x30, 0x0, 0x1, 0xbf, 0xfe, 0xf4, 0x0,
    0x7, 0xff, 0xff, 0x60, 0x0, 0x4, 0x73, 0x9f,
    0xb0, 0x0, 0x1a, 0xde, 0xae, 0xf2, 0x1, 0xef,
    0xdb, 0xef, 0xf8, 0xa, 0xf9, 0x0, 0x1c, 0xfa,
    0xf, 0xf0, 0x0, 0x4, 0xfd, 0x2f, 0xd0, 0x0,
    0x1, 0xff, 0x2f, 0xd0, 0x0, 0x1, 0xfe, 0xf,
    0xf0, 0x0, 0x4, 0xfb, 0xa, 0xf8, 0x0, 0xc,
    0xf5, 0x1, 0xef, 0xda, 0xef, 0xa0, 0x0, 0x19,
    0xdf, 0xc6, 0x0,

    /* U+00F1 "ñ" */
    0x2, 0xdd, 0x72, 0xea, 0x0, 0x9f, 0xbf, 0xff,
    0x70, 0x6, 0x80, 0x17, 0x60, 0x0, 0x0, 0x0,
    0x0, 0x0, 0xbf, 0x48, 0xde, 0xa1, 0xb, 0xfc,
    0xeb, 0xef, 0xc0, 0xbf, 0xd1, 0x1, 0xef, 0x2b,
    0xf6, 0x0, 0xa, 0xf5, 0xbf, 0x40, 0x0, 0x9f,
    0x6b, 0xf4, 0x0, 0x9, 0xf6, 0xbf, 0x40, 0x0,
    0x9f, 0x6b, 0xf4, 0x0, 0x9, 0xf6, 0xbf, 0x40,
    0x0, 0x9f, 0x6b, 0xf4, 0x0, 0x9, 0xf6,

    /* U+00F2 "ò" */
    0x0, 0xd, 0xf6, 0x0, 0x0, 0x0, 0x2, 0xfe,
    0x0, 0x0, 0x0, 0x0, 0x5b, 0x30, 0x0, 0x0,
    0x0, 0x0, 0x0, 0x0, 0x0, 0x9, 0xdf, 0xc6,
    0x0, 0x1, 0xef, 0xdb, 0xef, 0xb0, 0xa, 0xf9,
    0x0, 0x1c, 0xf5, 0xf, 0xf0, 0x0, 0x4, 0xfb,
    0x2f, 0xd0, 0x0, 0x1, 0xfe, 0x2f, 0xd0, 0x0,
    0x1, 0xfe, 0xf, 0xf0, 0x0, 0x4, 0xfc, 0xa,
    0xf8, 0x0, 0xc, 0xf6, 0x1, 0xef, 0xda, 0xef,
    0xb0, 0x0, 0x19, 0xdf, 0xc7, 0x0,

    /* U+00F3 "ó" */
    0x0, 0x0, 0x7, 0xfc, 0x0, 0x0, 0x0, 0xe,
    0xe1, 0x0, 0x0, 0x0, 0x4b, 0x40, 0x0, 0x0,
    0x0, 0x0, 0x0, 0x0, 0x0, 0x9, 0xdf, 0xc6,
    0x0, 0x1, 0xef, 0xdb, 0xef, 0xb0, 0xa, 0xf9,
    0x0, 0x1c, 0xf5, 0xf, 0xf0, 0x0, 0x4, 0xfb,
    0x2f, 0xd0, 0x0, 0x1, 0xfe, 0x2f, 0xd0, 0x0,
    0x1, 0xfe, 0xf, 0xf0, 0x0, 0x4, 0xfc, 0xa,
    0xf8, 0x0, 0xc, 0xf6, 0x1, 0xef, 0xda, 0xef,
    0xb0, 0x0, 0x19, 0xdf, 0xc7, 0x0,

    /* U+00F4 "ô" */
    0x0, 0x3, 0xff, 0xd0, 0x0, 0x0, 0xd, 0xf7,
    0xf9, 0x0, 0x0, 0x5b, 0x50, 0x8b, 0x20, 0x0,
    0x0, 0x0, 0x0, 0x0, 0x0, 0x9, 0xdf, 0xc6,
    0x0, 0x1, 0xef, 0xdb, 0xef, 0xb0, 0xa, 0xf9,
    0x0, 0x1c, 0xf5, 0xf, 0xf0, 0x0, 0x4, 0xfb,
    0x2f, 0xd0, 0x0, 0x1, 0xfe, 0x2f, 0xd0, 0x0,
    0x1, 0xfe, 0xf, 0xf0, 0x0, 0x4, 0xfc, 0xa,
    0xf8, 0x0, 0xc, 0xf6, 0x1, 0xef, 0xda, 0xef,
    0xb0, 0x0, 0x19, 0xdf, 0xc7, 0x0,

    /* U+00F5 "õ" */
    0x0, 0x4e, 0xec, 0xaf, 0x80, 0x0, 0xce, 0xad,
    0xfb, 0x20, 0x0, 0x0, 0x0, 0x0, 0x0, 0x0,
    0x0, 0x0, 0x0, 0x0, 0x0, 0x9, 0xdf, 0xc6,
    0x0, 0x1, 0xef, 0xdb, 0xef, 0xb0, 0xa, 0xf9,
    0x0, 0x1c, 0xf5, 0xf, 0xf0, 0x0, 0x4, 0xfb,
    0x2f, 0xd0, 0x0, 0x1, 0xfe, 0x2f, 0xd0, 0x0,
    0x1, 0xfe, 0xf, 0xf0, 0x0, 0x4, 0xfc, 0xa,
    0xf8, 0x0, 0xc, 0xf6, 0x1, 0xef, 0xda, 0xef,
    0xb0, 0x0, 0x19, 0xdf, 0xc7, 0x0,

    /* U+00F6 "ö" */
    0x0, 0x9f, 0x80, 0xcf, 0x50, 0x0, 0x9f, 0x80,
    0xcf, 0x50, 0x0, 0x24, 0x20, 0x34, 0x10, 0x0,
    0x0, 0x0, 0x0, 0x0, 0x0, 0x9, 0xdf, 0xc6,
    0x0, 0x1, 0xef, 0xdb, 0xef, 0xb0, 0xa, 0xf9,
    0x0, 0x1c, 0xf5, 0xf, 0xf0, 0x0, 0x4, 0xfb,
    0x2f, 0xd0, 0x0, 0x1, 0xfe, 0x2f, 0xd0, 0x0,
    0x1, 0xfe, 0xf, 0xf0, 0x0, 0x4, 0xfc, 0xa,
    0xf8, 0x0, 0xc, 0xf6, 0x1, 0xef, 0xda, 0xef,
    0xb0, 0x0, 0x19, 0xdf, 0xc7, 0x0,

    /* U+00F7 "÷" */
    0x0, 0x8, 0xf7, 0x0, 0x0, 0x0, 0x8, 0xf7,
    0x0, 0x0, 0x0, 0x0, 0x10, 0x0, 0x0, 0x0,
    0x0, 0x0, 0x0, 0x0, 0xcc, 0xcc, 0xcc, 0xcc,
    0xc0, 0xff, 0xff, 0xff, 0xff, 0xf0, 0x0, 0x0,
    0x0, 0x0, 0x0, 0x0, 0x1, 0x10, 0x0, 0x0,
    0x0, 0x8, 0xf7, 0x0, 0x0, 0x0, 0x8, 0xf7,
    0x0, 0x0,

    /* U+00F8 "ø" */
    0x0, 0x0, 0x0, 0x0, 0x50, 0x0, 0x19, 0xdf,
    0xd8, 0xf9, 0x1, 0xef, 0xdb, 0xff, 0xf1, 0xa,
    0xf9, 0x0, 0xbf, 0xf5, 0xf, 0xf0, 0x7, 0xfb,
    0xfc, 0x2f, 0xd0, 0x3f, 0xb1, 0xfe, 0x3f, 0xd1,
    0xee, 0x11, 0xfe, 0xf, 0xfb, 0xf3, 0x4, 0xfc,
    0xa, 0xff, 0x70, 0xc, 0xf6, 0x5, 0xff, 0xda,
    0xef, 0xb0, 0xd, 0xe9, 0xef, 0xc7, 0x0, 0x1,
    0x30, 0x0, 0x0, 0x0,

    /* U+00F9 "ù" */
    0x1, 0xef, 0x50, 0x0, 0x0, 0x3, 0xfc, 0x0,
    0x0, 0x0, 0x6, 0xb2, 0x0, 0x0, 0x0, 0x0,
    0x0, 0x0, 0xcf, 0x20, 0x0, 0xcf, 0x3c, 0xf2,
    0x0, 0xc, 0xf3, 0xcf, 0x20, 0x0, 0xcf, 0x3c,
    0xf2, 0x0, 0xc, 0xf3, 0xcf, 0x20, 0x0, 0xcf,
    0x3c, 0xf2, 0x0, 0xc, 0xf3, 0xbf, 0x30, 0x0,
    0xef, 0x39, 0xf9, 0x0, 0x5f, 0xf3, 0x3f, 0xfc,
    0xbf, 0xdf, 0x30, 0x4d, 0xfb, 0x4b, 0xf3,

    /* U+00FA "ú" */
    0x0, 0x0, 0x8f, 0xb0, 0x0, 0x0, 0x1f, 0xe1,
    0x0, 0x0, 0x5, 0xb3, 0x0, 0x0, 0x0, 0x0,
    0x0, 0x0, 0xcf, 0x20, 0x0, 0xcf, 0x3c, 0xf2,
    0x0, 0xc, 0xf3, 0xcf, 0x20, 0x0, 0xcf, 0x3c,
    0xf2, 0x0, 0xc, 0xf3, 0xcf, 0x20, 0x0, 0xcf,
    0x3c, 0xf2, 0x0, 0xc, 0xf3, 0xbf, 0x30, 0x0,
    0xef, 0x39, 0xf9, 0x0, 0x5f, 0xf3, 0x3f, 0xfc,
    0xbf, 0xdf, 0x30, 0x4d, 0xfb, 0x4b, 0xf3,

    /* U+00FB "û" */
    0x0, 0x4f, 0xfd, 0x0, 0x0, 0x1e, 0xe8, 0xf8,
    0x0, 0x6, 0xb4, 0x9, 0xb1, 0x0, 0x0, 0x0,
    0x0, 0x0, 0xcf, 0x20, 0x0, 0xcf, 0x3c, 0xf2,
    0x0, 0xc, 0xf3, 0xcf, 0x20, 0x0, 0xcf, 0x3c,
    0xf2, 0x0, 0xc, 0xf3, 0xcf, 0x20, 0x0, 0xcf,
    0x3c, 0xf2, 0x0, 0xc, 0xf3, 0xbf, 0x30, 0x0,
    0xef, 0x39, 0xf9, 0x0, 0x5f, 0xf3, 0x3f, 0xfc,
    0xbf, 0xdf, 0x30, 0x4d, 0xfb, 0x4b, 0xf3,

    /* U+00FC "ü" */
    0xa, 0xf7, 0xd, 0xf3, 0x0, 0xaf, 0x70, 0xdf,
    0x30, 0x3, 0x42, 0x4, 0x41, 0x0, 0x0, 0x0,
    0x0, 0x0, 0xcf, 0x20, 0x0, 0xcf, 0x3c, 0xf2,
    0x0, 0xc, 0xf3, 0xcf, 0x20, 0x0, 0xcf, 0x3c,
    0xf2, 0x0, 0xc, 0xf3, 0xcf, 0x20, 0x0, 0xcf,
    0x3c, 0xf2, 0x0, 0xc, 0xf3, 0xbf, 0x30, 0x0,
    0xef, 0x39, 0xf9, 0x0, 0x5f, 0xf3, 0x3f, 0xfc,
    0xbf, 0xdf, 0x30, 0x4d, 0xfb, 0x4b, 0xf3,

    /* U+00FD "ý" */
    0x0, 0x0, 0x1f, 0xf3, 0x0, 0x0, 0x0, 0x8f,
    0x70, 0x0, 0x0, 0x0, 0xb9, 0x0, 0x0, 0x0,
    0x0, 0x0, 0x0, 0x0, 0x9f, 0x80, 0x0, 0xf,
    0xf1, 0x3f, 0xe0, 0x0, 0x4f, 0xb0, 0xd, 0xf3,
    0x0, 0x9f, 0x50, 0x7, 0xf9, 0x0, 0xef, 0x0,
    0x1, 0xfe, 0x3, 0xfa, 0x0, 0x0, 0xbf, 0x38,
    0xf5, 0x0, 0x0, 0x5f, 0x9d, 0xf0, 0x0, 0x0,
    0xe, 0xef, 0x90, 0x0, 0x0, 0x9, 0xff, 0x40,
    0x0, 0x0, 0x4, 0xfe, 0x0, 0x0, 0x0, 0x7,
    0xf9, 0x0, 0x0, 0x0, 0xd, 0xf3, 0x0, 0x0,
    0x0, 0x3f, 0xd0, 0x0, 0x0, 0x0, 0x9f, 0x80,
    0x0, 0x0,

    /* U+00FE "þ" */
    0xbf, 0x40, 0x0, 0x0, 0x0, 0xbf, 0x40, 0x0,
    0x0, 0x0, 0xbf, 0x40, 0x0, 0x0, 0x0, 0xbf,
    0x40, 0x0, 0x0, 0x0, 0xbf, 0x47, 0xce, 0xb3,
    0x0, 0xbf, 0xcf, 0xbd, 0xff, 0x40, 0xbf, 0xe2,
    0x0, 0x7f, 0xd0, 0xbf, 0x70, 0x0, 0xe, 0xf2,
    0xbf, 0x30, 0x0, 0xb, 0xf5, 0xbf, 0x30, 0x0,
    0xb, 0xf5, 0xbf, 0x70, 0x0, 0xe, 0xf2, 0xbf,
    0xe2, 0x0, 0x7f, 0xd0, 0xbf, 0xcf, 0xac, 0xff,
    0x40, 0xbf, 0x48, 0xde, 0xb3, 0x0, 0xbf, 0x40,
    0x0, 0x0, 0x0, 0xbf, 0x40, 0x0, 0x0, 0x0,
    0xbf, 0x40, 0x0, 0x0, 0x0, 0xbf, 0x40, 0x0,
    0x0, 0x0,

    /* U+00FF "ÿ" */
    0x2, 0xff, 0x5, 0xfb, 0x0, 0x2, 0xff, 0x5,
    0xfb, 0x0, 0x0, 0x44, 0x1, 0x43, 0x0, 0x0,
    0x0, 0x0, 0x0, 0x0, 0x9f, 0x80, 0x0, 0xf,
    0xf1, 0x3f, 0xe0, 0x0, 0x4f, 0xb0, 0xd, 0xf3,
    0x0, 0x9f, 0x50, 0x7, 0xf9, 0x0, 0xef, 0x0,
    0x1, 0xfe, 0x3, 0xfa, 0x0, 0x0, 0xbf, 0x38,
    0xf5, 0x0, 0x0, 0x5f, 0x9d, 0xf0, 0x0, 0x0,
    0xe, 0xef, 0x90, 0x0, 0x0, 0x9, 0xff, 0x40,
    0x0, 0x0, 0x4, 0xfe, 0x0, 0x0, 0x0, 0x7,
    0xf9, 0x0, 0x0, 0x0, 0xd, 0xf3, 0x0, 0x0,
    0x0, 0x3f, 0xd0, 0x0, 0x0, 0x0, 0x9f, 0x80,
    0x0, 0x0,

    /* U+2013 "–" */
    0xdf, 0xff, 0xff, 0xff, 0x6d, 0xff, 0xff, 0xff,
    0xf6,

    /* U+2014 "—" */
    0xdf, 0xff, 0xff, 0xff, 0xff, 0xff, 0xf9, 0xdf,
    0xff, 0xff, 0xff, 0xff, 0xff, 0xf9,

    /* U+2018 "‘" */
    0x5, 0x37, 0xf3, 0xd7, 0xf, 0xa3, 0xff, 0x5f,
    0xf5,

    /* U+2019 "’" */
    0xdf, 0x7d, 0xf7, 0x7e, 0x70, 0xe5, 0xae, 0x17,
    0x20,

    /* U+201C "“" */
    0x5, 0x30, 0x18, 0x7e, 0x30, 0xdc, 0xd7, 0x4,
    0xf1, 0xfa, 0x26, 0xf7, 0xff, 0x56, 0xff, 0xff,
    0x56, 0xff,

    /* U+201D "”" */
    0xdf, 0x73, 0xff, 0x1d, 0xf7, 0x3f, 0xf1, 0x7e,
    0x72, 0x9f, 0x10, 0xe5, 0x5, 0xf0, 0xae, 0x12,
    0xe9, 0x7, 0x20, 0x27, 0x0,

    /* U+2026 "…" */
    0x9a, 0x60, 0x1a, 0xa3, 0x5, 0xaa, 0xdf, 0x90,
    0x2f, 0xf4, 0x7, 0xff, 0xdf, 0x90, 0x2f, 0xf4,
    0x7, 0xff,

    /* U+2039 "‹" */
    0x0, 0x0, 0x30, 0x0, 0xa7, 0x0, 0xbf, 0x70,
    0xcf, 0xb0, 0x3f, 0x90, 0x3, 0xfc, 0x10, 0xa,
    0xfd, 0x20, 0x9, 0xf7, 0x0, 0x8, 0x70, 0x0,
    0x1,

    /* U+203A "›" */
    0x30, 0x0, 0xf4, 0x0, 0xff, 0x50, 0x5f, 0xf5,
    0x3, 0xea, 0x5, 0xfa, 0x7f, 0xe3, 0xfe, 0x20,
    0xd2, 0x0, 0x10, 0x0
};


/*---------------------
 *  GLYPH DESCRIPTION
 *--------------------*/

static const lv_font_fmt_txt_glyph_dsc_t glyph_dsc[] = {
    {.bitmap_index = 0, .adv_w = 0, .box_w = 0, .box_h = 0, .ofs_x = 0, .ofs_y = 0} /* id = 0 reserved */,
    {.bitmap_index = 0, .adv_w = 68, .box_w = 0, .box_h = 0, .ofs_x = 0, .ofs_y = 0},
    {.bitmap_index = 0, .adv_w = 78, .box_w = 3, .box_h = 14, .ofs_x = 1, .ofs_y = 0},
    {.bitmap_index = 21, .adv_w = 112, .box_w = 7, .box_h = 5, .ofs_x = 0, .ofs_y = 9},
    {.bitmap_index = 39, .adv_w = 192, .box_w = 12, .box_h = 14, .ofs_x = 0, .ofs_y = 0},
    {.bitmap_index = 123, .adv_w = 183, .box_w = 11, .box_h = 19, .ofs_x = 0, .ofs_y = -2},
    {.bitmap_index = 228, .adv_w = 235, .box_w = 15, .box_h = 14, .ofs_x = 0, .ofs_y = 0},
    {.bitmap_index = 333, .adv_w = 201, .box_w = 13, .box_h = 14, .ofs_x = 0, .ofs_y = 0},
    {.bitmap_index = 424, .adv_w = 61, .box_w = 3, .box_h = 5, .ofs_x = 0, .ofs_y = 9},
    {.bitmap_index = 432, .adv_w = 88, .box_w = 6, .box_h = 17, .ofs_x = 0, .ofs_y = -3},
    {.bitmap_index = 483, .adv_w = 88, .box_w = 5, .box_h = 17, .ofs_x = 0, .ofs_y = -3},
    {.bitmap_index = 526, .adv_w = 120, .box_w = 7, .box_h = 7, .ofs_x = 0, .ofs_y = 8},
    {.bitmap_index = 551, .adv_w = 164, .box_w = 10, .box_h = 10, .ofs_x = 0, .ofs_y = 1},
    {.bitmap_index = 601, .adv_w = 77, .box_w = 3, .box_h = 7, .ofs_x = 1, .ofs_y = -4},
    {.bitmap_index = 612, .adv_w = 115, .box_w = 6, .box_h = 2, .ofs_x = 1, .ofs_y = 4},
    {.bitmap_index = 618, .adv_w = 76, .box_w = 3, .box_h = 3, .ofs_x = 1, .ofs_y = 0},
    {.bitmap_index = 623, .adv_w = 128, .box_w = 8, .box_h = 14, .ofs_x = 0, .ofs_y = 0},
    {.bitmap_index = 679, .adv_w = 190, .box_w = 11, .box_h = 14, .ofs_x = 0, .ofs_y = 0},
    {.bitmap_index = 756, .adv_w = 115, .box_w = 6, .box_h = 14, .ofs_x = 0, .ofs_y = 0},
    {.bitmap_index = 798, .adv_w = 176, .box_w = 11, .box_h = 14, .ofs_x = 0, .ofs_y = 0},
    {.bitmap_index = 875, .adv_w = 181, .box_w = 11, .box_h = 14, .ofs_x = 0, .ofs_y = 0},
    {.bitmap_index = 952, .adv_w = 185, .box_w = 12, .box_h = 14, .ofs_x = 0, .ofs_y = 0},
    {.bitmap_index = 1036, .adv_w = 176, .box_w = 11, .box_h = 14, .ofs_x = 0, .ofs_y = 0},
    {.bitmap_index = 1113, .adv_w = 185, .box_w = 11, .box_h = 14, .ofs_x = 0, .ofs_y = 0},
    {.bitmap_index = 1190, .adv_w = 161, .box_w = 10, .box_h = 14, .ofs_x = 0, .ofs_y = 0},
    {.bitmap_index = 1260, .adv_w = 185, .box_w = 11, .box_h = 14, .ofs_x = 0, .ofs_y = 0},
    {.bitmap_index = 1337, .adv_w = 182, .box_w = 11, .box_h = 14, .ofs_x = 0, .ofs_y = 0},
    {.bitmap_index = 1414, .adv_w = 76, .box_w = 3, .box_h = 9, .ofs_x = 1, .ofs_y = 0},
    {.bitmap_index = 1428, .adv_w = 76, .box_w = 3, .box_h = 13, .ofs_x = 1, .ofs_y = -4},
    {.bitmap_index = 1448, .adv_w = 164, .box_w = 10, .box_h = 10, .ofs_x = 0, .ofs_y = 1},
    {.bitmap_index = 1498, .adv_w = 182, .box_w = 10, .box_h = 6, .ofs_x = 1, .ofs_y = 3},
    {.bitmap_index = 1528, .adv_w = 164, .box_w = 9, .box_h = 10, .ofs_x = 1, .ofs_y = 1},
    {.bitmap_index = 1573, .adv_w = 157, .box_w = 10, .box_h = 14, .ofs_x = 0, .ofs_y = 0},
    {.bitmap_index = 1643, .adv_w = 237, .box_w = 15, .box_h = 15, .ofs_x = 0, .ofs_y = -2},
    {.bitmap_index = 1756, .adv_w = 212, .box_w = 14, .box_h = 14, .ofs_x = 0, .ofs_y = 0},
    {.bitmap_index = 1854, .adv_w = 201, .box_w = 11, .box_h = 14, .ofs_x = 1, .ofs_y = 0},
    {.bitmap_index = 1931, .adv_w = 220, .box_w = 14, .box_h = 14, .ofs_x = 0, .ofs_y = 0},
    {.bitmap_index = 2029, .adv_w = 222, .box_w = 13, .box_h = 14, .ofs_x = 1, .ofs_y = 0},
    {.bitmap_index = 2120, .adv_w = 187, .box_w = 10, .box_h = 14, .ofs_x = 1, .ofs_y = 0},
    {.bitmap_index = 2190, .adv_w = 178, .box_w = 10, .box_h = 14, .ofs_x = 1, .ofs_y = 0},
    {.bitmap_index = 2260, .adv_w = 226, .box_w = 14, .box_h = 14, .ofs_x = 0, .ofs_y = 0},
    {.bitmap_index = 2358, .adv_w = 224, .box_w = 12, .box_h = 14, .ofs_x = 1, .ofs_y = 0},
    {.bitmap_index = 2442, .adv_w = 85, .box_w = 3, .box_h = 14, .ofs_x = 1, .ofs_y = 0},
    {.bitmap_index = 2463, .adv_w = 166, .box_w = 9, .box_h = 14, .ofs_x = 0, .ofs_y = 0},
    {.bitmap_index = 2526, .adv_w = 195, .box_w = 12, .box_h = 14, .ofs_x = 1, .ofs_y = 0},
    {.bitmap_index = 2610, .adv_w = 171, .box_w = 10, .box_h = 14, .ofs_x = 1, .ofs_y = 0},
    {.bitmap_index = 2680, .adv_w = 288, .box_w = 16, .box_h = 14, .ofs_x = 1, .ofs_y = 0},
    {.bitmap_index = 2792, .adv_w = 235, .box_w = 13, .box_h = 14, .ofs_x = 1, .ofs_y = 0},
    {.bitmap_index = 2883, .adv_w = 232, .box_w = 14, .box_h = 14, .ofs_x = 0, .ofs_y = 0},
    {.bitmap_index = 2981, .adv_w = 194, .box_w = 11, .box_h = 14, .ofs_x = 1, .ofs_y = 0},
    {.bitmap_index = 3058, .adv_w = 232, .box_w = 14, .box_h = 15, .ofs_x = 0, .ofs_y = -1},
    {.bitmap_index = 3163, .adv_w = 202, .box_w = 11, .box_h = 14, .ofs_x = 1, .ofs_y = 0},
    {.bitmap_index = 3240, .adv_w = 196, .box_w = 12, .box_h = 14, .ofs_x = 0, .ofs_y = 0},
    {.bitmap_index = 3324, .adv_w = 183, .box_w = 12, .box_h = 14, .ofs_x = 0, .ofs_y = 0},
    {.bitmap_index = 3408, .adv_w = 213, .box_w = 11, .box_h = 14, .ofs_x = 1, .ofs_y = 0},
    {.bitmap_index = 3485, .adv_w = 206, .box_w = 13, .box_h = 14, .ofs_x = 0, .ofs_y = 0},
    {.bitmap_index = 3576, .adv_w = 304, .box_w = 19, .box_h = 14, .ofs_x = 0, .ofs_y = 0},
    {.bitmap_index = 3709, .adv_w = 195, .box_w = 14, .box_h = 14, .ofs_x = -1, .ofs_y = 0},
    {.bitmap_index = 3807, .adv_w = 190, .box_w = 12, .box_h = 14, .ofs_x = 0, .ofs_y = 0},
    {.bitmap_index = 3891, .adv_w = 185, .box_w = 12, .box_h = 14, .ofs_x = 0, .ofs_y = 0},
    {.bitmap_index = 3975, .adv_w = 95, .box_w = 5, .box_h = 17, .ofs_x = 1, .ofs_y = -3},
    {.bitmap_index = 4018, .adv_w = 128, .box_w = 8, .box_h = 14, .ofs_x = 0, .ofs_y = 0},
    {.bitmap_index = 4074, .adv_w = 92, .box_w = 5, .box_h = 17, .ofs_x = 0, .ofs_y = -3},
    {.bitmap_index = 4117, .adv_w = 150, .box_w = 9, .box_h = 7, .ofs_x = 0, .ofs_y = 7},
    {.bitmap_index = 4149, .adv_w = 179, .box_w = 11, .box_h = 2, .ofs_x = 0, .ofs_y = -3},
    {.bitmap_index = 4160, .adv_w = 88, .box_w = 5, .box_h = 3, .ofs_x = 0, .ofs_y = 11},
    {.bitmap_index = 4168, .adv_w = 158, .box_w = 9, .box_h = 10, .ofs_x = 0, .ofs_y = 0},
    {.bitmap_index = 4213, .adv_w = 178, .box_w = 10, .box_h = 14, .ofs_x = 1, .ofs_y = 0},
    {.bitmap_index = 4283, .adv_w = 165, .box_w = 10, .box_h = 10, .ofs_x = 0, .ofs_y = 0},
    {.bitmap_index = 4333, .adv_w = 178, .box_w = 10, .box_h = 14, .ofs_x = 0, .ofs_y = 0},
    {.bitmap_index = 4403, .adv_w = 166, .box_w = 10, .box_h = 10, .ofs_x = 0, .ofs_y = 0},
    {.bitmap_index = 4453, .adv_w = 101, .box_w = 6, .box_h = 14, .ofs_x = 0, .ofs_y = 0},
    {.bitmap_index = 4495, .adv_w = 178, .box_w = 10, .box_h = 14, .ofs_x = 0, .ofs_y = -4},
    {.bitmap_index = 4565, .adv_w = 169, .box_w = 9, .box_h = 14, .ofs_x = 1, .ofs_y = 0},
    {.bitmap_index = 4628, .adv_w = 73, .box_w = 3, .box_h = 14, .ofs_x = 1, .ofs_y = 0},
    {.bitmap_index = 4649, .adv_w = 74, .box_w = 5, .box_h = 18, .ofs_x = -1, .ofs_y = -4},
    {.bitmap_index = 4694, .adv_w = 154, .box_w = 9, .box_h = 14, .ofs_x = 1, .ofs_y = 0},
    {.bitmap_index = 4757, .adv_w = 73, .box_w = 3, .box_h = 14, .ofs_x = 1, .ofs_y = 0},
    {.bitmap_index = 4778, .adv_w = 254, .box_w = 14, .box_h = 10, .ofs_x = 1, .ofs_y = 0},
    {.bitmap_index = 4848, .adv_w = 169, .box_w = 9, .box_h = 10, .ofs_x = 1, .ofs_y = 0},
    {.bitmap_index = 4893, .adv_w = 172, .box_w = 10, .box_h = 10, .ofs_x = 0, .ofs_y = 0},
    {.bitmap_index = 4943, .adv_w = 178, .box_w = 10, .box_h = 14, .ofs_x = 1, .ofs_y = -4},
    {.bitmap_index = 5013, .adv_w = 179, .box_w = 10, .box_h = 14, .ofs_x = 0, .ofs_y = -4},
    {.bitmap_index = 5083, .adv_w = 108, .box_w = 6, .box_h = 10, .ofs_x = 1, .ofs_y = 0},
    {.bitmap_index = 5113, .adv_w = 150, .box_w = 9, .box_h = 10, .ofs_x = 0, .ofs_y = 0},
    {.bitmap_index = 5158, .adv_w = 108, .box_w = 7, .box_h = 13, .ofs_x = 0, .ofs_y = 0},
    {.bitmap_index = 5204, .adv_w = 168, .box_w = 9, .box_h = 10, .ofs_x = 1, .ofs_y = 0},
    {.bitmap_index = 5249, .adv_w = 153, .box_w = 10, .box_h = 10, .ofs_x = 0, .ofs_y = 0},
    {.bitmap_index = 5299, .adv_w = 243, .box_w = 15, .box_h = 10, .ofs_x = 0, .ofs_y = 0},
    {.bitmap_index = 5374, .adv_w = 149, .box_w = 10, .box_h = 10, .ofs_x = 0, .ofs_y = 0},
    {.bitmap_index = 5424, .adv_w = 150, .box_w = 10, .box_h = 14, .ofs_x = 0, .ofs_y = -4},
    {.bitmap_index = 5494, .adv_w = 144, .box_w = 9, .box_h = 10, .ofs_x = 0, .ofs_y = 0},
    {.bitmap_index = 5539, .adv_w = 100, .box_w = 6, .box_h = 17, .ofs_x = 0, .ofs_y = -3},
    {.bitmap_index = 5590, .adv_w = 78, .box_w = 3, .box_h = 17, .ofs_x = 1, .ofs_y = -3},
    {.bitmap_index = 5616, .adv_w = 100, .box_w = 6, .box_h = 17, .ofs_x = 0, .ofs_y = -3},
    {.bitmap_index = 5667, .adv_w = 178, .box_w = 9, .box_h = 3, .ofs_x = 1, .ofs_y = 5},
    {.bitmap_index = 5681, .adv_w = 68, .box_w = 0, .box_h = 0, .ofs_x = 0, .ofs_y = 0},
    {.bitmap_index = 5681, .adv_w = 74, .box_w = 3, .box_h = 14, .ofs_x = 1, .ofs_y = -3},
    {.bitmap_index = 5702, .adv_w = 186, .box_w = 12, .box_h = 17, .ofs_x = 0, .ofs_y = -1},
    {.bitmap_index = 5804, .adv_w = 199, .box_w = 12, .box_h = 14, .ofs_x = 0, .ofs_y = 0},
    {.bitmap_index = 5888, .adv_w = 199, .box_w = 12, .box_h = 13, .ofs_x = 0, .ofs_y = 1},
    {.bitmap_index = 5966, .adv_w = 193, .box_w = 12, .box_h = 14, .ofs_x = 0, .ofs_y = 0},
    {.bitmap_index = 6050, .adv_w = 78, .box_w = 3, .box_h = 17, .ofs_x = 1, .ofs_y = -3},
    {.bitmap_index = 6076, .adv_w = 166, .box_w = 10, .box_h = 17, .ofs_x = 0, .ofs_y = -3},
    {.bitmap_index = 6161, .adv_w = 123, .box_w = 7, .box_h = 3, .ofs_x = 0, .ofs_y = 11},
    {.bitmap_index = 6172, .adv_w = 247, .box_w = 15, .box_h = 16, .ofs_x = 0, .ofs_y = -1},
    {.bitmap_index = 6292, .adv_w = 121, .box_w = 7, .box_h = 8, .ofs_x = 0, .ofs_y = 6},
    {.bitmap_index = 6320, .adv_w = 151, .box_w = 9, .box_h = 10, .ofs_x = 0, .ofs_y = 0},
    {.bitmap_index = 6365, .adv_w = 183, .box_w = 10, .box_h = 5, .ofs_x = 1, .ofs_y = 2},
    {.bitmap_index = 6390, .adv_w = 115, .box_w = 6, .box_h = 2, .ofs_x = 1, .ofs_y = 4},
    {.bitmap_index = 6396, .adv_w = 193, .box_w = 12, .box_h = 12, .ofs_x = 0, .ofs_y = 3},
    {.bitmap_index = 6468, .adv_w = 122, .box_w = 7, .box_h = 2, .ofs_x = 0, .ofs_y = 12},
    {.bitmap_index = 6475, .adv_w = 114, .box_w = 7, .box_h = 7, .ofs_x = 0, .ofs_y = 8},
    {.bitmap_index = 6500, .adv_w = 185, .box_w = 10, .box_h = 10, .ofs_x = 1, .ofs_y = 1},
    {.bitmap_index = 6550, .adv_w = 124, .box_w = 8, .box_h = 9, .ofs_x = 0, .ofs_y = 6},
    {.bitmap_index = 6586, .adv_w = 128, .box_w = 8, .box_h = 9, .ofs_x = 0, .ofs_y = 6},
    {.bitmap_index = 6622, .adv_w = 88, .box_w = 5, .box_h = 3, .ofs_x = 0, .ofs_y = 11},
    {.bitmap_index = 6630, .adv_w = 174, .box_w = 9, .box_h = 14, .ofs_x = 1, .ofs_y = -4},
    {.bitmap_index = 6693, .adv_w = 174, .box_w = 10, .box_h = 17, .ofs_x = 0, .ofs_y = -3},
    {.bitmap_index = 6778, .adv_w = 77, .box_w = 3, .box_h = 3, .ofs_x = 1, .ofs_y = 5},
    {.bitmap_index = 6783, .adv_w = 97, .box_w = 6, .box_h = 6, .ofs_x = 0, .ofs_y = -5},
    {.bitmap_index = 6801, .adv_w = 89, .box_w = 5, .box_h = 9, .ofs_x = 0, .ofs_y = 6},
    {.bitmap_index = 6824, .adv_w = 125, .box_w = 8, .box_h = 8, .ofs_x = 0, .ofs_y = 6},
    {.bitmap_index = 6856, .adv_w = 151, .box_w = 8, .box_h = 10, .ofs_x = 1, .ofs_y = 0},
    {.bitmap_index = 6896, .adv_w = 263, .box_w = 16, .box_h = 15, .ofs_x = 0, .ofs_y = -1},
    {.bitmap_index = 7016, .adv_w = 274, .box_w = 17, .box_h = 15, .ofs_x = 0, .ofs_y = -1},
    {.bitmap_index = 7144, .adv_w = 288, .box_w = 18, .box_h = 16, .ofs_x = 0, .ofs_y = -1},
    {.bitmap_index = 7288, .adv_w = 155, .box_w = 10, .box_h = 15, .ofs_x = 0, .ofs_y = -4},
    {.bitmap_index = 7363, .adv_w = 212, .box_w = 14, .box_h = 18, .ofs_x = 0, .ofs_y = 0},
    {.bitmap_index = 7489, .adv_w = 212, .box_w = 14, .box_h = 18, .ofs_x = 0, .ofs_y = 0},
    {.bitmap_index = 7615, .adv_w = 212, .box_w = 14, .box_h = 18, .ofs_x = 0, .ofs_y = 0},
    {.bitmap_index = 7741, .adv_w = 212, .box_w = 14, .box_h = 18, .ofs_x = 0, .ofs_y = 0},
    {.bitmap_index = 7867, .adv_w = 212, .box_w = 14, .box_h = 18, .ofs_x = 0, .ofs_y = 0},
    {.bitmap_index = 7993, .adv_w = 212, .box_w = 14, .box_h = 19, .ofs_x = 0, .ofs_y = 0},
    {.bitmap_index = 8126, .adv_w = 281, .box_w = 18, .box_h = 14, .ofs_x = -1, .ofs_y = 0},
    {.bitmap_index = 8252, .adv_w = 220, .box_w = 14, .box_h = 18, .ofs_x = 0, .ofs_y = -4},
    {.bitmap_index = 8378, .adv_w = 187, .box_w = 10, .box_h = 18, .ofs_x = 1, .ofs_y = 0},
    {.bitmap_index = 8468, .adv_w = 187, .box_w = 10, .box_h = 18, .ofs_x = 1, .ofs_y = 0},
    {.bitmap_index = 8558, .adv_w = 187, .box_w = 10, .box_h = 18, .ofs_x = 1, .ofs_y = 0},
    {.bitmap_index = 8648, .adv_w = 187, .box_w = 10, .box_h = 18, .ofs_x = 1, .ofs_y = 0},
    {.bitmap_index = 8738, .adv_w = 85, .box_w = 4, .box_h = 18, .ofs_x = 0, .ofs_y = 0},
    {.bitmap_index = 8774, .adv_w = 85, .box_w = 5, .box_h = 18, .ofs_x = 1, .ofs_y = 0},
    {.bitmap_index = 8819, .adv_w = 85, .box_w = 7, .box_h = 18, .ofs_x = -1, .ofs_y = 0},
    {.bitmap_index = 8882, .adv_w = 85, .box_w = 7, .box_h = 18, .ofs_x = -1, .ofs_y = 0},
    {.bitmap_index = 8945, .adv_w = 224, .box_w = 14, .box_h = 14, .ofs_x = 0, .ofs_y = 0},
    {.bitmap_index = 9043, .adv_w = 235, .box_w = 13, .box_h = 18, .ofs_x = 1, .ofs_y = 0},
    {.bitmap_index = 9160, .adv_w = 232, .box_w = 14, .box_h = 19, .ofs_x = 0, .ofs_y = 0},
    {.bitmap_index = 9293, .adv_w = 232, .box_w = 14, .box_h = 19, .ofs_x = 0, .ofs_y = 0},
    {.bitmap_index = 9426, .adv_w = 232, .box_w = 14, .box_h = 19, .ofs_x = 0, .ofs_y = 0},
    {.bitmap_index = 9559, .adv_w = 232, .box_w = 14, .box_h = 19, .ofs_x = 0, .ofs_y = 0},
    {.bitmap_index = 9692, .adv_w = 232, .box_w = 14, .box_h = 19, .ofs_x = 0, .ofs_y = 0},
    {.bitmap_index = 9825, .adv_w = 166, .box_w = 10, .box_h = 10, .ofs_x = 0, .ofs_y = 1},
    {.bitmap_index = 9875, .adv_w = 232, .box_w = 14, .box_h = 16, .ofs_x = 0, .ofs_y = -1},
    {.bitmap_index = 9987, .adv_w = 213, .box_w = 11, .box_h = 19, .ofs_x = 1, .ofs_y = 0},
    {.bitmap_index = 10092, .adv_w = 213, .box_w = 11, .box_h = 19, .ofs_x = 1, .ofs_y = 0},
    {.bitmap_index = 10197, .adv_w = 213, .box_w = 11, .box_h = 19, .ofs_x = 1, .ofs_y = 0},
    {.bitmap_index = 10302, .adv_w = 213, .box_w = 11, .box_h = 19, .ofs_x = 1, .ofs_y = 0},
    {.bitmap_index = 10407, .adv_w = 190, .box_w = 12, .box_h = 18, .ofs_x = 0, .ofs_y = 0},
    {.bitmap_index = 10515, .adv_w = 195, .box_w = 11, .box_h = 14, .ofs_x = 1, .ofs_y = 0},
    {.bitmap_index = 10592, .adv_w = 179, .box_w = 10, .box_h = 14, .ofs_x = 1, .ofs_y = 0},
    {.bitmap_index = 10662, .adv_w = 158, .box_w = 9, .box_h = 14, .ofs_x = 0, .ofs_y = 0},
    {.bitmap_index = 10725, .adv_w = 158, .box_w = 9, .box_h = 14, .ofs_x = 0, .ofs_y = 0},
    {.bitmap_index = 10788, .adv_w = 158, .box_w = 9, .box_h = 14, .ofs_x = 0, .ofs_y = 0},
    {.bitmap_index = 10851, .adv_w = 158, .box_w = 9, .box_h = 14, .ofs_x = 0, .ofs_y = 0},
    {.bitmap_index = 10914, .adv_w = 158, .box_w = 9, .box_h = 14, .ofs_x = 0, .ofs_y = 0},
    {.bitmap_index = 10977, .adv_w = 158, .box_w = 9, .box_h = 14, .ofs_x = 0, .ofs_y = 0},
    {.bitmap_index = 11040, .adv_w = 263, .box_w = 16, .box_h = 10, .ofs_x = 0, .ofs_y = 0},
    {.bitmap_index = 11120, .adv_w = 165, .box_w = 10, .box_h = 14, .ofs_x = 0, .ofs_y = -4},
    {.bitmap_index = 11190, .adv_w = 166, .box_w = 10, .box_h = 14, .ofs_x = 0, .ofs_y = 0},
    {.bitmap_index = 11260, .adv_w = 166, .box_w = 10, .box_h = 14, .ofs_x = 0, .ofs_y = 0},
    {.bitmap_index = 11330, .adv_w = 166, .box_w = 10, .box_h = 14, .ofs_x = 0, .ofs_y = 0},
    {.bitmap_index = 11400, .adv_w = 166, .box_w = 10, .box_h = 14, .ofs_x = 0, .ofs_y = 0},
    {.bitmap_index = 11470, .adv_w = 73, .box_w = 5, .box_h = 14, .ofs_x = -1, .ofs_y = 0},
    {.bitmap_index = 11505, .adv_w = 73, .box_w = 5, .box_h = 14, .ofs_x = 1, .ofs_y = 0},
    {.bitmap_index = 11540, .adv_w = 73, .box_w = 7, .box_h = 14, .ofs_x = -1, .ofs_y = 0},
    {.bitmap_index = 11589, .adv_w = 73, .box_w = 7, .box_h = 14, .ofs_x = -1, .ofs_y = 0},
    {.bitmap_index = 11638, .adv_w = 173, .box_w = 10, .box_h = 15, .ofs_x = 0, .ofs_y = 0},
    {.bitmap_index = 11713, .adv_w = 169, .box_w = 9, .box_h = 14, .ofs_x = 1, .ofs_y = 0},
    {.bitmap_index = 11776, .adv_w = 172, .box_w = 10, .box_h = 14, .ofs_x = 0, .ofs_y = 0},
    {.bitmap_index = 11846, .adv_w = 172, .box_w = 10, .box_h = 14, .ofs_x = 0, .ofs_y = 0},
    {.bitmap_index = 11916, .adv_w = 172, .box_w = 10, .box_h = 14, .ofs_x = 0, .ofs_y = 0},
    {.bitmap_index = 11986, .adv_w = 172, .box_w = 10, .box_h = 14, .ofs_x = 0, .ofs_y = 0},
    {.bitmap_index = 12056, .adv_w = 172, .box_w = 10, .box_h = 14, .ofs_x = 0, .ofs_y = 0},
    {.bitmap_index = 12126, .adv_w = 175, .box_w = 10, .box_h = 10, .ofs_x = 1, .ofs_y = 1},
    {.bitmap_index = 12176, .adv_w = 172, .box_w = 10, .box_h = 12, .ofs_x = 0, .ofs_y = -1},
    {.bitmap_index = 12236, .adv_w = 168, .box_w = 9, .box_h = 14, .ofs_x = 1, .ofs_y = 0},
    {.bitmap_index = 12299, .adv_w = 168, .box_w = 9, .box_h = 14, .ofs_x = 1, .ofs_y = 0},
    {.bitmap_index = 12362, .adv_w = 168, .box_w = 9, .box_h = 14, .ofs_x = 1, .ofs_y = 0},
    {.bitmap_index = 12425, .adv_w = 168, .box_w = 9, .box_h = 14, .ofs_x = 1, .ofs_y = 0},
    {.bitmap_index = 12488, .adv_w = 150, .box_w = 10, .box_h = 18, .ofs_x = 0, .ofs_y = -4},
    {.bitmap_index = 12578, .adv_w = 178, .box_w = 10, .box_h = 18, .ofs_x = 1, .ofs_y = -4},
    {.bitmap_index = 12668, .adv_w = 150, .box_w = 10, .box_h = 18, .ofs_x = 0, .ofs_y = -4},
    {.bitmap_index = 12758, .adv_w = 169, .box_w = 9, .box_h = 2, .ofs_x = 1, .ofs_y = 4},
    {.bitmap_index = 12767, .adv_w = 252, .box_w = 14, .box_h = 2, .ofs_x = 1, .ofs_y = 4},
    {.bitmap_index = 12781, .adv_w = 72, .box_w = 3, .box_h = 6, .ofs_x = 1, .ofs_y = 8},
    {.bitmap_index = 12790, .adv_w = 70, .box_w = 3, .box_h = 6, .ofs_x = 1, .ofs_y = 8},
    {.bitmap_index = 12799, .adv_w = 130, .box_w = 6, .box_h = 6, .ofs_x = 1, .ofs_y = 8},
    {.bitmap_index = 12817, .adv_w = 127, .box_w = 7, .box_h = 6, .ofs_x = 1, .ofs_y = 8},
    {.bitmap_index = 12838, .adv_w = 226, .box_w = 12, .box_h = 3, .ofs_x = 1, .ofs_y = 0},
    {.bitmap_index = 12856, .adv_w = 89, .box_w = 5, .box_h = 10, .ofs_x = 0, .ofs_y = 0},
    {.bitmap_index = 12881, .adv_w = 88, .box_w = 4, .box_h = 10, .ofs_x = 1, .ofs_y = 0}
};

/*---------------------
 *  CHARACTER MAPPING
 *--------------------*/

static const uint16_t unicode_list_2[] = {
    0x0, 0x1, 0x5, 0x6, 0x9, 0xa, 0x13, 0x26,
    0x27
};

/*Collect the unicode lists and glyph_id offsets*/
static const lv_font_fmt_txt_cmap_t cmaps[] =
{
    {
        .range_start = 32, .range_length = 95, .glyph_id_start = 1,
        .unicode_list = NULL, .glyph_id_ofs_list = NULL, .list_length = 0, .type = LV_FONT_FMT_TXT_CMAP_FORMAT0_TINY
    },
    {
        .range_start = 160, .range_length = 96, .glyph_id_start = 96,
        .unicode_list = NULL, .glyph_id_ofs_list = NULL, .list_length = 0, .type = LV_FONT_FMT_TXT_CMAP_FORMAT0_TINY
    },
    {
        .range_start = 8211, .range_length = 40, .glyph_id_start = 192,
        .unicode_list = unicode_list_2, .glyph_id_ofs_list = NULL, .list_length = 9, .type = LV_FONT_FMT_TXT_CMAP_SPARSE_TINY
    }
};



/*--------------------
 *  ALL CUSTOM DATA
 *--------------------*/

#if LVGL_VERSION_MAJOR == 8
/*Store all the custom data of the font*/
static  lv_font_fmt_txt_glyph_cache_t cache;
#endif

#if LVGL_VERSION_MAJOR >= 8
static const lv_font_fmt_txt_dsc_t font_dsc = {
#else
static lv_font_fmt_txt_dsc_t font_dsc = {
#endif
    .glyph_bitmap = glyph_bitmap,
    .glyph_dsc = glyph_dsc,
    .cmaps = cmaps,
    .kern_dsc = NULL,
    .kern_scale = 0,
    .cmap_num = 3,
    .bpp = 4,
    .kern_classes = 0,
    .bitmap_format = 0,
#if LVGL_VERSION_MAJOR == 8
    .cache = &cache
#endif
};



/*-----------------
 *  PUBLIC FONT
 *----------------*/

/*Initialize a public general font descriptor*/
#if LVGL_VERSION_MAJOR >= 8
const lv_font_t diatype_medium_19 = {
#else
lv_font_t diatype_medium_19 = {
#endif
    .get_glyph_dsc = lv_font_get_glyph_dsc_fmt_txt,    /*Function pointer to get glyph's data*/
    .get_glyph_bitmap = lv_font_get_bitmap_fmt_txt,    /*Function pointer to get glyph's bitmap*/
    .line_height = 24,          /*The maximum line height required by the font*/
    .base_line = 5,             /*Baseline measured from the bottom of the line*/
#if !(LVGL_VERSION_MAJOR == 6 && LVGL_VERSION_MINOR == 0)
    .subpx = LV_FONT_SUBPX_NONE,
#endif
#if LV_VERSION_CHECK(7, 4, 0) || LVGL_VERSION_MAJOR >= 8
    .underline_position = -2,
    .underline_thickness = 1,
#endif
    .dsc = &font_dsc,          /*The custom font data. Will be accessed by `get_glyph_bitmap/dsc` */
#if LV_VERSION_CHECK(8, 2, 0) || LVGL_VERSION_MAJOR >= 9
    .fallback = NULL,
#endif
    .user_data = NULL,
};



#endif /*#if DIATYPE_MEDIUM_19*/

