/*******************************************************************************
 * Size: 20 px
 * Bpp: 4
 * Opts: --font /Users/micahsimrose/Library/Fonts/ABCDiatypeEdu-Regular.otf --size 20 --bpp 4 -r 0x20-0x7F,0xA0-0xFF,0x2013-0x2014,0x2018-0x2019,0x201C-0x201D,0x2026,0x2039-0x203A --no-compress --format lvgl -o diatype_regular_20.c
 ******************************************************************************/

#ifdef LV_LVGL_H_INCLUDE_SIMPLE
#include "lvgl.h"
#else
#include "lvgl/lvgl.h"
#endif

#ifndef DIATYPE_REGULAR_20
#define DIATYPE_REGULAR_20 1
#endif

#if DIATYPE_REGULAR_20

/*-----------------
 *    BITMAPS
 *----------------*/

/*Store the image of the glyphs*/
static LV_ATTRIBUTE_LARGE_CONST const uint8_t glyph_bitmap[] = {
    /* U+0020 " " */

    /* U+0021 "!" */
    0x7f, 0x77, 0xf7, 0x7f, 0x77, 0xf7, 0x7f, 0x75,
    0xf5, 0x4f, 0x42, 0xf2, 0x1f, 0x10, 0xf0, 0x3,
    0x1, 0x21, 0x8f, 0x88, 0xf8,

    /* U+0022 "\"" */
    0xea, 0xe, 0xae, 0xa0, 0xea, 0xd8, 0xc, 0x9b,
    0x60, 0xa7, 0x42, 0x4, 0x20,

    /* U+0023 "#" */
    0x0, 0x0, 0xd9, 0x0, 0x7f, 0x0, 0x0, 0x0,
    0xf6, 0x0, 0x9c, 0x0, 0x0, 0x1, 0xf4, 0x0,
    0xba, 0x0, 0x0, 0x3, 0xf2, 0x0, 0xd8, 0x0,
    0xa, 0xff, 0xff, 0xff, 0xff, 0xf9, 0x3, 0x5b,
    0xe5, 0x56, 0xf7, 0x53, 0x0, 0xa, 0xb0, 0x4,
    0xf2, 0x0, 0x0, 0xc, 0x90, 0x6, 0xf0, 0x0,
    0x0, 0xe, 0x80, 0x8, 0xe0, 0x0, 0x4f, 0xff,
    0xff, 0xff, 0xff, 0xe0, 0x13, 0x6f, 0x53, 0x3e,
    0xb3, 0x30, 0x0, 0x5f, 0x0, 0xf, 0x70, 0x0,
    0x0, 0x7e, 0x0, 0x1f, 0x40, 0x0, 0x0, 0xac,
    0x0, 0x3f, 0x20, 0x0,

    /* U+0024 "$" */
    0x0, 0x0, 0x4, 0x70, 0x0, 0x0, 0x0, 0x0,
    0x8, 0xe0, 0x0, 0x0, 0x0, 0x1, 0x6c, 0xf6,
    0x20, 0x0, 0x0, 0x7f, 0xfe, 0xff, 0xf7, 0x0,
    0x5, 0xfb, 0x28, 0xe2, 0xcf, 0x40, 0xb, 0xf1,
    0x8, 0xe0, 0x1f, 0xa0, 0xc, 0xf0, 0x8, 0xe0,
    0x7, 0x60, 0x8, 0xf8, 0x8, 0xe0, 0x0, 0x0,
    0x0, 0xcf, 0xdd, 0xe1, 0x0, 0x0, 0x0, 0x7,
    0xdf, 0xff, 0xc4, 0x0, 0x0, 0x0, 0x9, 0xfa,
    0xff, 0x50, 0x0, 0x0, 0x8, 0xe0, 0x3f, 0xf0,
    0x3f, 0x80, 0x8, 0xe0, 0xa, 0xf2, 0xf, 0xc0,
    0x8, 0xe0, 0xb, 0xf1, 0x9, 0xf7, 0x8, 0xe0,
    0x4f, 0xb0, 0x1, 0xcf, 0xcc, 0xfb, 0xfd, 0x20,
    0x0, 0x7, 0xbf, 0xfc, 0x80, 0x0, 0x0, 0x0,
    0x8, 0xe0, 0x0, 0x0, 0x0, 0x0, 0x8, 0xe0,
    0x0, 0x0,

    /* U+0025 "%" */
    0x2, 0xbf, 0xd6, 0x0, 0x0, 0x7, 0xf4, 0x0,
    0xed, 0x59, 0xf6, 0x0, 0x3, 0xf8, 0x0, 0x4f,
    0x50, 0xe, 0xb0, 0x0, 0xdc, 0x0, 0x4, 0xf4,
    0x0, 0xdc, 0x0, 0xaf, 0x20, 0x0, 0x1f, 0xc3,
    0x7f, 0x80, 0x5f, 0x50, 0x0, 0x0, 0x5f, 0xff,
    0xb0, 0x2f, 0xa0, 0x0, 0x0, 0x0, 0x3, 0x20,
    0xc, 0xd0, 0x0, 0x0, 0x0, 0x0, 0x0, 0x8,
    0xf3, 0x0, 0x0, 0x0, 0x0, 0x0, 0x4, 0xf7,
    0x3, 0xcf, 0xe7, 0x0, 0x0, 0x1, 0xeb, 0x1,
    0xfc, 0x49, 0xf5, 0x0, 0x0, 0xbe, 0x10, 0x5f,
    0x40, 0xf, 0xa0, 0x0, 0x7f, 0x40, 0x5, 0xf3,
    0x0, 0xea, 0x0, 0x3f, 0x80, 0x0, 0x1e, 0xc4,
    0x9f, 0x50, 0xd, 0xc0, 0x0, 0x0, 0x3c, 0xfd,
    0x60,

    /* U+0026 "&" */
    0x0, 0x3, 0xbe, 0xea, 0x20, 0x0, 0x0, 0x2,
    0xff, 0x99, 0xfe, 0x10, 0x0, 0x0, 0x8f, 0x60,
    0x8, 0xf5, 0x0, 0x0, 0x7, 0xf5, 0x0, 0x7f,
    0x40, 0x0, 0x0, 0x2f, 0xd0, 0x3e, 0xc0, 0x0,
    0x0, 0x0, 0x6f, 0xcf, 0xc1, 0x0, 0x0, 0x0,
    0x6, 0xff, 0xc0, 0x0, 0x0, 0x0, 0xa, 0xfb,
    0xbf, 0x60, 0x3e, 0x80, 0x8, 0xf8, 0x0, 0xdf,
    0x45, 0xf6, 0x0, 0xfd, 0x0, 0x1, 0xef, 0xbf,
    0x20, 0x1f, 0xb0, 0x0, 0x3, 0xff, 0xa0, 0x0,
    0xef, 0x20, 0x0, 0x2e, 0xfb, 0x0, 0x5, 0xfe,
    0x87, 0xaf, 0xda, 0xf7, 0x0, 0x3, 0xbe, 0xeb,
    0x70, 0xd, 0xf3,

    /* U+0027 "'" */
    0xea, 0xea, 0xd8, 0xb6, 0x42,

    /* U+0028 "(" */
    0x0, 0x4, 0x71, 0x0, 0x1e, 0xc0, 0x0, 0x8f,
    0x50, 0x0, 0xed, 0x0, 0x5, 0xf6, 0x0, 0x9,
    0xf2, 0x0, 0xd, 0xf0, 0x0, 0xe, 0xd0, 0x0,
    0xf, 0xc0, 0x0, 0xf, 0xb0, 0x0, 0xf, 0xc0,
    0x0, 0xe, 0xd0, 0x0, 0xb, 0xf0, 0x0, 0x7,
    0xf4, 0x0, 0x2, 0xf9, 0x0, 0x0, 0xcf, 0x10,
    0x0, 0x4f, 0x80, 0x0, 0xa, 0xf1,

    /* U+0029 ")" */
    0x37, 0x10, 0x2, 0xfa, 0x0, 0xa, 0xf3, 0x0,
    0x2f, 0xa0, 0x0, 0xbf, 0x0, 0x7, 0xf4, 0x0,
    0x4f, 0x70, 0x2, 0xf9, 0x0, 0x1f, 0xa0, 0x0,
    0xfb, 0x0, 0x1f, 0xa0, 0x3, 0xf8, 0x0, 0x5f,
    0x60, 0x9, 0xf2, 0x0, 0xed, 0x0, 0x6f, 0x60,
    0xd, 0xe0, 0x5, 0xf5, 0x0,

    /* U+002A "*" */
    0x0, 0x30, 0x3, 0x0, 0x0, 0xd5, 0x7b, 0x0,
    0x0, 0x3d, 0xe2, 0x0, 0x2f, 0xff, 0xff, 0xf0,
    0x0, 0x3d, 0xe2, 0x0, 0x0, 0xd5, 0x7b, 0x0,
    0x0, 0x30, 0x3, 0x0,

    /* U+002B "+" */
    0x0, 0x0, 0x3d, 0x20, 0x0, 0x0, 0x0, 0x4,
    0xf2, 0x0, 0x0, 0x0, 0x0, 0x4f, 0x20, 0x0,
    0x0, 0x11, 0x15, 0xf3, 0x11, 0x10, 0x4f, 0xff,
    0xff, 0xff, 0xff, 0x21, 0x44, 0x48, 0xf6, 0x44,
    0x40, 0x0, 0x0, 0x4f, 0x20, 0x0, 0x0, 0x0,
    0x4, 0xf2, 0x0, 0x0, 0x0, 0x0, 0x4f, 0x20,
    0x0, 0x0, 0x0, 0x4, 0xf2, 0x0, 0x0,

    /* U+002C "," */
    0x35, 0x3a, 0xf9, 0xaf, 0x90, 0xa8, 0xd, 0x6a,
    0xc0, 0x20, 0x0,

    /* U+002D "-" */
    0x12, 0x22, 0x21, 0xbf, 0xff, 0xf7, 0x35, 0x55,
    0x52,

    /* U+002E "." */
    0x35, 0x2b, 0xf8, 0xbf, 0x80,

    /* U+002F "/" */
    0x0, 0x0, 0x1, 0xf7, 0x0, 0x0, 0x7, 0xf1,
    0x0, 0x0, 0xd, 0xb0, 0x0, 0x0, 0x4f, 0x40,
    0x0, 0x0, 0xae, 0x0, 0x0, 0x1, 0xf8, 0x0,
    0x0, 0x7, 0xf1, 0x0, 0x0, 0xd, 0xb0, 0x0,
    0x0, 0x3f, 0x50, 0x0, 0x0, 0xae, 0x0, 0x0,
    0x1, 0xf8, 0x0, 0x0, 0x6, 0xf2, 0x0, 0x0,
    0xd, 0xb0, 0x0, 0x0, 0x3f, 0x50, 0x0, 0x0,

    /* U+0030 "0" */
    0x0, 0x2a, 0xde, 0xb4, 0x0, 0x0, 0x3e, 0xe9,
    0x8d, 0xf6, 0x0, 0xd, 0xe2, 0x0, 0xc, 0xf2,
    0x5, 0xf7, 0x0, 0x0, 0x3f, 0x90, 0xaf, 0x20,
    0x0, 0x0, 0xee, 0xc, 0xf0, 0x0, 0x0, 0xc,
    0xf0, 0xee, 0x0, 0x0, 0x0, 0xaf, 0x2e, 0xe0,
    0x0, 0x0, 0xa, 0xf2, 0xcf, 0x0, 0x0, 0x0,
    0xcf, 0xa, 0xf2, 0x0, 0x0, 0xd, 0xe0, 0x5f,
    0x70, 0x0, 0x3, 0xfa, 0x0, 0xee, 0x20, 0x0,
    0xbf, 0x30, 0x4, 0xfe, 0x98, 0xcf, 0x70, 0x0,
    0x2, 0xad, 0xeb, 0x50, 0x0,

    /* U+0031 "1" */
    0x0, 0x1, 0xfa, 0x0, 0xa, 0xfa, 0x3, 0xcf,
    0xfa, 0x7f, 0xf5, 0xfa, 0x59, 0x21, 0xfa, 0x0,
    0x1, 0xfa, 0x0, 0x1, 0xfa, 0x0, 0x1, 0xfa,
    0x0, 0x1, 0xfa, 0x0, 0x1, 0xfa, 0x0, 0x1,
    0xfa, 0x0, 0x1, 0xfa, 0x0, 0x1, 0xfa, 0x0,
    0x1, 0xfa,

    /* U+0032 "2" */
    0x0, 0x7, 0xcf, 0xda, 0x20, 0x0, 0xb, 0xfc,
    0x89, 0xff, 0x30, 0x6, 0xf9, 0x0, 0x3, 0xfd,
    0x0, 0xbf, 0x10, 0x0, 0xb, 0xf1, 0xe, 0xe0,
    0x0, 0x0, 0xbf, 0x20, 0x11, 0x0, 0x0, 0xe,
    0xe0, 0x0, 0x0, 0x0, 0x9, 0xf7, 0x0, 0x0,
    0x0, 0xa, 0xfa, 0x0, 0x0, 0x0, 0x1b, 0xf9,
    0x0, 0x0, 0x0, 0x4e, 0xf6, 0x0, 0x0, 0x0,
    0x6f, 0xd2, 0x0, 0x0, 0x0, 0x4f, 0xc1, 0x0,
    0x0, 0x0, 0xc, 0xfb, 0x99, 0x99, 0x99, 0x40,
    0xff, 0xff, 0xff, 0xff, 0xf6,

    /* U+0033 "3" */
    0x0, 0x8, 0xcf, 0xec, 0x50, 0x0, 0xd, 0xfb,
    0x88, 0xdf, 0x90, 0x8, 0xf6, 0x0, 0x0, 0xcf,
    0x20, 0x9c, 0x0, 0x0, 0x8, 0xf4, 0x0, 0x0,
    0x0, 0x1, 0xde, 0x10, 0x0, 0x0, 0x8a, 0xed,
    0x30, 0x0, 0x0, 0xf, 0xff, 0x81, 0x0, 0x0,
    0x0, 0x1, 0x7f, 0xd0, 0x0, 0x0, 0x0, 0x0,
    0x7f, 0x70, 0x64, 0x0, 0x0, 0x3, 0xfa, 0xe,
    0xd0, 0x0, 0x0, 0x4f, 0x80, 0xaf, 0x60, 0x0,
    0xc, 0xf4, 0x1, 0xef, 0xa7, 0x8d, 0xf8, 0x0,
    0x0, 0x8c, 0xfe, 0xb4, 0x0,

    /* U+0034 "4" */
    0x0, 0x0, 0x1, 0xef, 0xb0, 0x0, 0x0, 0x0,
    0x9, 0xff, 0xb0, 0x0, 0x0, 0x0, 0x4f, 0x7f,
    0xb0, 0x0, 0x0, 0x0, 0xec, 0xf, 0xb0, 0x0,
    0x0, 0x9, 0xf2, 0xf, 0xb0, 0x0, 0x0, 0x3f,
    0x70, 0xf, 0xb0, 0x0, 0x0, 0xdc, 0x0, 0xf,
    0xb0, 0x0, 0x8, 0xf2, 0x0, 0xf, 0xb0, 0x0,
    0x3f, 0x80, 0x0, 0xf, 0xb0, 0x0, 0x7f, 0xff,
    0xff, 0xff, 0xff, 0xf4, 0x49, 0x99, 0x99, 0xaf,
    0xe9, 0x92, 0x0, 0x0, 0x0, 0xf, 0xb0, 0x0,
    0x0, 0x0, 0x0, 0xf, 0xb0, 0x0, 0x0, 0x0,
    0x0, 0xf, 0xb0, 0x0,

    /* U+0035 "5" */
    0x0, 0xef, 0xff, 0xff, 0xfc, 0x0, 0xf, 0xc9,
    0x99, 0x99, 0x70, 0x3, 0xf5, 0x0, 0x0, 0x0,
    0x0, 0x5f, 0x30, 0x0, 0x0, 0x0, 0x7, 0xf1,
    0x9d, 0xeb, 0x30, 0x0, 0x9f, 0xdc, 0x79, 0xef,
    0x50, 0xb, 0xf7, 0x0, 0x2, 0xee, 0x10, 0x55,
    0x0, 0x0, 0x8, 0xf5, 0x0, 0x0, 0x0, 0x0,
    0x5f, 0x70, 0x22, 0x0, 0x0, 0x5, 0xf7, 0xf,
    0xd0, 0x0, 0x0, 0x8f, 0x40, 0xbf, 0x40, 0x0,
    0x2f, 0xd0, 0x2, 0xef, 0x97, 0x9f, 0xe3, 0x0,
    0x1, 0x9d, 0xfd, 0x91, 0x0,

    /* U+0036 "6" */
    0x0, 0x8, 0xdf, 0xeb, 0x30, 0x1, 0xcf, 0x97,
    0xae, 0xf4, 0xb, 0xd1, 0x0, 0x2, 0xfb, 0x3f,
    0x40, 0x0, 0x0, 0x0, 0x9f, 0x7, 0xdf, 0xc7,
    0x0, 0xbd, 0xae, 0x98, 0xdf, 0xa0, 0xdf, 0xe1,
    0x0, 0xb, 0xf4, 0xef, 0x60, 0x0, 0x3, 0xfa,
    0xdf, 0x30, 0x0, 0x0, 0xfc, 0xbf, 0x30, 0x0,
    0x0, 0xfb, 0x7f, 0x60, 0x0, 0x3, 0xf9, 0x1f,
    0xd0, 0x0, 0xc, 0xf2, 0x5, 0xfd, 0x77, 0xcf,
    0x70, 0x0, 0x4c, 0xfe, 0xb4, 0x0,

    /* U+0037 "7" */
    0x8f, 0xff, 0xff, 0xff, 0xfb, 0x59, 0x99, 0x99,
    0x9a, 0xfb, 0x0, 0x0, 0x0, 0xa, 0xf2, 0x0,
    0x0, 0x0, 0x7f, 0x60, 0x0, 0x0, 0x2, 0xfa,
    0x0, 0x0, 0x0, 0xb, 0xf2, 0x0, 0x0, 0x0,
    0x3f, 0x90, 0x0, 0x0, 0x0, 0xbf, 0x20, 0x0,
    0x0, 0x0, 0xfd, 0x0, 0x0, 0x0, 0x5, 0xf7,
    0x0, 0x0, 0x0, 0xa, 0xf2, 0x0, 0x0, 0x0,
    0xd, 0xf0, 0x0, 0x0, 0x0, 0xf, 0xe0, 0x0,
    0x0, 0x0, 0x2f, 0xc0, 0x0, 0x0,

    /* U+0038 "8" */
    0x0, 0x7c, 0xee, 0xc7, 0x0, 0xc, 0xfa, 0x76,
    0xaf, 0xd0, 0x6f, 0x70, 0x0, 0x7, 0xf7, 0x9f,
    0x40, 0x0, 0x3, 0xf9, 0x3f, 0xb1, 0x0, 0xb,
    0xf4, 0x5, 0xef, 0xcc, 0xfe, 0x50, 0x1, 0xaf,
    0xff, 0xfa, 0x20, 0x2e, 0xe5, 0x11, 0x5e, 0xe2,
    0xaf, 0x40, 0x0, 0x3, 0xfa, 0xee, 0x0, 0x0,
    0x0, 0xee, 0xdf, 0x0, 0x0, 0x0, 0xed, 0x9f,
    0x60, 0x0, 0x6, 0xf9, 0xd, 0xfa, 0x66, 0xaf,
    0xd1, 0x0, 0x7c, 0xee, 0xc7, 0x0,

    /* U+0039 "9" */
    0x0, 0x8, 0xcf, 0xea, 0x10, 0x0, 0x1d, 0xf9,
    0x67, 0xee, 0x20, 0xa, 0xf5, 0x0, 0x0, 0xdc,
    0x0, 0xee, 0x0, 0x0, 0x6, 0xf3, 0xf, 0xd0,
    0x0, 0x0, 0x5f, 0x80, 0xcf, 0x30, 0x0, 0xb,
    0xf9, 0x3, 0xfe, 0x52, 0x3a, 0xdf, 0xb0, 0x4,
    0xdf, 0xff, 0xb1, 0xfb, 0x0, 0x0, 0x13, 0x10,
    0x2f, 0x90, 0x0, 0x0, 0x0, 0x4, 0xf7, 0x8,
    0xc1, 0x0, 0x0, 0xaf, 0x20, 0x7f, 0x60, 0x0,
    0x4f, 0xb0, 0x0, 0xef, 0x96, 0xaf, 0xc1, 0x0,
    0x1, 0x9d, 0xfe, 0x90, 0x0,

    /* U+003A ":" */
    0xbf, 0x8b, 0xf8, 0x35, 0x30, 0x0, 0x0, 0x0,
    0x0, 0x35, 0x2b, 0xf8, 0xbf, 0x80,

    /* U+003B ";" */
    0xbf, 0x8b, 0xf8, 0x35, 0x30, 0x0, 0x0, 0x0,
    0x0, 0x35, 0x2b, 0xf8, 0xbf, 0x80, 0xa8, 0x1e,
    0x5a, 0xc0, 0x20, 0x0,

    /* U+003C "<" */
    0x0, 0x0, 0x0, 0x0, 0x24, 0x0, 0x0, 0x0,
    0x4b, 0xf9, 0x0, 0x0, 0x6d, 0xfe, 0x92, 0x2,
    0x9f, 0xfc, 0x60, 0x0, 0x4f, 0xf9, 0x20, 0x0,
    0x0, 0x4f, 0xfa, 0x30, 0x0, 0x0, 0x2, 0x8e,
    0xfd, 0x60, 0x0, 0x0, 0x0, 0x6c, 0xff, 0x92,
    0x0, 0x0, 0x0, 0x3a, 0xf9, 0x0, 0x0, 0x0,
    0x0, 0x13,

    /* U+003D "=" */
    0x11, 0x11, 0x11, 0x11, 0x11, 0xaf, 0xff, 0xff,
    0xff, 0xfc, 0x34, 0x44, 0x44, 0x44, 0x43, 0x0,
    0x0, 0x0, 0x0, 0x0, 0x11, 0x11, 0x11, 0x11,
    0x11, 0xaf, 0xff, 0xff, 0xff, 0xfc, 0x34, 0x44,
    0x44, 0x44, 0x43,

    /* U+003E ">" */
    0x51, 0x0, 0x0, 0x0, 0x0, 0xcf, 0x93, 0x0,
    0x0, 0x0, 0x3a, 0xff, 0xc5, 0x0, 0x0, 0x0,
    0x17, 0xdf, 0xe7, 0x10, 0x0, 0x0, 0x4, 0xaf,
    0xf1, 0x0, 0x0, 0x5, 0xbf, 0xf1, 0x0, 0x28,
    0xef, 0xd7, 0x10, 0x4b, 0xff, 0xb4, 0x0, 0x0,
    0xcf, 0x92, 0x0, 0x0, 0x0, 0x40, 0x0, 0x0,
    0x0, 0x0,

    /* U+003F "?" */
    0x0, 0x2a, 0xdf, 0xc7, 0x0, 0x4, 0xff, 0x98,
    0xcf, 0xb0, 0xe, 0xf2, 0x0, 0xa, 0xf5, 0x2f,
    0x90, 0x0, 0x5, 0xf7, 0x28, 0x30, 0x0, 0x9,
    0xf5, 0x0, 0x0, 0x0, 0x4f, 0xd0, 0x0, 0x0,
    0x6, 0xfd, 0x10, 0x0, 0x0, 0x4f, 0xc1, 0x0,
    0x0, 0x0, 0xcf, 0x10, 0x0, 0x0, 0x0, 0xec,
    0x0, 0x0, 0x0, 0x0, 0x43, 0x0, 0x0, 0x0,
    0x0, 0x22, 0x0, 0x0, 0x0, 0x3, 0xfd, 0x0,
    0x0, 0x0, 0x3, 0xfd, 0x0, 0x0,

    /* U+0040 "@" */
    0x0, 0x0, 0x0, 0x0, 0x0, 0x0, 0x0, 0x0,
    0x0, 0x1, 0x8d, 0xff, 0xc9, 0x20, 0x0, 0x0,
    0x5, 0xed, 0x85, 0x47, 0xcf, 0x70, 0x0, 0x5,
    0xf8, 0x0, 0x0, 0x0, 0x5f, 0x50, 0x1, 0xe9,
    0x1, 0xae, 0xda, 0xf0, 0x7f, 0x10, 0x9e, 0x0,
    0xd9, 0x13, 0xff, 0x0, 0xf4, 0xd, 0xa0, 0x6e,
    0x0, 0xb, 0xd0, 0xd, 0x70, 0xf7, 0xa, 0xb0,
    0x0, 0x9b, 0x0, 0xd7, 0xf, 0x60, 0xad, 0x0,
    0xc, 0xa0, 0x1f, 0x50, 0xf9, 0x5, 0xf5, 0x6,
    0xfc, 0x1a, 0xe0, 0xb, 0xc0, 0x9, 0xff, 0xd4,
    0xef, 0xd2, 0x0, 0x4f, 0x50, 0x0, 0x10, 0x0,
    0x10, 0x0, 0x0, 0x9e, 0x40, 0x0, 0x0, 0x3,
    0x0, 0x0, 0x0, 0xbf, 0xa5, 0x22, 0x4a, 0xf3,
    0x0, 0x0, 0x0, 0x5c, 0xff, 0xff, 0xb4, 0x0,
    0x0, 0x0, 0x0, 0x0, 0x22, 0x0, 0x0, 0x0,

    /* U+0041 "A" */
    0x0, 0x0, 0x7, 0xff, 0x10, 0x0, 0x0, 0x0,
    0x0, 0xe, 0xff, 0x80, 0x0, 0x0, 0x0, 0x0,
    0x4f, 0x7e, 0xe0, 0x0, 0x0, 0x0, 0x0, 0xbf,
    0x19, 0xf4, 0x0, 0x0, 0x0, 0x1, 0xfb, 0x3,
    0xfb, 0x0, 0x0, 0x0, 0x8, 0xf5, 0x0, 0xcf,
    0x10, 0x0, 0x0, 0xe, 0xe0, 0x0, 0x6f, 0x80,
    0x0, 0x0, 0x4f, 0x90, 0x0, 0x1f, 0xe0, 0x0,
    0x0, 0xbf, 0xa8, 0x88, 0x8e, 0xf4, 0x0, 0x1,
    0xff, 0xff, 0xff, 0xff, 0xfb, 0x0, 0x8, 0xf6,
    0x0, 0x0, 0x0, 0xef, 0x10, 0xe, 0xf0, 0x0,
    0x0, 0x0, 0x7f, 0x80, 0x4f, 0x90, 0x0, 0x0,
    0x0, 0x1f, 0xe0, 0xbf, 0x30, 0x0, 0x0, 0x0,
    0xb, 0xf5,

    /* U+0042 "B" */
    0x3f, 0xff, 0xff, 0xfd, 0x91, 0x0, 0x3f, 0xd8,
    0x88, 0x9c, 0xfe, 0x10, 0x3f, 0x90, 0x0, 0x0,
    0x8f, 0x70, 0x3f, 0x90, 0x0, 0x0, 0x3f, 0xa0,
    0x3f, 0x90, 0x0, 0x0, 0x5f, 0x80, 0x3f, 0x90,
    0x0, 0x4, 0xee, 0x10, 0x3f, 0xff, 0xff, 0xff,
    0xc1, 0x0, 0x3f, 0xd8, 0x88, 0x9c, 0xfb, 0x0,
    0x3f, 0x90, 0x0, 0x0, 0x5f, 0x90, 0x3f, 0x90,
    0x0, 0x0, 0xe, 0xf0, 0x3f, 0x90, 0x0, 0x0,
    0xe, 0xf0, 0x3f, 0x90, 0x0, 0x0, 0x5f, 0xb0,
    0x3f, 0xd8, 0x88, 0x9c, 0xfe, 0x30, 0x3f, 0xff,
    0xff, 0xed, 0x82, 0x0,

    /* U+0043 "C" */
    0x0, 0x0, 0x39, 0xcf, 0xdb, 0x50, 0x0, 0x0,
    0x8, 0xff, 0xc9, 0xae, 0xfc, 0x10, 0x0, 0x8f,
    0xb1, 0x0, 0x0, 0x9f, 0xc0, 0x3, 0xfd, 0x0,
    0x0, 0x0, 0xc, 0xf4, 0xa, 0xf5, 0x0, 0x0,
    0x0, 0x5, 0xa5, 0xe, 0xf1, 0x0, 0x0, 0x0,
    0x0, 0x0, 0xf, 0xe0, 0x0, 0x0, 0x0, 0x0,
    0x0, 0xf, 0xf0, 0x0, 0x0, 0x0, 0x0, 0x0,
    0xc, 0xf1, 0x0, 0x0, 0x0, 0x0, 0x0, 0xa,
    0xf6, 0x0, 0x0, 0x0, 0x3, 0xa5, 0x3, 0xfe,
    0x0, 0x0, 0x0, 0xb, 0xf4, 0x0, 0x9f, 0xc2,
    0x0, 0x0, 0x8f, 0xc0, 0x0, 0x9, 0xff, 0xc9,
    0xae, 0xfd, 0x10, 0x0, 0x0, 0x39, 0xcf, 0xeb,
    0x60, 0x0,

    /* U+0044 "D" */
    0x3f, 0xff, 0xfe, 0xca, 0x60, 0x0, 0x3, 0xfd,
    0x88, 0x9b, 0xef, 0xd4, 0x0, 0x3f, 0x90, 0x0,
    0x0, 0x7f, 0xf3, 0x3, 0xf9, 0x0, 0x0, 0x0,
    0x5f, 0xd0, 0x3f, 0x90, 0x0, 0x0, 0x0, 0xcf,
    0x23, 0xf9, 0x0, 0x0, 0x0, 0x9, 0xf6, 0x3f,
    0x90, 0x0, 0x0, 0x0, 0x7f, 0x73, 0xf9, 0x0,
    0x0, 0x0, 0x7, 0xf6, 0x3f, 0x90, 0x0, 0x0,
    0x0, 0x9f, 0x43, 0xf9, 0x0, 0x0, 0x0, 0xc,
    0xf1, 0x3f, 0x90, 0x0, 0x0, 0x6, 0xfa, 0x3,
    0xf9, 0x0, 0x0, 0x6, 0xff, 0x10, 0x3f, 0xd8,
    0x89, 0xbe, 0xfd, 0x30, 0x3, 0xff, 0xff, 0xfd,
    0xa7, 0x0, 0x0,

    /* U+0045 "E" */
    0x3f, 0xff, 0xff, 0xff, 0xfe, 0x3, 0xfd, 0x88,
    0x88, 0x88, 0x70, 0x3f, 0x90, 0x0, 0x0, 0x0,
    0x3, 0xf9, 0x0, 0x0, 0x0, 0x0, 0x3f, 0x90,
    0x0, 0x0, 0x0, 0x3, 0xf9, 0x0, 0x0, 0x0,
    0x0, 0x3f, 0xff, 0xff, 0xff, 0xf9, 0x3, 0xfd,
    0x88, 0x88, 0x88, 0x50, 0x3f, 0x90, 0x0, 0x0,
    0x0, 0x3, 0xf9, 0x0, 0x0, 0x0, 0x0, 0x3f,
    0x90, 0x0, 0x0, 0x0, 0x3, 0xf9, 0x0, 0x0,
    0x0, 0x0, 0x3f, 0xd8, 0x88, 0x88, 0x88, 0x13,
    0xff, 0xff, 0xff, 0xff, 0xf2,

    /* U+0046 "F" */
    0x3f, 0xff, 0xff, 0xff, 0xfe, 0x3f, 0xd8, 0x88,
    0x88, 0x87, 0x3f, 0x90, 0x0, 0x0, 0x0, 0x3f,
    0x90, 0x0, 0x0, 0x0, 0x3f, 0x90, 0x0, 0x0,
    0x0, 0x3f, 0x90, 0x0, 0x0, 0x0, 0x3f, 0xff,
    0xff, 0xff, 0xf9, 0x3f, 0xd8, 0x88, 0x88, 0x85,
    0x3f, 0x90, 0x0, 0x0, 0x0, 0x3f, 0x90, 0x0,
    0x0, 0x0, 0x3f, 0x90, 0x0, 0x0, 0x0, 0x3f,
    0x90, 0x0, 0x0, 0x0, 0x3f, 0x90, 0x0, 0x0,
    0x0, 0x3f, 0x90, 0x0, 0x0, 0x0,

    /* U+0047 "G" */
    0x0, 0x0, 0x29, 0xcf, 0xeb, 0x60, 0x0, 0x0,
    0x8, 0xff, 0xc9, 0xae, 0xfd, 0x10, 0x0, 0x7f,
    0xc2, 0x0, 0x0, 0x8f, 0xd0, 0x2, 0xfe, 0x0,
    0x0, 0x0, 0xb, 0xf3, 0xa, 0xf5, 0x0, 0x0,
    0x0, 0x0, 0x10, 0xe, 0xf1, 0x0, 0x0, 0x0,
    0x0, 0x0, 0xf, 0xf0, 0x0, 0x4, 0x88, 0x88,
    0x84, 0xf, 0xe0, 0x0, 0x8, 0xff, 0xff, 0xf8,
    0xd, 0xf1, 0x0, 0x0, 0x0, 0x2, 0xf8, 0xa,
    0xf5, 0x0, 0x0, 0x0, 0x5, 0xf8, 0x3, 0xfe,
    0x0, 0x0, 0x0, 0xb, 0xf8, 0x0, 0x9f, 0xc2,
    0x0, 0x0, 0x7f, 0xf8, 0x0, 0x8, 0xff, 0xc9,
    0xad, 0xf6, 0xf8, 0x0, 0x0, 0x4a, 0xef, 0xea,
    0x30, 0xf8,

    /* U+0048 "H" */
    0x3f, 0x90, 0x0, 0x0, 0x0, 0xed, 0x3f, 0x90,
    0x0, 0x0, 0x0, 0xed, 0x3f, 0x90, 0x0, 0x0,
    0x0, 0xed, 0x3f, 0x90, 0x0, 0x0, 0x0, 0xed,
    0x3f, 0x90, 0x0, 0x0, 0x0, 0xed, 0x3f, 0x90,
    0x0, 0x0, 0x0, 0xed, 0x3f, 0xff, 0xff, 0xff,
    0xff, 0xfd, 0x3f, 0xd8, 0x88, 0x88, 0x88, 0xfd,
    0x3f, 0x90, 0x0, 0x0, 0x0, 0xed, 0x3f, 0x90,
    0x0, 0x0, 0x0, 0xed, 0x3f, 0x90, 0x0, 0x0,
    0x0, 0xed, 0x3f, 0x90, 0x0, 0x0, 0x0, 0xed,
    0x3f, 0x90, 0x0, 0x0, 0x0, 0xed, 0x3f, 0x90,
    0x0, 0x0, 0x0, 0xed,

    /* U+0049 "I" */
    0x3f, 0x93, 0xf9, 0x3f, 0x93, 0xf9, 0x3f, 0x93,
    0xf9, 0x3f, 0x93, 0xf9, 0x3f, 0x93, 0xf9, 0x3f,
    0x93, 0xf9, 0x3f, 0x93, 0xf9,

    /* U+004A "J" */
    0x0, 0x0, 0x0, 0x7, 0xf5, 0x0, 0x0, 0x0,
    0x7, 0xf5, 0x0, 0x0, 0x0, 0x7, 0xf5, 0x0,
    0x0, 0x0, 0x7, 0xf5, 0x0, 0x0, 0x0, 0x7,
    0xf5, 0x0, 0x0, 0x0, 0x7, 0xf5, 0x0, 0x0,
    0x0, 0x7, 0xf5, 0x0, 0x0, 0x0, 0x7, 0xf5,
    0x0, 0x0, 0x0, 0x7, 0xf5, 0x48, 0x20, 0x0,
    0x7, 0xf5, 0x6f, 0x60, 0x0, 0x9, 0xf3, 0x2f,
    0xd0, 0x0, 0x1e, 0xe0, 0x9, 0xfd, 0x99, 0xef,
    0x50, 0x0, 0x6c, 0xfe, 0xb3, 0x0,

    /* U+004B "K" */
    0x3f, 0x90, 0x0, 0x1, 0xdf, 0x50, 0x3f, 0x90,
    0x0, 0x1c, 0xf6, 0x0, 0x3f, 0x90, 0x0, 0xcf,
    0x60, 0x0, 0x3f, 0x90, 0xc, 0xf6, 0x0, 0x0,
    0x3f, 0x90, 0xcf, 0x70, 0x0, 0x0, 0x3f, 0xab,
    0xf7, 0x0, 0x0, 0x0, 0x3f, 0xff, 0xd0, 0x0,
    0x0, 0x0, 0x3f, 0xfd, 0xfb, 0x0, 0x0, 0x0,
    0x3f, 0xb0, 0xcf, 0xa0, 0x0, 0x0, 0x3f, 0x90,
    0xc, 0xf9, 0x0, 0x0, 0x3f, 0x90, 0x1, 0xdf,
    0x80, 0x0, 0x3f, 0x90, 0x0, 0x1e, 0xf7, 0x0,
    0x3f, 0x90, 0x0, 0x2, 0xef, 0x60, 0x3f, 0x90,
    0x0, 0x0, 0x3f, 0xf5,

    /* U+004C "L" */
    0x3f, 0x90, 0x0, 0x0, 0x0, 0x3f, 0x90, 0x0,
    0x0, 0x0, 0x3f, 0x90, 0x0, 0x0, 0x0, 0x3f,
    0x90, 0x0, 0x0, 0x0, 0x3f, 0x90, 0x0, 0x0,
    0x0, 0x3f, 0x90, 0x0, 0x0, 0x0, 0x3f, 0x90,
    0x0, 0x0, 0x0, 0x3f, 0x90, 0x0, 0x0, 0x0,
    0x3f, 0x90, 0x0, 0x0, 0x0, 0x3f, 0x90, 0x0,
    0x0, 0x0, 0x3f, 0x90, 0x0, 0x0, 0x0, 0x3f,
    0x90, 0x0, 0x0, 0x0, 0x3f, 0xd8, 0x88, 0x88,
    0x88, 0x3f, 0xff, 0xff, 0xff, 0xfe,

    /* U+004D "M" */
    0x3f, 0xfd, 0x0, 0x0, 0x0, 0x0, 0xf, 0xff,
    0x3f, 0xff, 0x30, 0x0, 0x0, 0x0, 0x6f, 0xff,
    0x3f, 0xbf, 0x90, 0x0, 0x0, 0x0, 0xce, 0xdf,
    0x3f, 0x9b, 0xf0, 0x0, 0x0, 0x2, 0xf7, 0xcf,
    0x3f, 0x95, 0xf6, 0x0, 0x0, 0x9, 0xf1, 0xcf,
    0x3f, 0x90, 0xec, 0x0, 0x0, 0xe, 0xb0, 0xcf,
    0x3f, 0x90, 0x8f, 0x30, 0x0, 0x5f, 0x50, 0xcf,
    0x3f, 0x90, 0x2f, 0x90, 0x0, 0xbe, 0x0, 0xcf,
    0x3f, 0x90, 0xc, 0xf0, 0x2, 0xf8, 0x0, 0xcf,
    0x3f, 0x90, 0x6, 0xf6, 0x8, 0xf2, 0x0, 0xcf,
    0x3f, 0x90, 0x0, 0xfc, 0xe, 0xc0, 0x0, 0xcf,
    0x3f, 0x90, 0x0, 0x9f, 0x7f, 0x60, 0x0, 0xcf,
    0x3f, 0x90, 0x0, 0x3f, 0xff, 0x0, 0x0, 0xcf,
    0x3f, 0x90, 0x0, 0xd, 0xf9, 0x0, 0x0, 0xcf,

    /* U+004E "N" */
    0x3f, 0xfd, 0x0, 0x0, 0x0, 0x5f, 0x73, 0xff,
    0xf6, 0x0, 0x0, 0x5, 0xf7, 0x3f, 0xae, 0xf1,
    0x0, 0x0, 0x5f, 0x73, 0xf9, 0x5f, 0x90, 0x0,
    0x5, 0xf7, 0x3f, 0x90, 0xbf, 0x30, 0x0, 0x5f,
    0x73, 0xf9, 0x2, 0xfc, 0x0, 0x5, 0xf7, 0x3f,
    0x90, 0x8, 0xf6, 0x0, 0x5f, 0x73, 0xf9, 0x0,
    0xe, 0xe1, 0x5, 0xf7, 0x3f, 0x90, 0x0, 0x5f,
    0x90, 0x5f, 0x73, 0xf9, 0x0, 0x0, 0xcf, 0x35,
    0xf7, 0x3f, 0x90, 0x0, 0x2, 0xfc, 0x5f, 0x73,
    0xf9, 0x0, 0x0, 0x8, 0xfb, 0xf7, 0x3f, 0x90,
    0x0, 0x0, 0xe, 0xff, 0x73, 0xf9, 0x0, 0x0,
    0x0, 0x5f, 0xf7,

    /* U+004F "O" */
    0x0, 0x0, 0x3a, 0xef, 0xeb, 0x40, 0x0, 0x0,
    0x0, 0x8f, 0xfc, 0x9b, 0xff, 0xa0, 0x0, 0x0,
    0x8f, 0xc1, 0x0, 0x0, 0xaf, 0xa0, 0x0, 0x2f,
    0xd0, 0x0, 0x0, 0x0, 0xbf, 0x40, 0xa, 0xf5,
    0x0, 0x0, 0x0, 0x3, 0xfc, 0x0, 0xef, 0x10,
    0x0, 0x0, 0x0, 0xe, 0xf1, 0xf, 0xe0, 0x0,
    0x0, 0x0, 0x0, 0xcf, 0x20, 0xfe, 0x0, 0x0,
    0x0, 0x0, 0xc, 0xf2, 0xe, 0xf1, 0x0, 0x0,
    0x0, 0x0, 0xef, 0x10, 0xaf, 0x50, 0x0, 0x0,
    0x0, 0x2f, 0xc0, 0x2, 0xfd, 0x0, 0x0, 0x0,
    0xb, 0xf5, 0x0, 0x8, 0xfb, 0x10, 0x0, 0x9,
    0xfa, 0x0, 0x0, 0x8, 0xff, 0xb9, 0xbe, 0xfa,
    0x10, 0x0, 0x0, 0x3, 0x9c, 0xfd, 0xa4, 0x0,
    0x0,

    /* U+0050 "P" */
    0x3f, 0xff, 0xff, 0xfd, 0x92, 0x0, 0x3f, 0xd8,
    0x88, 0x9b, 0xff, 0x30, 0x3f, 0x90, 0x0, 0x0,
    0x4f, 0xb0, 0x3f, 0x90, 0x0, 0x0, 0xe, 0xf0,
    0x3f, 0x90, 0x0, 0x0, 0xe, 0xf0, 0x3f, 0x90,
    0x0, 0x0, 0x4f, 0xc0, 0x3f, 0xd8, 0x88, 0x8b,
    0xff, 0x30, 0x3f, 0xff, 0xff, 0xfd, 0xa3, 0x0,
    0x3f, 0x90, 0x0, 0x0, 0x0, 0x0, 0x3f, 0x90,
    0x0, 0x0, 0x0, 0x0, 0x3f, 0x90, 0x0, 0x0,
    0x0, 0x0, 0x3f, 0x90, 0x0, 0x0, 0x0, 0x0,
    0x3f, 0x90, 0x0, 0x0, 0x0, 0x0, 0x3f, 0x90,
    0x0, 0x0, 0x0, 0x0,

    /* U+0051 "Q" */
    0x0, 0x0, 0x3a, 0xef, 0xeb, 0x40, 0x0, 0x0,
    0x0, 0x8f, 0xfc, 0x9b, 0xff, 0xa1, 0x0, 0x0,
    0x8f, 0xc1, 0x0, 0x0, 0xaf, 0xb0, 0x0, 0x2f,
    0xd0, 0x0, 0x0, 0x0, 0xbf, 0x50, 0xa, 0xf5,
    0x0, 0x0, 0x0, 0x3, 0xfd, 0x0, 0xef, 0x10,
    0x0, 0x0, 0x0, 0xe, 0xf1, 0xf, 0xe0, 0x0,
    0x0, 0x0, 0x0, 0xcf, 0x20, 0xfe, 0x0, 0x0,
    0x0, 0x0, 0xc, 0xf2, 0xe, 0xf1, 0x0, 0x0,
    0x0, 0x0, 0xef, 0x10, 0xaf, 0x50, 0x0, 0x6,
    0x60, 0x2f, 0xc0, 0x2, 0xfd, 0x0, 0x0, 0xbf,
    0x6b, 0xf4, 0x0, 0x8, 0xfb, 0x10, 0x0, 0xbf,
    0xf9, 0x0, 0x0, 0x8, 0xff, 0xb9, 0xbf, 0xff,
    0x70, 0x0, 0x0, 0x3, 0x9c, 0xfe, 0xb4, 0xbf,
    0x50, 0x0, 0x0, 0x0, 0x0, 0x0, 0x0, 0x80,
    0x0,

    /* U+0052 "R" */
    0x3f, 0xff, 0xff, 0xfe, 0xb4, 0x0, 0x3f, 0xd8,
    0x88, 0x8b, 0xff, 0x50, 0x3f, 0x90, 0x0, 0x0,
    0x4f, 0xe0, 0x3f, 0x90, 0x0, 0x0, 0xd, 0xf1,
    0x3f, 0x90, 0x0, 0x0, 0xd, 0xf0, 0x3f, 0x90,
    0x0, 0x0, 0x4f, 0x90, 0x3f, 0xd8, 0x88, 0x9b,
    0xfb, 0x0, 0x3f, 0xff, 0xff, 0xff, 0xe5, 0x0,
    0x3f, 0x90, 0x0, 0x3, 0xcf, 0x50, 0x3f, 0x90,
    0x0, 0x0, 0x3f, 0xb0, 0x3f, 0x90, 0x0, 0x0,
    0xf, 0xc0, 0x3f, 0x90, 0x0, 0x0, 0xf, 0xc0,
    0x3f, 0x90, 0x0, 0x0, 0xf, 0xc0, 0x3f, 0x90,
    0x0, 0x0, 0xf, 0xc0,

    /* U+0053 "S" */
    0x0, 0x5, 0xbe, 0xfd, 0xa2, 0x0, 0x0, 0xbf,
    0xea, 0x9b, 0xff, 0x50, 0x6, 0xfb, 0x0, 0x0,
    0x2e, 0xf1, 0xb, 0xf3, 0x0, 0x0, 0x7, 0xf6,
    0x9, 0xf6, 0x0, 0x0, 0x0, 0x10, 0x2, 0xff,
    0x83, 0x0, 0x0, 0x0, 0x0, 0x3c, 0xff, 0xfb,
    0x72, 0x0, 0x0, 0x0, 0x37, 0xae, 0xff, 0x90,
    0x0, 0x0, 0x0, 0x0, 0x4d, 0xf7, 0x19, 0x70,
    0x0, 0x0, 0x2, 0xfc, 0xf, 0xe0, 0x0, 0x0,
    0x1, 0xfc, 0xa, 0xfa, 0x0, 0x0, 0xa, 0xf8,
    0x0, 0xcf, 0xea, 0x8a, 0xef, 0xb0, 0x0, 0x5,
    0xbd, 0xfd, 0xb4, 0x0,

    /* U+0054 "T" */
    0xcf, 0xff, 0xff, 0xff, 0xff, 0xfa, 0x68, 0x88,
    0x8f, 0xe8, 0x88, 0x85, 0x0, 0x0, 0xf, 0xd0,
    0x0, 0x0, 0x0, 0x0, 0xf, 0xd0, 0x0, 0x0,
    0x0, 0x0, 0xf, 0xd0, 0x0, 0x0, 0x0, 0x0,
    0xf, 0xd0, 0x0, 0x0, 0x0, 0x0, 0xf, 0xd0,
    0x0, 0x0, 0x0, 0x0, 0xf, 0xd0, 0x0, 0x0,
    0x0, 0x0, 0xf, 0xd0, 0x0, 0x0, 0x0, 0x0,
    0xf, 0xd0, 0x0, 0x0, 0x0, 0x0, 0xf, 0xd0,
    0x0, 0x0, 0x0, 0x0, 0xf, 0xd0, 0x0, 0x0,
    0x0, 0x0, 0xf, 0xd0, 0x0, 0x0, 0x0, 0x0,
    0xf, 0xd0, 0x0, 0x0,

    /* U+0055 "U" */
    0x5f, 0x70, 0x0, 0x0, 0x9, 0xf3, 0x5f, 0x70,
    0x0, 0x0, 0x9, 0xf3, 0x5f, 0x70, 0x0, 0x0,
    0x9, 0xf3, 0x5f, 0x70, 0x0, 0x0, 0x9, 0xf3,
    0x5f, 0x70, 0x0, 0x0, 0x9, 0xf3, 0x5f, 0x70,
    0x0, 0x0, 0x9, 0xf3, 0x5f, 0x70, 0x0, 0x0,
    0x9, 0xf3, 0x5f, 0x70, 0x0, 0x0, 0x9, 0xf3,
    0x5f, 0x80, 0x0, 0x0, 0xa, 0xf2, 0x2f, 0xa0,
    0x0, 0x0, 0xc, 0xf0, 0xf, 0xe0, 0x0, 0x0,
    0x1f, 0xe0, 0x9, 0xf8, 0x0, 0x0, 0xaf, 0x70,
    0x1, 0xdf, 0xc9, 0x9d, 0xfc, 0x0, 0x0, 0x8,
    0xce, 0xec, 0x60, 0x0,

    /* U+0056 "V" */
    0xaf, 0x50, 0x0, 0x0, 0x0, 0x2f, 0xc4, 0xfb,
    0x0, 0x0, 0x0, 0x8, 0xf6, 0xe, 0xf1, 0x0,
    0x0, 0x0, 0xdf, 0x0, 0x8f, 0x70, 0x0, 0x0,
    0x3f, 0xa0, 0x2, 0xfc, 0x0, 0x0, 0x9, 0xf3,
    0x0, 0xc, 0xf2, 0x0, 0x0, 0xfd, 0x0, 0x0,
    0x6f, 0x80, 0x0, 0x5f, 0x70, 0x0, 0x0, 0xfe,
    0x0, 0xb, 0xf1, 0x0, 0x0, 0xa, 0xf4, 0x1,
    0xfb, 0x0, 0x0, 0x0, 0x4f, 0xa0, 0x7f, 0x40,
    0x0, 0x0, 0x0, 0xdf, 0xd, 0xe0, 0x0, 0x0,
    0x0, 0x7, 0xf9, 0xf8, 0x0, 0x0, 0x0, 0x0,
    0x1f, 0xff, 0x20, 0x0, 0x0, 0x0, 0x0, 0xbf,
    0xc0, 0x0, 0x0,

    /* U+0057 "W" */
    0x9f, 0x50, 0x0, 0x0, 0x9f, 0xe0, 0x0, 0x0,
    0xe, 0xd4, 0xf9, 0x0, 0x0, 0xd, 0xff, 0x30,
    0x0, 0x3, 0xf8, 0xf, 0xd0, 0x0, 0x2, 0xf8,
    0xf7, 0x0, 0x0, 0x7f, 0x40, 0xcf, 0x10, 0x0,
    0x6f, 0x3d, 0xb0, 0x0, 0xc, 0xf0, 0x7, 0xf6,
    0x0, 0xa, 0xe0, 0x9f, 0x0, 0x0, 0xfb, 0x0,
    0x3f, 0xa0, 0x0, 0xea, 0x5, 0xf4, 0x0, 0x5f,
    0x70, 0x0, 0xee, 0x0, 0x3f, 0x60, 0x1f, 0x80,
    0x9, 0xf2, 0x0, 0xa, 0xf3, 0x7, 0xf1, 0x0,
    0xcc, 0x0, 0xde, 0x0, 0x0, 0x6f, 0x70, 0xcd,
    0x0, 0x8, 0xf1, 0x2f, 0xa0, 0x0, 0x2, 0xfb,
    0xf, 0x80, 0x0, 0x4f, 0x56, 0xf5, 0x0, 0x0,
    0xd, 0xf5, 0xf4, 0x0, 0x0, 0xf9, 0xaf, 0x10,
    0x0, 0x0, 0x9f, 0xdf, 0x0, 0x0, 0xb, 0xef,
    0xd0, 0x0, 0x0, 0x5, 0xff, 0xb0, 0x0, 0x0,
    0x7f, 0xf8, 0x0, 0x0, 0x0, 0xf, 0xf7, 0x0,
    0x0, 0x3, 0xff, 0x40, 0x0,

    /* U+0058 "X" */
    0x3f, 0xe1, 0x0, 0x0, 0x9, 0xf6, 0x0, 0x7f,
    0x90, 0x0, 0x4, 0xfc, 0x0, 0x0, 0xcf, 0x40,
    0x0, 0xdf, 0x20, 0x0, 0x2, 0xfd, 0x0, 0x8f,
    0x60, 0x0, 0x0, 0x7, 0xf8, 0x3f, 0xb0, 0x0,
    0x0, 0x0, 0xc, 0xfe, 0xe1, 0x0, 0x0, 0x0,
    0x0, 0x2f, 0xf6, 0x0, 0x0, 0x0, 0x0, 0x8,
    0xff, 0xc0, 0x0, 0x0, 0x0, 0x3, 0xfb, 0x8f,
    0x70, 0x0, 0x0, 0x0, 0xdf, 0x10, 0xdf, 0x20,
    0x0, 0x0, 0x8f, 0x60, 0x3, 0xfc, 0x0, 0x0,
    0x3f, 0xc0, 0x0, 0x9, 0xf8, 0x0, 0xd, 0xf2,
    0x0, 0x0, 0xe, 0xf3, 0x9, 0xf7, 0x0, 0x0,
    0x0, 0x4f, 0xd0,

    /* U+0059 "Y" */
    0x8f, 0x70, 0x0, 0x0, 0x9, 0xf5, 0xe, 0xf1,
    0x0, 0x0, 0x3f, 0xb0, 0x5, 0xfa, 0x0, 0x0,
    0xcf, 0x20, 0x0, 0xbf, 0x30, 0x6, 0xf8, 0x0,
    0x0, 0x2f, 0xc0, 0xe, 0xd0, 0x0, 0x0, 0x8,
    0xf5, 0x9f, 0x40, 0x0, 0x0, 0x0, 0xde, 0xfa,
    0x0, 0x0, 0x0, 0x0, 0x4f, 0xf1, 0x0, 0x0,
    0x0, 0x0, 0xf, 0xc0, 0x0, 0x0, 0x0, 0x0,
    0xf, 0xc0, 0x0, 0x0, 0x0, 0x0, 0xf, 0xc0,
    0x0, 0x0, 0x0, 0x0, 0xf, 0xc0, 0x0, 0x0,
    0x0, 0x0, 0xf, 0xc0, 0x0, 0x0, 0x0, 0x0,
    0xf, 0xc0, 0x0, 0x0,

    /* U+005A "Z" */
    0xf, 0xff, 0xff, 0xff, 0xff, 0xf0, 0x8, 0x88,
    0x88, 0x88, 0xaf, 0xf0, 0x0, 0x0, 0x0, 0x0,
    0xcf, 0x50, 0x0, 0x0, 0x0, 0x8, 0xf9, 0x0,
    0x0, 0x0, 0x0, 0x5f, 0xc0, 0x0, 0x0, 0x0,
    0x2, 0xfe, 0x10, 0x0, 0x0, 0x0, 0xd, 0xf4,
    0x0, 0x0, 0x0, 0x0, 0xaf, 0x70, 0x0, 0x0,
    0x0, 0x6, 0xfb, 0x0, 0x0, 0x0, 0x0, 0x3f,
    0xe1, 0x0, 0x0, 0x0, 0x1, 0xdf, 0x30, 0x0,
    0x0, 0x0, 0xb, 0xf6, 0x0, 0x0, 0x0, 0x0,
    0x4f, 0xe8, 0x88, 0x88, 0x88, 0x82, 0x4f, 0xff,
    0xff, 0xff, 0xff, 0xf3,

    /* U+005B "[" */
    0x1, 0x11, 0x4, 0xff, 0xf0, 0x4f, 0x74, 0x4,
    0xf4, 0x0, 0x4f, 0x40, 0x4, 0xf4, 0x0, 0x4f,
    0x40, 0x4, 0xf4, 0x0, 0x4f, 0x40, 0x4, 0xf4,
    0x0, 0x4f, 0x40, 0x4, 0xf4, 0x0, 0x4f, 0x40,
    0x4, 0xf4, 0x0, 0x4f, 0x40, 0x4, 0xf4, 0x0,
    0x4f, 0x51, 0x4, 0xff, 0xf0, 0x14, 0x44, 0x0,

    /* U+005C "\\" */
    0x3f, 0x50, 0x0, 0x0, 0xd, 0xb0, 0x0, 0x0,
    0x6, 0xf2, 0x0, 0x0, 0x1, 0xf8, 0x0, 0x0,
    0x0, 0xae, 0x0, 0x0, 0x0, 0x3f, 0x50, 0x0,
    0x0, 0xd, 0xb0, 0x0, 0x0, 0x7, 0xf2, 0x0,
    0x0, 0x1, 0xf8, 0x0, 0x0, 0x0, 0xae, 0x0,
    0x0, 0x0, 0x4f, 0x50, 0x0, 0x0, 0xd, 0xb0,
    0x0, 0x0, 0x7, 0xf2, 0x0, 0x0, 0x1, 0xf8,

    /* U+005D "]" */
    0x1, 0x11, 0x8f, 0xfd, 0x24, 0xdd, 0x0, 0xcd,
    0x0, 0xcd, 0x0, 0xcd, 0x0, 0xcd, 0x0, 0xcd,
    0x0, 0xcd, 0x0, 0xcd, 0x0, 0xcd, 0x0, 0xcd,
    0x0, 0xcd, 0x0, 0xcd, 0x0, 0xcd, 0x0, 0xcd,
    0x1, 0xcd, 0x8f, 0xfd, 0x24, 0x43,

    /* U+005E "^" */
    0x0, 0x3, 0xfc, 0x0, 0x0, 0x0, 0xbf, 0xf3,
    0x0, 0x0, 0x2f, 0x7e, 0xb0, 0x0, 0xa, 0xf0,
    0x8f, 0x20, 0x1, 0xf9, 0x1, 0xf9, 0x0, 0x8f,
    0x20, 0xa, 0xf1, 0xf, 0xb0, 0x0, 0x4f, 0x80,

    /* U+005F "_" */
    0x22, 0x22, 0x22, 0x22, 0x20, 0xef, 0xff, 0xff,
    0xff, 0xf4, 0x45, 0x55, 0x55, 0x55, 0x51,

    /* U+0060 "`" */
    0x6, 0x71, 0x0, 0x3f, 0xa0, 0x0, 0x5f, 0x30,

    /* U+0061 "a" */
    0x0, 0x2b, 0xee, 0xb3, 0x0, 0x2f, 0xd7, 0x7c,
    0xf2, 0x9, 0xf2, 0x0, 0xf, 0x90, 0x34, 0x0,
    0x3, 0xfc, 0x0, 0x39, 0xdf, 0xff, 0xc0, 0x7f,
    0xd7, 0x41, 0xdc, 0xf, 0xd0, 0x0, 0xe, 0xc0,
    0xfc, 0x0, 0x4, 0xfc, 0xa, 0xfa, 0x69, 0xee,
    0xc0, 0x9, 0xee, 0xb3, 0xcc,

    /* U+0062 "b" */
    0x8f, 0x30, 0x0, 0x0, 0x0, 0x8f, 0x30, 0x0,
    0x0, 0x0, 0x8f, 0x30, 0x0, 0x0, 0x0, 0x8f,
    0x30, 0x0, 0x0, 0x0, 0x8f, 0x37, 0xcf, 0xc6,
    0x0, 0x8f, 0xcd, 0x77, 0xcf, 0x90, 0x8f, 0xd0,
    0x0, 0xc, 0xf3, 0x8f, 0x50, 0x0, 0x4, 0xf9,
    0x8f, 0x20, 0x0, 0x0, 0xfb, 0x8f, 0x20, 0x0,
    0x0, 0xfb, 0x8f, 0x50, 0x0, 0x3, 0xf9, 0x8f,
    0xd0, 0x0, 0xb, 0xf3, 0x8f, 0xcd, 0x77, 0xcf,
    0x90, 0x8f, 0x37, 0xcf, 0xc6, 0x0,

    /* U+0063 "c" */
    0x0, 0x6, 0xcf, 0xea, 0x20, 0x0, 0xbf, 0xa6,
    0x8f, 0xe2, 0x7, 0xf7, 0x0, 0x3, 0xfa, 0xd,
    0xe0, 0x0, 0x0, 0x76, 0xf, 0xb0, 0x0, 0x0,
    0x0, 0xf, 0xb0, 0x0, 0x0, 0x0, 0xe, 0xe0,
    0x0, 0x0, 0x56, 0x8, 0xf7, 0x0, 0x2, 0xfb,
    0x0, 0xdf, 0xa6, 0x7e, 0xf3, 0x0, 0x8, 0xcf,
    0xea, 0x20,

    /* U+0064 "d" */
    0x0, 0x0, 0x0, 0x0, 0x8f, 0x20, 0x0, 0x0,
    0x0, 0x8, 0xf2, 0x0, 0x0, 0x0, 0x0, 0x8f,
    0x20, 0x0, 0x0, 0x0, 0x8, 0xf2, 0x0, 0x8,
    0xdf, 0xc4, 0x8f, 0x20, 0xd, 0xfa, 0x69, 0xfd,
    0xf2, 0x8, 0xf7, 0x0, 0x3, 0xff, 0x20, 0xee,
    0x0, 0x0, 0xb, 0xf2, 0x1f, 0xb0, 0x0, 0x0,
    0x8f, 0x21, 0xfb, 0x0, 0x0, 0x8, 0xf2, 0xe,
    0xe0, 0x0, 0x0, 0xbf, 0x20, 0x9f, 0x60, 0x0,
    0x3f, 0xf2, 0x1, 0xef, 0xa6, 0x8f, 0xcf, 0x20,
    0x1, 0x9d, 0xeb, 0x48, 0xf2,

    /* U+0065 "e" */
    0x0, 0x8, 0xcf, 0xc8, 0x0, 0x0, 0xcf, 0x86,
    0x9f, 0xc0, 0x8, 0xf3, 0x0, 0x5, 0xf6, 0xe,
    0xc0, 0x0, 0x0, 0xfb, 0xf, 0xff, 0xff, 0xff,
    0xfd, 0xf, 0xb3, 0x33, 0x33, 0x32, 0xe, 0xd0,
    0x0, 0x0, 0x43, 0x9, 0xf5, 0x0, 0x3, 0xf9,
    0x1, 0xef, 0x96, 0x9e, 0xe1, 0x0, 0x9, 0xdf,
    0xd9, 0x10,

    /* U+0066 "f" */
    0x0, 0x9, 0xed, 0x0, 0x8f, 0xd9, 0x0, 0xcf,
    0x0, 0x0, 0xce, 0x0, 0x9f, 0xff, 0xfe, 0x46,
    0xef, 0x66, 0x0, 0xce, 0x0, 0x0, 0xce, 0x0,
    0x0, 0xce, 0x0, 0x0, 0xce, 0x0, 0x0, 0xce,
    0x0, 0x0, 0xce, 0x0, 0x0, 0xce, 0x0, 0x0,
    0xce, 0x0,

    /* U+0067 "g" */
    0x0, 0x8, 0xdf, 0xc4, 0x9f, 0x20, 0xd, 0xfa,
    0x69, 0xfd, 0xf2, 0x8, 0xf7, 0x0, 0x4, 0xff,
    0x20, 0xee, 0x0, 0x0, 0xb, 0xf2, 0xf, 0xb0,
    0x0, 0x0, 0x8f, 0x20, 0xfb, 0x0, 0x0, 0x8,
    0xf2, 0xe, 0xe0, 0x0, 0x0, 0xbf, 0x20, 0x9f,
    0x60, 0x0, 0x4f, 0xf2, 0x1, 0xef, 0xa6, 0x9f,
    0xdf, 0x20, 0x1, 0x9d, 0xeb, 0x49, 0xf1, 0x1,
    0x20, 0x0, 0x0, 0xaf, 0x0, 0x8f, 0x30, 0x0,
    0x1e, 0xa0, 0x2, 0xee, 0x85, 0x7e, 0xf2, 0x0,
    0x2, 0xad, 0xfd, 0xa1, 0x0,

    /* U+0068 "h" */
    0x8f, 0x30, 0x0, 0x0, 0x8, 0xf3, 0x0, 0x0,
    0x0, 0x8f, 0x30, 0x0, 0x0, 0x8, 0xf3, 0x0,
    0x0, 0x0, 0x8f, 0x38, 0xde, 0xb2, 0x8, 0xfc,
    0xc6, 0x7e, 0xf1, 0x8f, 0xb0, 0x0, 0x4f, 0x78,
    0xf5, 0x0, 0x1, 0xfa, 0x8f, 0x30, 0x0, 0xf,
    0xb8, 0xf3, 0x0, 0x0, 0xfb, 0x8f, 0x30, 0x0,
    0xf, 0xb8, 0xf3, 0x0, 0x0, 0xfb, 0x8f, 0x30,
    0x0, 0xf, 0xb8, 0xf3, 0x0, 0x0, 0xfb,

    /* U+0069 "i" */
    0xaf, 0x4a, 0xf4, 0x0, 0x0, 0x0, 0x8f, 0x38,
    0xf3, 0x8f, 0x38, 0xf3, 0x8f, 0x38, 0xf3, 0x8f,
    0x38, 0xf3, 0x8f, 0x38, 0xf3,

    /* U+006A "j" */
    0x0, 0x8f, 0x70, 0x8, 0xf7, 0x0, 0x0, 0x0,
    0x0, 0x0, 0x0, 0x5f, 0x50, 0x5, 0xf5, 0x0,
    0x5f, 0x50, 0x5, 0xf5, 0x0, 0x5f, 0x50, 0x5,
    0xf5, 0x0, 0x5f, 0x50, 0x5, 0xf5, 0x0, 0x5f,
    0x50, 0x5, 0xf5, 0x0, 0x6f, 0x50, 0x8, 0xf4,
    0x3a, 0xff, 0x14, 0xfd, 0x50,

    /* U+006B "k" */
    0x8f, 0x30, 0x0, 0x0, 0x8, 0xf3, 0x0, 0x0,
    0x0, 0x8f, 0x30, 0x0, 0x0, 0x8, 0xf3, 0x0,
    0x0, 0x0, 0x8f, 0x30, 0x4, 0xfd, 0x18, 0xf3,
    0x3, 0xfd, 0x10, 0x8f, 0x33, 0xfd, 0x10, 0x8,
    0xf5, 0xed, 0x10, 0x0, 0x8f, 0xff, 0x70, 0x0,
    0x8, 0xfd, 0xdf, 0x40, 0x0, 0x8f, 0x33, 0xfe,
    0x20, 0x8, 0xf3, 0x5, 0xfd, 0x0, 0x8f, 0x30,
    0x9, 0xfb, 0x8, 0xf3, 0x0, 0xc, 0xf8,

    /* U+006C "l" */
    0x8f, 0x38, 0xf3, 0x8f, 0x38, 0xf3, 0x8f, 0x38,
    0xf3, 0x8f, 0x38, 0xf3, 0x8f, 0x38, 0xf3, 0x8f,
    0x38, 0xf3, 0x8f, 0x38, 0xf3,

    /* U+006D "m" */
    0x8f, 0x38, 0xdd, 0x90, 0x9, 0xee, 0xa1, 0x8,
    0xfc, 0xb6, 0xaf, 0xaa, 0xc6, 0x9f, 0xc0, 0x8f,
    0xb0, 0x0, 0xbf, 0xc0, 0x0, 0x9f, 0x38, 0xf5,
    0x0, 0x7, 0xf6, 0x0, 0x5, 0xf6, 0x8f, 0x30,
    0x0, 0x6f, 0x50, 0x0, 0x4f, 0x68, 0xf3, 0x0,
    0x6, 0xf4, 0x0, 0x4, 0xf6, 0x8f, 0x30, 0x0,
    0x6f, 0x40, 0x0, 0x4f, 0x68, 0xf3, 0x0, 0x6,
    0xf4, 0x0, 0x4, 0xf6, 0x8f, 0x30, 0x0, 0x6f,
    0x40, 0x0, 0x4f, 0x68, 0xf3, 0x0, 0x6, 0xf4,
    0x0, 0x4, 0xf6,

    /* U+006E "n" */
    0x8f, 0x37, 0xde, 0xb2, 0x8, 0xfc, 0xc7, 0x7e,
    0xf1, 0x8f, 0xb0, 0x0, 0x4f, 0x78, 0xf5, 0x0,
    0x0, 0xfa, 0x8f, 0x30, 0x0, 0xf, 0xb8, 0xf3,
    0x0, 0x0, 0xfb, 0x8f, 0x30, 0x0, 0xf, 0xb8,
    0xf3, 0x0, 0x0, 0xfb, 0x8f, 0x30, 0x0, 0xf,
    0xb8, 0xf3, 0x0, 0x0, 0xfb,

    /* U+006F "o" */
    0x0, 0x7, 0xcf, 0xd9, 0x0, 0x0, 0xc, 0xfa,
    0x69, 0xfe, 0x10, 0x7, 0xf6, 0x0, 0x3, 0xfb,
    0x0, 0xee, 0x0, 0x0, 0xb, 0xf1, 0xf, 0xb0,
    0x0, 0x0, 0x8f, 0x40, 0xfb, 0x0, 0x0, 0x8,
    0xf4, 0xe, 0xe0, 0x0, 0x0, 0xbf, 0x10, 0x8f,
    0x60, 0x0, 0x3f, 0xb0, 0x0, 0xcf, 0x96, 0x8f,
    0xe1, 0x0, 0x0, 0x7c, 0xfd, 0x91, 0x0,

    /* U+0070 "p" */
    0x8f, 0x37, 0xcf, 0xc6, 0x0, 0x8f, 0xcd, 0x77,
    0xcf, 0x90, 0x8f, 0xd0, 0x0, 0xb, 0xf3, 0x8f,
    0x50, 0x0, 0x4, 0xf9, 0x8f, 0x20, 0x0, 0x0,
    0xfb, 0x8f, 0x20, 0x0, 0x0, 0xfb, 0x8f, 0x50,
    0x0, 0x3, 0xf9, 0x8f, 0xd0, 0x0, 0xb, 0xf3,
    0x8f, 0xcd, 0x76, 0xcf, 0x90, 0x8f, 0x37, 0xcf,
    0xc6, 0x0, 0x8f, 0x30, 0x0, 0x0, 0x0, 0x8f,
    0x30, 0x0, 0x0, 0x0, 0x8f, 0x30, 0x0, 0x0,
    0x0, 0x8f, 0x30, 0x0, 0x0, 0x0,

    /* U+0071 "q" */
    0x0, 0x8, 0xde, 0xb5, 0x6f, 0x30, 0xd, 0xfa,
    0x68, 0xfc, 0xf3, 0x8, 0xf6, 0x0, 0x3, 0xff,
    0x30, 0xee, 0x0, 0x0, 0xb, 0xf3, 0x1f, 0xb0,
    0x0, 0x0, 0x8f, 0x31, 0xfb, 0x0, 0x0, 0x8,
    0xf3, 0xe, 0xe0, 0x0, 0x0, 0xbf, 0x30, 0x9f,
    0x60, 0x0, 0x3f, 0xf3, 0x1, 0xef, 0x96, 0x8f,
    0xcf, 0x30, 0x1, 0x9d, 0xfb, 0x48, 0xf3, 0x0,
    0x0, 0x0, 0x0, 0x8f, 0x30, 0x0, 0x0, 0x0,
    0x8, 0xf3, 0x0, 0x0, 0x0, 0x0, 0x8f, 0x30,
    0x0, 0x0, 0x0, 0x8, 0xf3,

    /* U+0072 "r" */
    0x8f, 0x37, 0xea, 0x8f, 0xaf, 0xc7, 0x8f, 0xe2,
    0x0, 0x8f, 0x60, 0x0, 0x8f, 0x40, 0x0, 0x8f,
    0x30, 0x0, 0x8f, 0x30, 0x0, 0x8f, 0x30, 0x0,
    0x8f, 0x30, 0x0, 0x8f, 0x30, 0x0,

    /* U+0073 "s" */
    0x0, 0x6d, 0xfe, 0xa2, 0x0, 0x8f, 0xb6, 0x9e,
    0xe1, 0xe, 0xd0, 0x0, 0x6f, 0x70, 0xcf, 0x50,
    0x0, 0x0, 0x3, 0xef, 0xfc, 0x82, 0x0, 0x0,
    0x48, 0xbf, 0xf3, 0x16, 0x20, 0x0, 0x3f, 0xb1,
    0xfa, 0x0, 0x0, 0xfa, 0x9, 0xfa, 0x67, 0xdf,
    0x40, 0x6, 0xcf, 0xeb, 0x30,

    /* U+0074 "t" */
    0x0, 0xdd, 0x0, 0x0, 0xd, 0xd0, 0x0, 0x0,
    0xdd, 0x0, 0xa, 0xff, 0xff, 0xd0, 0x46, 0xee,
    0x65, 0x0, 0xd, 0xd0, 0x0, 0x0, 0xdd, 0x0,
    0x0, 0xd, 0xd0, 0x0, 0x0, 0xdd, 0x0, 0x0,
    0xd, 0xe0, 0x0, 0x0, 0xcf, 0x0, 0x0, 0x8,
    0xfd, 0x90, 0x0, 0xa, 0xfe, 0x0,

    /* U+0075 "u" */
    0xaf, 0x10, 0x0, 0x4f, 0x6a, 0xf1, 0x0, 0x4,
    0xf6, 0xaf, 0x10, 0x0, 0x4f, 0x6a, 0xf1, 0x0,
    0x4, 0xf6, 0xaf, 0x10, 0x0, 0x4f, 0x6a, 0xf1,
    0x0, 0x4, 0xf6, 0x9f, 0x20, 0x0, 0x6f, 0x67,
    0xf6, 0x0, 0xc, 0xf6, 0x1f, 0xf8, 0x6b, 0xcf,
    0x60, 0x3b, 0xfd, 0x83, 0xf6,

    /* U+0076 "v" */
    0x8f, 0x50, 0x0, 0x8, 0xf4, 0x2f, 0xa0, 0x0,
    0xd, 0xe0, 0xc, 0xf0, 0x0, 0x2f, 0x80, 0x6,
    0xf5, 0x0, 0x7f, 0x20, 0x1, 0xfa, 0x0, 0xdc,
    0x0, 0x0, 0xaf, 0x2, 0xf7, 0x0, 0x0, 0x5f,
    0x57, 0xf1, 0x0, 0x0, 0xe, 0xbd, 0xb0, 0x0,
    0x0, 0x9, 0xff, 0x50, 0x0, 0x0, 0x3, 0xff,
    0x0, 0x0,

    /* U+0077 "w" */
    0x9f, 0x40, 0x0, 0x5f, 0xf1, 0x0, 0x8, 0xf3,
    0x3f, 0x80, 0x0, 0xaf, 0xf5, 0x0, 0xc, 0xe0,
    0xe, 0xd0, 0x0, 0xe9, 0xea, 0x0, 0x1f, 0x90,
    0x9, 0xf2, 0x3, 0xf4, 0xaf, 0x0, 0x5f, 0x40,
    0x4, 0xf6, 0x8, 0xf0, 0x5f, 0x40, 0xaf, 0x0,
    0x0, 0xfb, 0xc, 0xb0, 0x1f, 0x90, 0xea, 0x0,
    0x0, 0xaf, 0x1f, 0x60, 0xc, 0xe3, 0xf5, 0x0,
    0x0, 0x5f, 0xaf, 0x20, 0x7, 0xfa, 0xf0, 0x0,
    0x0, 0x1f, 0xfd, 0x0, 0x2, 0xff, 0xb0, 0x0,
    0x0, 0xb, 0xf8, 0x0, 0x0, 0xef, 0x60, 0x0,

    /* U+0078 "x" */
    0x3f, 0xd0, 0x0, 0xe, 0xe1, 0x7, 0xf8, 0x0,
    0x9f, 0x40, 0x0, 0xcf, 0x34, 0xf9, 0x0, 0x0,
    0x1f, 0xde, 0xd0, 0x0, 0x0, 0x5, 0xff, 0x20,
    0x0, 0x0, 0x8, 0xff, 0x50, 0x0, 0x0, 0x4f,
    0xad, 0xe1, 0x0, 0x1, 0xee, 0x3, 0xfb, 0x0,
    0xa, 0xf4, 0x0, 0x8f, 0x70, 0x5f, 0x90, 0x0,
    0xd, 0xf2,

    /* U+0079 "y" */
    0x8f, 0x50, 0x0, 0x9, 0xf2, 0x1f, 0xc0, 0x0,
    0xe, 0xd0, 0xb, 0xf2, 0x0, 0x4f, 0x70, 0x4,
    0xf8, 0x0, 0x9f, 0x10, 0x0, 0xde, 0x0, 0xeb,
    0x0, 0x0, 0x7f, 0x44, 0xf5, 0x0, 0x0, 0x1f,
    0xaa, 0xf0, 0x0, 0x0, 0xa, 0xff, 0x90, 0x0,
    0x0, 0x3, 0xff, 0x30, 0x0, 0x0, 0x0, 0xfd,
    0x0, 0x0, 0x0, 0x4, 0xf7, 0x0, 0x0, 0x0,
    0xa, 0xf2, 0x0, 0x0, 0x0, 0x1f, 0xc0, 0x0,
    0x0, 0x0, 0x6f, 0x60, 0x0, 0x0,

    /* U+007A "z" */
    0x1f, 0xff, 0xff, 0xff, 0x50, 0x55, 0x55, 0x5d,
    0xf3, 0x0, 0x0, 0x6, 0xf8, 0x0, 0x0, 0x3,
    0xfb, 0x0, 0x0, 0x1, 0xed, 0x0, 0x0, 0x0,
    0xcf, 0x20, 0x0, 0x0, 0x9f, 0x40, 0x0, 0x0,
    0x6f, 0x70, 0x0, 0x0, 0x2f, 0xe5, 0x55, 0x55,
    0x24, 0xff, 0xff, 0xff, 0xf8,

    /* U+007B "{" */
    0x0, 0x6, 0xdd, 0x0, 0x4f, 0xb5, 0x0, 0x9f,
    0x30, 0x0, 0xaf, 0x0, 0x0, 0xaf, 0x0, 0x0,
    0xaf, 0x0, 0x0, 0xcf, 0x0, 0x16, 0xfb, 0x0,
    0xaf, 0x91, 0x0, 0x7e, 0xe5, 0x0, 0x0, 0xee,
    0x0, 0x0, 0xaf, 0x0, 0x0, 0xaf, 0x0, 0x0,
    0xaf, 0x0, 0x0, 0x9f, 0x10, 0x0, 0x6f, 0x92,
    0x0, 0xb, 0xfd, 0x0, 0x0, 0x13,

    /* U+007C "|" */
    0x27, 0x24, 0xf4, 0x4f, 0x44, 0xf4, 0x4f, 0x44,
    0xf4, 0x4f, 0x44, 0xf4, 0x4f, 0x44, 0xf4, 0x4f,
    0x44, 0xf4, 0x4f, 0x44, 0xf4, 0x4f, 0x44, 0xf4,
    0x4f, 0x44, 0xf4,

    /* U+007D "}" */
    0x6e, 0xa1, 0x0, 0x2, 0x7f, 0xb0, 0x0, 0x0,
    0xaf, 0x0, 0x0, 0x9, 0xf1, 0x0, 0x0, 0x8f,
    0x10, 0x0, 0x8, 0xf1, 0x0, 0x0, 0x8f, 0x30,
    0x0, 0x5, 0xfb, 0x30, 0x0, 0x5, 0xef, 0x20,
    0x1, 0xcf, 0xc1, 0x0, 0x7f, 0x60, 0x0, 0x8,
    0xf2, 0x0, 0x0, 0x8f, 0x20, 0x0, 0x8, 0xf2,
    0x0, 0x0, 0xaf, 0x10, 0x0, 0x3e, 0xd0, 0x0,
    0x6f, 0xe4, 0x0, 0x1, 0x30, 0x0, 0x0,

    /* U+007E "~" */
    0x0, 0x0, 0x0, 0x0, 0x21, 0xa, 0xff, 0xd8,
    0x36, 0xf7, 0x6f, 0x97, 0xbf, 0xff, 0xc0, 0x24,
    0x0, 0x0, 0x33, 0x0,

    /* U+00A0 " " */

    /* U+00A1 "¡" */
    0xaf, 0x5a, 0xf5, 0x22, 0x10, 0x30, 0x2d, 0x3,
    0xe0, 0x5f, 0x6, 0xf1, 0x8f, 0x39, 0xf4, 0x9f,
    0x49, 0xf4, 0x9f, 0x49, 0xf4,

    /* U+00A2 "¢" */
    0x0, 0x0, 0x3, 0x70, 0x0, 0x0, 0x0, 0x0,
    0x6, 0xf0, 0x0, 0x0, 0x0, 0x0, 0x19, 0xf5,
    0x10, 0x0, 0x0, 0xa, 0xff, 0xff, 0xf7, 0x0,
    0x0, 0xcf, 0x99, 0xf4, 0xbf, 0x80, 0x7, 0xf7,
    0x6, 0xf0, 0xc, 0xf1, 0xf, 0xe0, 0x6, 0xf0,
    0x7, 0xf5, 0x2f, 0xa0, 0x6, 0xf0, 0x0, 0x0,
    0x4f, 0x80, 0x6, 0xf0, 0x0, 0x0, 0x3f, 0x80,
    0x6, 0xf0, 0x0, 0x0, 0x1f, 0xa0, 0x6, 0xf0,
    0x0, 0x0, 0xd, 0xf1, 0x6, 0xf0, 0x7, 0xf4,
    0x5, 0xfa, 0x6, 0xf0, 0x1e, 0xe0, 0x0, 0x9f,
    0xcb, 0xf8, 0xef, 0x40, 0x0, 0x5, 0xbf, 0xfe,
    0xa2, 0x0, 0x0, 0x0, 0x7, 0xf0, 0x0, 0x0,
    0x0, 0x0, 0x6, 0xf0, 0x0, 0x0,

    /* U+00A3 "£" */
    0x0, 0x0, 0x19, 0xdf, 0xd9, 0x10, 0x0, 0x0,
    0x1e, 0xfb, 0x9b, 0xfe, 0x10, 0x0, 0x9, 0xf6,
    0x0, 0x6, 0xf9, 0x0, 0x0, 0xde, 0x0, 0x0,
    0xe, 0xd0, 0x0, 0xf, 0xc0, 0x0, 0x0, 0x23,
    0x0, 0x0, 0xfc, 0x0, 0x0, 0x0, 0x0, 0x1,
    0x2f, 0xc1, 0x11, 0x11, 0x0, 0x3, 0xff, 0xff,
    0xff, 0xff, 0xa0, 0x0, 0x14, 0x5f, 0xd4, 0x44,
    0x43, 0x0, 0x0, 0x0, 0xfc, 0x0, 0x0, 0x0,
    0x0, 0x0, 0xf, 0xc0, 0x0, 0x0, 0x0, 0x0,
    0x0, 0xfc, 0x0, 0x0, 0x0, 0x0, 0x8, 0x8f,
    0xe8, 0x88, 0x88, 0x88, 0x0, 0xff, 0xff, 0xff,
    0xff, 0xff, 0xf0,

    /* U+00A4 "¤" */
    0x35, 0x0, 0x1, 0x0, 0x3, 0x50, 0xaf, 0x79,
    0xff, 0xfa, 0x6f, 0xc0, 0xb, 0xff, 0x85, 0x7e,
    0xfd, 0x10, 0xa, 0xf3, 0x0, 0x1, 0xfc, 0x0,
    0xf, 0xb0, 0x0, 0x0, 0x8f, 0x30, 0x2f, 0x80,
    0x0, 0x0, 0x5f, 0x50, 0x3f, 0x70, 0x0, 0x0,
    0x5f, 0x60, 0x1f, 0xa0, 0x0, 0x0, 0x7f, 0x30,
    0xb, 0xf1, 0x0, 0x0, 0xed, 0x0, 0x9, 0xfd,
    0x52, 0x4c, 0xfb, 0x0, 0x8f, 0xac, 0xff, 0xfd,
    0x9f, 0xa0, 0x68, 0x0, 0x24, 0x20, 0x6, 0x80,

    /* U+00A5 "¥" */
    0x1f, 0xe0, 0x0, 0x0, 0x7, 0xf7, 0x7, 0xf7,
    0x0, 0x0, 0x1e, 0xe0, 0x0, 0xee, 0x0, 0x0,
    0x8f, 0x50, 0x0, 0x6f, 0x70, 0x1, 0xfc, 0x0,
    0x0, 0xd, 0xe0, 0x9, 0xf3, 0x0, 0x0, 0x4,
    0xf7, 0x2f, 0xa0, 0x0, 0x0, 0x11, 0xcf, 0xbf,
    0x31, 0x10, 0x9, 0xff, 0xff, 0xff, 0xff, 0xf0,
    0x2, 0x44, 0x4c, 0xf4, 0x44, 0x40, 0x0, 0x11,
    0x1b, 0xf2, 0x11, 0x10, 0x9, 0xff, 0xff, 0xff,
    0xff, 0xf0, 0x2, 0x44, 0x4c, 0xf4, 0x44, 0x40,
    0x0, 0x0, 0xb, 0xf0, 0x0, 0x0, 0x0, 0x0,
    0xb, 0xf0, 0x0, 0x0,

    /* U+00A6 "¦" */
    0x4f, 0x44, 0xf4, 0x4f, 0x44, 0xf4, 0x4f, 0x44,
    0xf4, 0x3b, 0x30, 0x0, 0x0, 0x0, 0x0, 0x3b,
    0x34, 0xf4, 0x4f, 0x44, 0xf4, 0x4f, 0x44, 0xf4,
    0x4f, 0x40,

    /* U+00A7 "§" */
    0x0, 0x2a, 0xef, 0xd7, 0x0, 0x1, 0xee, 0x88,
    0xdf, 0x90, 0x7, 0xf7, 0x0, 0xe, 0xf0, 0x7,
    0xfa, 0x0, 0x1, 0x20, 0x1, 0xdf, 0xb2, 0x0,
    0x0, 0x0, 0x2f, 0xff, 0xa2, 0x0, 0x2, 0xdd,
    0x6c, 0xff, 0x60, 0xd, 0xf1, 0x0, 0x5e, 0xf8,
    0xf, 0xe0, 0x0, 0x1, 0xfe, 0xc, 0xf9, 0x0,
    0x0, 0xed, 0x2, 0xcf, 0xe6, 0x9, 0xf5, 0x0,
    0x7, 0xff, 0xfe, 0x20, 0x0, 0x0, 0x18, 0xff,
    0x70, 0x0, 0x0, 0x0, 0x2e, 0xf3, 0xa, 0xe1,
    0x0, 0x8, 0xf4, 0x5, 0xfc, 0x52, 0x5e, 0xf1,
    0x0, 0x7f, 0xff, 0xfd, 0x30, 0x0, 0x0, 0x34,
    0x20, 0x0,

    /* U+00A8 "¨" */
    0x0, 0x0, 0x0, 0x0, 0xfe, 0x0, 0xff, 0xf,
    0xe0, 0xf, 0xf0,

    /* U+00A9 "©" */
    0x0, 0x0, 0x0, 0x0, 0x0, 0x0, 0x0, 0x0,
    0x0, 0x0, 0x7, 0xcf, 0xfe, 0xa3, 0x0, 0x0,
    0x0, 0x3, 0xdd, 0x85, 0x47, 0xbf, 0x80, 0x0,
    0x0, 0x3f, 0x90, 0x0, 0x0, 0x4, 0xea, 0x0,
    0x0, 0xe9, 0x0, 0x6c, 0xeb, 0x40, 0x2f, 0x50,
    0x8, 0xd0, 0x8, 0xf6, 0x39, 0xf2, 0x7, 0xf0,
    0xd, 0x90, 0x1f, 0x60, 0x0, 0xb7, 0x2, 0xf4,
    0xf, 0x60, 0x5f, 0x10, 0x0, 0x0, 0x0, 0xe7,
    0xf, 0x50, 0x5f, 0x0, 0x0, 0x0, 0x0, 0xe7,
    0xe, 0x80, 0x3f, 0x30, 0x0, 0x86, 0x1, 0xf5,
    0xa, 0xd0, 0xb, 0xd2, 0x6, 0xf5, 0x6, 0xf1,
    0x2, 0xf7, 0x1, 0xaf, 0xfe, 0x70, 0x1e, 0x80,
    0x0, 0x6f, 0x60, 0x0, 0x10, 0x2, 0xcc, 0x0,
    0x0, 0x6, 0xfb, 0x52, 0x14, 0x8f, 0xb1, 0x0,
    0x0, 0x0, 0x2a, 0xff, 0xff, 0xd6, 0x0, 0x0,
    0x0, 0x0, 0x0, 0x2, 0x31, 0x0, 0x0, 0x0,

    /* U+00AA "ª" */
    0x0, 0x9e, 0xd8, 0x0, 0x9f, 0x55, 0xf6, 0x4,
    0x41, 0x4e, 0xa0, 0x4c, 0xeb, 0xeb, 0xe, 0x90,
    0xd, 0xb0, 0xec, 0x38, 0xfb, 0x4, 0xde, 0x99,
    0x80,

    /* U+00AB "«" */
    0x0, 0x0, 0x10, 0x0, 0x10, 0x0, 0x4a, 0x0,
    0x68, 0x0, 0x5f, 0xa0, 0x6f, 0x80, 0x5f, 0xc0,
    0x6f, 0xa0, 0xf, 0xb0, 0x2f, 0xa0, 0x0, 0xed,
    0x21, 0xfc, 0x10, 0x2, 0xee, 0x23, 0xfd, 0x10,
    0x2, 0xea, 0x3, 0xf8, 0x0, 0x2, 0x90, 0x3,
    0x80, 0x0, 0x0, 0x0, 0x0,

    /* U+00AC "¬" */
    0x11, 0x11, 0x11, 0x11, 0x11, 0xaf, 0xff, 0xff,
    0xff, 0xfc, 0x34, 0x44, 0x44, 0x44, 0xbc, 0x0,
    0x0, 0x0, 0x0, 0x9c, 0x0, 0x0, 0x0, 0x0,
    0x9c, 0x0, 0x0, 0x0, 0x0, 0x7a,

    /* U+00AD "­" */
    0x12, 0x22, 0x21, 0xbf, 0xff, 0xf7, 0x35, 0x55,
    0x52,

    /* U+00AE "®" */
    0x0, 0x7, 0xbd, 0xb7, 0x0, 0x0, 0x3d, 0xa4,
    0x25, 0xad, 0x20, 0xe, 0x50, 0x0, 0x0, 0x6d,
    0x8, 0x90, 0x8f, 0xfd, 0x50, 0xa7, 0xc4, 0x9,
    0x60, 0x5b, 0x4, 0xbf, 0x10, 0x9f, 0xef, 0x40,
    0x2e, 0xd3, 0x9, 0x60, 0x79, 0x4, 0xc9, 0x80,
    0x96, 0x4, 0xb0, 0x88, 0x1e, 0x33, 0x20, 0x14,
    0x3e, 0x10, 0x5e, 0x71, 0x1, 0x7e, 0x40, 0x0,
    0x2a, 0xef, 0xea, 0x10, 0x0, 0x0, 0x0, 0x0,
    0x0, 0x0,

    /* U+00AF "¯" */
    0x2, 0x22, 0x22, 0x10, 0xff, 0xff, 0xf7, 0x5,
    0x55, 0x55, 0x20,

    /* U+00B0 "°" */
    0x0, 0x0, 0x0, 0x0, 0x3d, 0xfd, 0x50, 0x1e,
    0xb5, 0xaf, 0x24, 0xf3, 0x0, 0xf6, 0x1f, 0x92,
    0x8f, 0x40, 0x6f, 0xff, 0x80, 0x0, 0x3, 0x10,
    0x0,

    /* U+00B1 "±" */
    0x0, 0x0, 0x0, 0x0, 0x0, 0x0, 0x0, 0x8d,
    0x0, 0x0, 0x11, 0x11, 0x9e, 0x11, 0x11, 0x9f,
    0xff, 0xff, 0xff, 0xfd, 0x24, 0x44, 0xbe, 0x44,
    0x44, 0x0, 0x0, 0x8d, 0x0, 0x0, 0x0, 0x0,
    0x8d, 0x0, 0x0, 0x0, 0x0, 0x8d, 0x0, 0x0,
    0x11, 0x11, 0x11, 0x11, 0x11, 0xaf, 0xff, 0xff,
    0xff, 0xfd, 0x34, 0x44, 0x44, 0x44, 0x44,

    /* U+00B2 "²" */
    0x1, 0x9e, 0xfb, 0x20, 0xc, 0xf7, 0x5d, 0xe0,
    0x1f, 0x90, 0x6, 0xf4, 0x0, 0x0, 0x8, 0xf2,
    0x0, 0x0, 0x8f, 0x80, 0x0, 0x2c, 0xf6, 0x0,
    0x3, 0xfc, 0x20, 0x0, 0xd, 0xf6, 0x66, 0x62,
    0x2f, 0xff, 0xff, 0xf6,

    /* U+00B3 "³" */
    0x2, 0xae, 0xfd, 0x60, 0xd, 0xe6, 0x4a, 0xf4,
    0x4, 0x20, 0x18, 0xf2, 0x0, 0x7, 0xff, 0x30,
    0x0, 0x1, 0x5c, 0xd1, 0x4, 0x20, 0x3, 0xf7,
    0x1f, 0xa0, 0x3, 0xf8, 0xa, 0xf6, 0x5c, 0xf2,
    0x0, 0x9e, 0xfc, 0x40,

    /* U+00B4 "´" */
    0x0, 0x67, 0x20, 0x3f, 0xa0, 0xc, 0xc0, 0x0,

    /* U+00B5 "µ" */
    0x5f, 0x50, 0x0, 0xf, 0xb5, 0xf5, 0x0, 0x0,
    0xfb, 0x5f, 0x50, 0x0, 0xf, 0xb5, 0xf5, 0x0,
    0x0, 0xfb, 0x5f, 0x50, 0x0, 0xf, 0xb5, 0xf6,
    0x0, 0x0, 0xfb, 0x5f, 0x70, 0x0, 0x2f, 0xb5,
    0xfb, 0x0, 0x8, 0xfb, 0x5f, 0xfa, 0x69, 0xdf,
    0xb5, 0xfe, 0xee, 0xa1, 0xeb, 0x5f, 0x50, 0x0,
    0x0, 0x5, 0xf5, 0x0, 0x0, 0x0, 0x5f, 0x50,
    0x0, 0x0, 0x5, 0xf5, 0x0, 0x0, 0x0,

    /* U+00B6 "¶" */
    0x0, 0x7c, 0xff, 0xff, 0xf5, 0xa, 0xff, 0xff,
    0x56, 0xf5, 0x2f, 0xff, 0xff, 0x2, 0xf5, 0x5f,
    0xff, 0xff, 0x2, 0xf5, 0x4f, 0xff, 0xff, 0x2,
    0xf5, 0xd, 0xff, 0xff, 0x2, 0xf5, 0x2, 0xcf,
    0xff, 0x2, 0xf5, 0x0, 0x2, 0x9f, 0x2, 0xf5,
    0x0, 0x0, 0x7f, 0x2, 0xf5, 0x0, 0x0, 0x7f,
    0x2, 0xf5, 0x0, 0x0, 0x7f, 0x2, 0xf5, 0x0,
    0x0, 0x7f, 0x2, 0xf5, 0x0, 0x0, 0x7f, 0x2,
    0xf5, 0x0, 0x0, 0x7f, 0x2, 0xf5, 0x0, 0x0,
    0x7f, 0x2, 0xf5, 0x0, 0x0, 0x7f, 0x2, 0xf5,
    0x0, 0x0, 0x6d, 0x1, 0xd4,

    /* U+00B7 "·" */
    0x35, 0x2b, 0xf8, 0xbf, 0x80,

    /* U+00B8 "¸" */
    0x0, 0x15, 0x0, 0x0, 0x9a, 0x0, 0x0, 0xee,
    0x70, 0x4, 0x16, 0xf0, 0xa, 0xff, 0x90, 0x0,
    0x0, 0x0,

    /* U+00B9 "¹" */
    0x0, 0x1f, 0x80, 0x5d, 0xf8, 0x7f, 0x9f, 0x81,
    0x10, 0xf8, 0x0, 0xf, 0x80, 0x0, 0xf8, 0x0,
    0xf, 0x80, 0x0, 0xf8, 0x0, 0xf, 0x80,

    /* U+00BA "º" */
    0x0, 0x7d, 0xea, 0x10, 0x8, 0xf5, 0x3d, 0xc0,
    0xf, 0xa0, 0x5, 0xf4, 0x1f, 0x70, 0x2, 0xf6,
    0xf, 0x90, 0x5, 0xf4, 0x8, 0xe5, 0x3c, 0xd0,
    0x0, 0x8d, 0xea, 0x10,

    /* U+00BB "»" */
    0x10, 0x0, 0x10, 0x0, 0xb3, 0x0, 0xd2, 0x0,
    0xbf, 0x30, 0xde, 0x20, 0x1d, 0xf3, 0x2e, 0xe2,
    0x1, 0xde, 0x2, 0xec, 0x3, 0xed, 0x4, 0xfb,
    0x3f, 0xd1, 0x5f, 0xc0, 0xcd, 0x10, 0xec, 0x0,
    0xa1, 0x0, 0xa0, 0x0, 0x0, 0x0, 0x0, 0x0,

    /* U+00BC "¼" */
    0x0, 0x5f, 0x30, 0x0, 0x0, 0x0, 0xec, 0x0,
    0x1, 0x7e, 0xf3, 0x0, 0x0, 0x0, 0xae, 0x10,
    0x0, 0x6e, 0x8f, 0x30, 0x0, 0x0, 0x6f, 0x50,
    0x0, 0x0, 0x3, 0xf3, 0x0, 0x0, 0x2f, 0x90,
    0x0, 0x0, 0x0, 0x3f, 0x30, 0x0, 0xc, 0xd0,
    0x0, 0x0, 0x0, 0x3, 0xf3, 0x0, 0x8, 0xf3,
    0x0, 0x54, 0x0, 0x0, 0x3f, 0x30, 0x4, 0xf7,
    0x0, 0x9f, 0xc0, 0x0, 0x3, 0xf3, 0x1, 0xeb,
    0x0, 0x4f, 0xdc, 0x0, 0x0, 0x16, 0x10, 0xbe,
    0x10, 0xe, 0x7a, 0xc0, 0x0, 0x0, 0x0, 0x6f,
    0x40, 0x9, 0xc0, 0xac, 0x0, 0x0, 0x0, 0x2f,
    0x90, 0x3, 0xf2, 0xa, 0xc0, 0x0, 0x0, 0xd,
    0xd0, 0x0, 0x8f, 0xff, 0xff, 0xf4, 0x0, 0x9,
    0xf2, 0x0, 0x1, 0x22, 0x2b, 0xd2, 0x0, 0x4,
    0xf6, 0x0, 0x0, 0x0, 0x0, 0xac, 0x0, 0x0,
    0x12, 0x0, 0x0, 0x0, 0x0, 0x1, 0x20, 0x0,

    /* U+00BD "½" */
    0x0, 0x5f, 0x30, 0x0, 0x0, 0x0, 0xec, 0x0,
    0x0, 0x5e, 0xf3, 0x0, 0x0, 0x0, 0xae, 0x10,
    0x0, 0x6f, 0xbf, 0x30, 0x0, 0x0, 0x5f, 0x50,
    0x0, 0x2, 0x23, 0xf3, 0x0, 0x0, 0x2f, 0x90,
    0x0, 0x0, 0x0, 0x3f, 0x30, 0x0, 0xc, 0xd0,
    0x0, 0x0, 0x0, 0x3, 0xf3, 0x0, 0x8, 0xf3,
    0x0, 0x0, 0x0, 0x0, 0x3f, 0x30, 0x4, 0xf7,
    0x1, 0xae, 0xea, 0x10, 0x3, 0xf3, 0x1, 0xeb,
    0x0, 0xbe, 0x55, 0xea, 0x0, 0x16, 0x10, 0xae,
    0x10, 0x6, 0x30, 0xa, 0xe0, 0x0, 0x0, 0x6f,
    0x50, 0x0, 0x0, 0x1, 0xea, 0x0, 0x0, 0x2f,
    0x90, 0x0, 0x0, 0x3, 0xeb, 0x10, 0x0, 0xc,
    0xd0, 0x0, 0x0, 0x7, 0xf8, 0x0, 0x0, 0x8,
    0xf3, 0x0, 0x0, 0x6, 0xf4, 0x0, 0x0, 0x4,
    0xf7, 0x0, 0x0, 0x0, 0xcf, 0xff, 0xff, 0x0,
    0x23, 0x0, 0x0, 0x0, 0x3, 0x33, 0x33, 0x30,

    /* U+00BE "¾" */
    0x1, 0x9e, 0xd8, 0x0, 0x0, 0x0, 0x3, 0xf6,
    0x0, 0xb, 0xd4, 0x5f, 0x70, 0x0, 0x0, 0x1e,
    0xb0, 0x0, 0xd, 0x60, 0xc, 0xb0, 0x0, 0x0,
    0xae, 0x10, 0x0, 0x0, 0x0, 0x3f, 0x60, 0x0,
    0x6, 0xf4, 0x0, 0x0, 0x0, 0xb, 0xf9, 0x0,
    0x0, 0x2f, 0x90, 0x0, 0x0, 0x0, 0x1, 0x6f,
    0x70, 0x0, 0xcd, 0x0, 0x0, 0x0, 0x2a, 0x30,
    0xa, 0xd0, 0x8, 0xf2, 0x0, 0x6a, 0x40, 0xe,
    0xb1, 0x2e, 0xb0, 0x4f, 0x60, 0x3, 0xff, 0x70,
    0x4, 0xef, 0xfc, 0x21, 0xeb, 0x0, 0x1e, 0x6f,
    0x70, 0x0, 0x1, 0x10, 0xb, 0xe1, 0x0, 0xba,
    0xf, 0x70, 0x0, 0x0, 0x0, 0x7f, 0x40, 0x7,
    0xd0, 0xf, 0x70, 0x0, 0x0, 0x3, 0xf8, 0x0,
    0xd, 0xff, 0xff, 0xff, 0x0, 0x0, 0xd, 0xc0,
    0x0, 0x2, 0x22, 0x2f, 0x82, 0x0, 0x0, 0x9f,
    0x20, 0x0, 0x0, 0x0, 0xf, 0x70, 0x0, 0x0,
    0x21, 0x0, 0x0, 0x0, 0x0, 0x2, 0x10,

    /* U+00BF "¿" */
    0x0, 0x0, 0x22, 0x10, 0x0, 0x0, 0x0, 0xbf,
    0x50, 0x0, 0x0, 0x0, 0xbf, 0x50, 0x0, 0x0,
    0x0, 0x0, 0x0, 0x0, 0x0, 0x0, 0x47, 0x10,
    0x0, 0x0, 0x0, 0xaf, 0x10, 0x0, 0x0, 0x1,
    0xee, 0x0, 0x0, 0x0, 0x1c, 0xf6, 0x0, 0x0,
    0x0, 0xcf, 0x70, 0x0, 0x0, 0xb, 0xf6, 0x0,
    0x0, 0x0, 0x3f, 0xb0, 0x0, 0x2, 0x84, 0x5f,
    0x70, 0x0, 0x6, 0xf5, 0x2f, 0xc0, 0x0, 0xd,
    0xf1, 0x8, 0xfc, 0x88, 0xef, 0x60, 0x0, 0x5c,
    0xee, 0xb3, 0x0,

    /* U+00C0 "À" */
    0x0, 0x0, 0x47, 0x40, 0x0, 0x0, 0x0, 0x0,
    0x0, 0x1d, 0xe0, 0x0, 0x0, 0x0, 0x0, 0x0,
    0x2, 0xe7, 0x0, 0x0, 0x0, 0x0, 0x0, 0x0,
    0x0, 0x0, 0x0, 0x0, 0x0, 0x0, 0x0, 0x0,
    0x0, 0x0, 0x0, 0x0, 0x0, 0x7, 0xff, 0x10,
    0x0, 0x0, 0x0, 0x0, 0xe, 0xff, 0x80, 0x0,
    0x0, 0x0, 0x0, 0x4f, 0x7e, 0xe0, 0x0, 0x0,
    0x0, 0x0, 0xbf, 0x19, 0xf4, 0x0, 0x0, 0x0,
    0x1, 0xfb, 0x3, 0xfb, 0x0, 0x0, 0x0, 0x8,
    0xf5, 0x0, 0xcf, 0x10, 0x0, 0x0, 0xe, 0xe0,
    0x0, 0x6f, 0x80, 0x0, 0x0, 0x4f, 0x90, 0x0,
    0x1f, 0xe0, 0x0, 0x0, 0xbf, 0xa8, 0x88, 0x8e,
    0xf4, 0x0, 0x1, 0xff, 0xff, 0xff, 0xff, 0xfb,
    0x0, 0x8, 0xf6, 0x0, 0x0, 0x0, 0xef, 0x10,
    0xe, 0xf0, 0x0, 0x0, 0x0, 0x7f, 0x80, 0x4f,
    0x90, 0x0, 0x0, 0x0, 0x1f, 0xe0, 0xbf, 0x30,
    0x0, 0x0, 0x0, 0xb, 0xf5,

    /* U+00C1 "Á" */
    0x0, 0x0, 0x0, 0x5, 0x72, 0x0, 0x0, 0x0,
    0x0, 0x0, 0x2f, 0xb0, 0x0, 0x0, 0x0, 0x0,
    0x0, 0xbd, 0x0, 0x0, 0x0, 0x0, 0x0, 0x0,
    0x0, 0x0, 0x0, 0x0, 0x0, 0x0, 0x0, 0x0,
    0x0, 0x0, 0x0, 0x0, 0x0, 0x7, 0xff, 0x10,
    0x0, 0x0, 0x0, 0x0, 0xe, 0xff, 0x80, 0x0,
    0x0, 0x0, 0x0, 0x4f, 0x7e, 0xe0, 0x0, 0x0,
    0x0, 0x0, 0xbf, 0x19, 0xf4, 0x0, 0x0, 0x0,
    0x1, 0xfb, 0x3, 0xfb, 0x0, 0x0, 0x0, 0x8,
    0xf5, 0x0, 0xcf, 0x10, 0x0, 0x0, 0xe, 0xe0,
    0x0, 0x6f, 0x80, 0x0, 0x0, 0x4f, 0x90, 0x0,
    0x1f, 0xe0, 0x0, 0x0, 0xbf, 0xa8, 0x88, 0x8e,
    0xf4, 0x0, 0x1, 0xff, 0xff, 0xff, 0xff, 0xfb,
    0x0, 0x8, 0xf6, 0x0, 0x0, 0x0, 0xef, 0x10,
    0xe, 0xf0, 0x0, 0x0, 0x0, 0x7f, 0x80, 0x4f,
    0x90, 0x0, 0x0, 0x0, 0x1f, 0xe0, 0xbf, 0x30,
    0x0, 0x0, 0x0, 0xb, 0xf5,

    /* U+00C2 "Â" */
    0x0, 0x0, 0x3, 0x77, 0x0, 0x0, 0x0, 0x0,
    0x0, 0x1e, 0xdf, 0x90, 0x0, 0x0, 0x0, 0x0,
    0xbe, 0x15, 0xf5, 0x0, 0x0, 0x0, 0x0, 0x0,
    0x0, 0x0, 0x0, 0x0, 0x0, 0x0, 0x0, 0x0,
    0x0, 0x0, 0x0, 0x0, 0x0, 0x7, 0xff, 0x10,
    0x0, 0x0, 0x0, 0x0, 0xe, 0xff, 0x80, 0x0,
    0x0, 0x0, 0x0, 0x4f, 0x7e, 0xe0, 0x0, 0x0,
    0x0, 0x0, 0xbf, 0x19, 0xf4, 0x0, 0x0, 0x0,
    0x1, 0xfb, 0x3, 0xfb, 0x0, 0x0, 0x0, 0x8,
    0xf5, 0x0, 0xcf, 0x10, 0x0, 0x0, 0xe, 0xe0,
    0x0, 0x6f, 0x80, 0x0, 0x0, 0x4f, 0x90, 0x0,
    0x1f, 0xe0, 0x0, 0x0, 0xbf, 0xa8, 0x88, 0x8e,
    0xf4, 0x0, 0x1, 0xff, 0xff, 0xff, 0xff, 0xfb,
    0x0, 0x8, 0xf6, 0x0, 0x0, 0x0, 0xef, 0x10,
    0xe, 0xf0, 0x0, 0x0, 0x0, 0x7f, 0x80, 0x4f,
    0x90, 0x0, 0x0, 0x0, 0x1f, 0xe0, 0xbf, 0x30,
    0x0, 0x0, 0x0, 0xb, 0xf5,

    /* U+00C3 "Ã" */
    0x0, 0x0, 0x0, 0x0, 0x0, 0x0, 0x0, 0x0,
    0x0, 0xaf, 0xa3, 0x9d, 0x0, 0x0, 0x0, 0x3,
    0xf6, 0x8f, 0xf7, 0x0, 0x0, 0x0, 0x1, 0x30,
    0x1, 0x20, 0x0, 0x0, 0x0, 0x0, 0x0, 0x0,
    0x0, 0x0, 0x0, 0x0, 0x0, 0x7, 0xff, 0x10,
    0x0, 0x0, 0x0, 0x0, 0xe, 0xff, 0x80, 0x0,
    0x0, 0x0, 0x0, 0x4f, 0x7e, 0xe0, 0x0, 0x0,
    0x0, 0x0, 0xbf, 0x19, 0xf4, 0x0, 0x0, 0x0,
    0x1, 0xfb, 0x3, 0xfb, 0x0, 0x0, 0x0, 0x8,
    0xf5, 0x0, 0xcf, 0x10, 0x0, 0x0, 0xe, 0xe0,
    0x0, 0x6f, 0x80, 0x0, 0x0, 0x4f, 0x90, 0x0,
    0x1f, 0xe0, 0x0, 0x0, 0xbf, 0xa8, 0x88, 0x8e,
    0xf4, 0x0, 0x1, 0xff, 0xff, 0xff, 0xff, 0xfb,
    0x0, 0x8, 0xf6, 0x0, 0x0, 0x0, 0xef, 0x10,
    0xe, 0xf0, 0x0, 0x0, 0x0, 0x7f, 0x80, 0x4f,
    0x90, 0x0, 0x0, 0x0, 0x1f, 0xe0, 0xbf, 0x30,
    0x0, 0x0, 0x0, 0xb, 0xf5,

    /* U+00C4 "Ä" */
    0x0, 0x3, 0xfc, 0x2, 0xfc, 0x0, 0x0, 0x0,
    0x3, 0xfc, 0x2, 0xfc, 0x0, 0x0, 0x0, 0x0,
    0x10, 0x0, 0x10, 0x0, 0x0, 0x0, 0x0, 0x0,
    0x0, 0x0, 0x0, 0x0, 0x0, 0x0, 0x7, 0xff,
    0x10, 0x0, 0x0, 0x0, 0x0, 0xe, 0xff, 0x80,
    0x0, 0x0, 0x0, 0x0, 0x4f, 0x7e, 0xe0, 0x0,
    0x0, 0x0, 0x0, 0xbf, 0x19, 0xf4, 0x0, 0x0,
    0x0, 0x1, 0xfb, 0x3, 0xfb, 0x0, 0x0, 0x0,
    0x8, 0xf5, 0x0, 0xcf, 0x10, 0x0, 0x0, 0xe,
    0xe0, 0x0, 0x6f, 0x80, 0x0, 0x0, 0x4f, 0x90,
    0x0, 0x1f, 0xe0, 0x0, 0x0, 0xbf, 0xa8, 0x88,
    0x8e, 0xf4, 0x0, 0x1, 0xff, 0xff, 0xff, 0xff,
    0xfb, 0x0, 0x8, 0xf6, 0x0, 0x0, 0x0, 0xef,
    0x10, 0xe, 0xf0, 0x0, 0x0, 0x0, 0x7f, 0x80,
    0x4f, 0x90, 0x0, 0x0, 0x0, 0x1f, 0xe0, 0xbf,
    0x30, 0x0, 0x0, 0x0, 0xb, 0xf5,

    /* U+00C5 "Å" */
    0x0, 0x0, 0x4, 0xeb, 0x10, 0x0, 0x0, 0x0,
    0x0, 0xd, 0x4a, 0x70, 0x0, 0x0, 0x0, 0x0,
    0xd, 0x4a, 0x70, 0x0, 0x0, 0x0, 0x0, 0x5,
    0xec, 0x10, 0x0, 0x0, 0x0, 0x0, 0x0, 0x0,
    0x0, 0x0, 0x0, 0x0, 0x0, 0x7, 0xff, 0x10,
    0x0, 0x0, 0x0, 0x0, 0xe, 0xff, 0x80, 0x0,
    0x0, 0x0, 0x0, 0x4f, 0x7e, 0xe0, 0x0, 0x0,
    0x0, 0x0, 0xbf, 0x19, 0xf4, 0x0, 0x0, 0x0,
    0x1, 0xfb, 0x3, 0xfb, 0x0, 0x0, 0x0, 0x8,
    0xf5, 0x0, 0xcf, 0x10, 0x0, 0x0, 0xe, 0xe0,
    0x0, 0x6f, 0x80, 0x0, 0x0, 0x4f, 0x90, 0x0,
    0x1f, 0xe0, 0x0, 0x0, 0xbf, 0xa8, 0x88, 0x8e,
    0xf4, 0x0, 0x1, 0xff, 0xff, 0xff, 0xff, 0xfb,
    0x0, 0x8, 0xf6, 0x0, 0x0, 0x0, 0xef, 0x10,
    0xe, 0xf0, 0x0, 0x0, 0x0, 0x7f, 0x80, 0x4f,
    0x90, 0x0, 0x0, 0x0, 0x1f, 0xe0, 0xbf, 0x30,
    0x0, 0x0, 0x0, 0xb, 0xf5,

    /* U+00C6 "Æ" */
    0x0, 0x0, 0x0, 0x6, 0xff, 0xff, 0xff, 0xff,
    0xfd, 0x0, 0x0, 0x0, 0x0, 0xef, 0xfc, 0x88,
    0x88, 0x88, 0x70, 0x0, 0x0, 0x0, 0x6f, 0x9f,
    0x90, 0x0, 0x0, 0x0, 0x0, 0x0, 0x0, 0xe,
    0xe3, 0xf9, 0x0, 0x0, 0x0, 0x0, 0x0, 0x0,
    0x7, 0xf6, 0x3f, 0x90, 0x0, 0x0, 0x0, 0x0,
    0x0, 0x0, 0xee, 0x3, 0xf9, 0x0, 0x0, 0x0,
    0x0, 0x0, 0x0, 0x7f, 0x70, 0x3f, 0xff, 0xff,
    0xff, 0xf8, 0x0, 0x0, 0xe, 0xe0, 0x3, 0xfd,
    0x88, 0x88, 0x88, 0x40, 0x0, 0x7, 0xfd, 0x88,
    0xaf, 0x90, 0x0, 0x0, 0x0, 0x0, 0x0, 0xef,
    0xff, 0xff, 0xf9, 0x0, 0x0, 0x0, 0x0, 0x0,
    0x7f, 0x80, 0x0, 0x3f, 0x90, 0x0, 0x0, 0x0,
    0x0, 0xe, 0xf1, 0x0, 0x3, 0xf9, 0x0, 0x0,
    0x0, 0x0, 0x8, 0xf8, 0x0, 0x0, 0x3f, 0xd8,
    0x88, 0x88, 0x88, 0x11, 0xff, 0x10, 0x0, 0x3,
    0xff, 0xff, 0xff, 0xff, 0xf1,

    /* U+00C7 "Ç" */
    0x0, 0x0, 0x3a, 0xef, 0xdb, 0x50, 0x0, 0x0,
    0x8, 0xff, 0xc9, 0xae, 0xfc, 0x10, 0x0, 0x8f,
    0xc1, 0x0, 0x0, 0x9f, 0xc0, 0x2, 0xfd, 0x0,
    0x0, 0x0, 0xc, 0xf4, 0xa, 0xf5, 0x0, 0x0,
    0x0, 0x5, 0xb5, 0xe, 0xf1, 0x0, 0x0, 0x0,
    0x0, 0x0, 0xf, 0xe0, 0x0, 0x0, 0x0, 0x0,
    0x0, 0xf, 0xe0, 0x0, 0x0, 0x0, 0x0, 0x0,
    0xd, 0xf1, 0x0, 0x0, 0x0, 0x0, 0x0, 0xa,
    0xf5, 0x0, 0x0, 0x0, 0x3, 0x85, 0x4, 0xfd,
    0x0, 0x0, 0x0, 0xa, 0xf5, 0x0, 0xbf, 0xb1,
    0x0, 0x0, 0x7f, 0xd0, 0x0, 0x1b, 0xfe, 0xa7,
    0x8d, 0xfe, 0x20, 0x0, 0x0, 0x6b, 0xff, 0xfc,
    0x81, 0x0, 0x0, 0x0, 0x0, 0x5e, 0x0, 0x0,
    0x0, 0x0, 0x0, 0x0, 0x9f, 0xb0, 0x0, 0x0,
    0x0, 0x0, 0x2, 0x42, 0xf5, 0x0, 0x0, 0x0,
    0x0, 0x4, 0xdf, 0xb1, 0x0, 0x0,

    /* U+00C8 "È" */
    0x0, 0x6, 0x71, 0x0, 0x0, 0x0, 0x0, 0x4f,
    0xa0, 0x0, 0x0, 0x0, 0x0, 0x6f, 0x30, 0x0,
    0x0, 0x0, 0x0, 0x0, 0x0, 0x0, 0x0, 0x0,
    0x0, 0x0, 0x0, 0x3, 0xff, 0xff, 0xff, 0xff,
    0xe0, 0x3f, 0xd8, 0x88, 0x88, 0x87, 0x3, 0xf9,
    0x0, 0x0, 0x0, 0x0, 0x3f, 0x90, 0x0, 0x0,
    0x0, 0x3, 0xf9, 0x0, 0x0, 0x0, 0x0, 0x3f,
    0x90, 0x0, 0x0, 0x0, 0x3, 0xff, 0xff, 0xff,
    0xff, 0x90, 0x3f, 0xd8, 0x88, 0x88, 0x85, 0x3,
    0xf9, 0x0, 0x0, 0x0, 0x0, 0x3f, 0x90, 0x0,
    0x0, 0x0, 0x3, 0xf9, 0x0, 0x0, 0x0, 0x0,
    0x3f, 0x90, 0x0, 0x0, 0x0, 0x3, 0xfd, 0x88,
    0x88, 0x88, 0x81, 0x3f, 0xff, 0xff, 0xff, 0xff,
    0x20,

    /* U+00C9 "É" */
    0x0, 0x0, 0x0, 0x77, 0x0, 0x0, 0x0, 0x0,
    0x6f, 0x60, 0x0, 0x0, 0x0, 0x1e, 0x90, 0x0,
    0x0, 0x0, 0x0, 0x0, 0x0, 0x0, 0x0, 0x0,
    0x0, 0x0, 0x0, 0x3, 0xff, 0xff, 0xff, 0xff,
    0xe0, 0x3f, 0xd8, 0x88, 0x88, 0x87, 0x3, 0xf9,
    0x0, 0x0, 0x0, 0x0, 0x3f, 0x90, 0x0, 0x0,
    0x0, 0x3, 0xf9, 0x0, 0x0, 0x0, 0x0, 0x3f,
    0x90, 0x0, 0x0, 0x0, 0x3, 0xff, 0xff, 0xff,
    0xff, 0x90, 0x3f, 0xd8, 0x88, 0x88, 0x85, 0x3,
    0xf9, 0x0, 0x0, 0x0, 0x0, 0x3f, 0x90, 0x0,
    0x0, 0x0, 0x3, 0xf9, 0x0, 0x0, 0x0, 0x0,
    0x3f, 0x90, 0x0, 0x0, 0x0, 0x3, 0xfd, 0x88,
    0x88, 0x88, 0x81, 0x3f, 0xff, 0xff, 0xff, 0xff,
    0x20,

    /* U+00CA "Ê" */
    0x0, 0x0, 0x57, 0x50, 0x0, 0x0, 0x0, 0x4f,
    0xcf, 0x40, 0x0, 0x0, 0x1e, 0xa0, 0xae, 0x10,
    0x0, 0x0, 0x0, 0x0, 0x0, 0x0, 0x0, 0x0,
    0x0, 0x0, 0x0, 0x3, 0xff, 0xff, 0xff, 0xff,
    0xe0, 0x3f, 0xd8, 0x88, 0x88, 0x87, 0x3, 0xf9,
    0x0, 0x0, 0x0, 0x0, 0x3f, 0x90, 0x0, 0x0,
    0x0, 0x3, 0xf9, 0x0, 0x0, 0x0, 0x0, 0x3f,
    0x90, 0x0, 0x0, 0x0, 0x3, 0xff, 0xff, 0xff,
    0xff, 0x90, 0x3f, 0xd8, 0x88, 0x88, 0x85, 0x3,
    0xf9, 0x0, 0x0, 0x0, 0x0, 0x3f, 0x90, 0x0,
    0x0, 0x0, 0x3, 0xf9, 0x0, 0x0, 0x0, 0x0,
    0x3f, 0x90, 0x0, 0x0, 0x0, 0x3, 0xfd, 0x88,
    0x88, 0x88, 0x81, 0x3f, 0xff, 0xff, 0xff, 0xff,
    0x20,

    /* U+00CB "Ë" */
    0x0, 0x8f, 0x70, 0x7f, 0x70, 0x0, 0x8, 0xf7,
    0x7, 0xf7, 0x0, 0x0, 0x1, 0x0, 0x1, 0x0,
    0x0, 0x0, 0x0, 0x0, 0x0, 0x0, 0x3f, 0xff,
    0xff, 0xff, 0xfe, 0x3, 0xfd, 0x88, 0x88, 0x88,
    0x70, 0x3f, 0x90, 0x0, 0x0, 0x0, 0x3, 0xf9,
    0x0, 0x0, 0x0, 0x0, 0x3f, 0x90, 0x0, 0x0,
    0x0, 0x3, 0xf9, 0x0, 0x0, 0x0, 0x0, 0x3f,
    0xff, 0xff, 0xff, 0xf9, 0x3, 0xfd, 0x88, 0x88,
    0x88, 0x50, 0x3f, 0x90, 0x0, 0x0, 0x0, 0x3,
    0xf9, 0x0, 0x0, 0x0, 0x0, 0x3f, 0x90, 0x0,
    0x0, 0x0, 0x3, 0xf9, 0x0, 0x0, 0x0, 0x0,
    0x3f, 0xd8, 0x88, 0x88, 0x88, 0x13, 0xff, 0xff,
    0xff, 0xff, 0xf2,

    /* U+00CC "Ì" */
    0x57, 0x30, 0x1e, 0xd0, 0x3, 0xf6, 0x0, 0x0,
    0x0, 0x0, 0x3, 0xf9, 0x3, 0xf9, 0x3, 0xf9,
    0x3, 0xf9, 0x3, 0xf9, 0x3, 0xf9, 0x3, 0xf9,
    0x3, 0xf9, 0x3, 0xf9, 0x3, 0xf9, 0x3, 0xf9,
    0x3, 0xf9, 0x3, 0xf9, 0x3, 0xf9,

    /* U+00CD "Í" */
    0x0, 0x67, 0x20, 0x3f, 0xa0, 0xc, 0xc0, 0x0,
    0x0, 0x0, 0x0, 0x0, 0x3, 0xf9, 0x0, 0x3f,
    0x90, 0x3, 0xf9, 0x0, 0x3f, 0x90, 0x3, 0xf9,
    0x0, 0x3f, 0x90, 0x3, 0xf9, 0x0, 0x3f, 0x90,
    0x3, 0xf9, 0x0, 0x3f, 0x90, 0x3, 0xf9, 0x0,
    0x3f, 0x90, 0x3, 0xf9, 0x0, 0x3f, 0x90, 0x0,

    /* U+00CE "Î" */
    0x0, 0x47, 0x70, 0x0, 0x2e, 0xcf, 0x80, 0xc,
    0xd0, 0x7f, 0x40, 0x0, 0x0, 0x0, 0x0, 0x0,
    0x0, 0x0, 0x3, 0xf9, 0x0, 0x0, 0x3f, 0x90,
    0x0, 0x3, 0xf9, 0x0, 0x0, 0x3f, 0x90, 0x0,
    0x3, 0xf9, 0x0, 0x0, 0x3f, 0x90, 0x0, 0x3,
    0xf9, 0x0, 0x0, 0x3f, 0x90, 0x0, 0x3, 0xf9,
    0x0, 0x0, 0x3f, 0x90, 0x0, 0x3, 0xf9, 0x0,
    0x0, 0x3f, 0x90, 0x0, 0x3, 0xf9, 0x0, 0x0,
    0x3f, 0x90, 0x0,

    /* U+00CF "Ï" */
    0x4f, 0xb0, 0x4f, 0xb4, 0xfb, 0x4, 0xfb, 0x1,
    0x0, 0x1, 0x0, 0x0, 0x0, 0x0, 0x0, 0x3f,
    0x90, 0x0, 0x3, 0xf9, 0x0, 0x0, 0x3f, 0x90,
    0x0, 0x3, 0xf9, 0x0, 0x0, 0x3f, 0x90, 0x0,
    0x3, 0xf9, 0x0, 0x0, 0x3f, 0x90, 0x0, 0x3,
    0xf9, 0x0, 0x0, 0x3f, 0x90, 0x0, 0x3, 0xf9,
    0x0, 0x0, 0x3f, 0x90, 0x0, 0x3, 0xf9, 0x0,
    0x0, 0x3f, 0x90, 0x0, 0x3, 0xf9, 0x0,

    /* U+00D0 "Ð" */
    0x0, 0xff, 0xff, 0xfd, 0xb7, 0x0, 0x0, 0x0,
    0xfe, 0x88, 0x9b, 0xdf, 0xe6, 0x0, 0x0, 0xfc,
    0x0, 0x0, 0x5, 0xef, 0x50, 0x0, 0xfc, 0x0,
    0x0, 0x0, 0x3f, 0xe0, 0x0, 0xfc, 0x0, 0x0,
    0x0, 0xa, 0xf4, 0x13, 0xfc, 0x21, 0x0, 0x0,
    0x7, 0xf8, 0x8f, 0xff, 0xfa, 0x0, 0x0, 0x4,
    0xf9, 0x25, 0xfd, 0x53, 0x0, 0x0, 0x4, 0xf9,
    0x0, 0xfc, 0x0, 0x0, 0x0, 0x7, 0xf6, 0x0,
    0xfc, 0x0, 0x0, 0x0, 0xa, 0xf4, 0x0, 0xfc,
    0x0, 0x0, 0x0, 0x3f, 0xd0, 0x0, 0xfc, 0x0,
    0x0, 0x5, 0xef, 0x30, 0x0, 0xfe, 0x88, 0x9b,
    0xdf, 0xe5, 0x0, 0x0, 0xff, 0xff, 0xfd, 0xb7,
    0x0, 0x0,

    /* U+00D1 "Ñ" */
    0x0, 0x0, 0x0, 0x0, 0x0, 0x0, 0x0, 0x0,
    0x8, 0xfb, 0x47, 0xf0, 0x0, 0x0, 0x1, 0xf8,
    0x7f, 0xf9, 0x0, 0x0, 0x0, 0x3, 0x0, 0x12,
    0x0, 0x0, 0x0, 0x0, 0x0, 0x0, 0x0, 0x0,
    0x3, 0xff, 0xd0, 0x0, 0x0, 0x5, 0xf7, 0x3f,
    0xff, 0x60, 0x0, 0x0, 0x5f, 0x73, 0xfa, 0xef,
    0x10, 0x0, 0x5, 0xf7, 0x3f, 0x95, 0xf9, 0x0,
    0x0, 0x5f, 0x73, 0xf9, 0xb, 0xf3, 0x0, 0x5,
    0xf7, 0x3f, 0x90, 0x2f, 0xc0, 0x0, 0x5f, 0x73,
    0xf9, 0x0, 0x8f, 0x60, 0x5, 0xf7, 0x3f, 0x90,
    0x0, 0xee, 0x10, 0x5f, 0x73, 0xf9, 0x0, 0x5,
    0xf9, 0x5, 0xf7, 0x3f, 0x90, 0x0, 0xc, 0xf3,
    0x5f, 0x73, 0xf9, 0x0, 0x0, 0x2f, 0xc5, 0xf7,
    0x3f, 0x90, 0x0, 0x0, 0x8f, 0xbf, 0x73, 0xf9,
    0x0, 0x0, 0x0, 0xef, 0xf7, 0x3f, 0x90, 0x0,
    0x0, 0x5, 0xff, 0x70,

    /* U+00D2 "Ò" */
    0x0, 0x0, 0x6, 0x72, 0x0, 0x0, 0x0, 0x0,
    0x0, 0x0, 0x3f, 0xb0, 0x0, 0x0, 0x0, 0x0,
    0x0, 0x0, 0x4f, 0x40, 0x0, 0x0, 0x0, 0x0,
    0x0, 0x0, 0x0, 0x0, 0x0, 0x0, 0x0, 0x0,
    0x0, 0x0, 0x0, 0x0, 0x0, 0x0, 0x0, 0x3,
    0xae, 0xfe, 0xb4, 0x0, 0x0, 0x0, 0x8, 0xff,
    0xc9, 0xbf, 0xfa, 0x0, 0x0, 0x8, 0xfc, 0x10,
    0x0, 0xa, 0xfa, 0x0, 0x2, 0xfd, 0x0, 0x0,
    0x0, 0xb, 0xf4, 0x0, 0xaf, 0x50, 0x0, 0x0,
    0x0, 0x3f, 0xc0, 0xe, 0xf1, 0x0, 0x0, 0x0,
    0x0, 0xef, 0x10, 0xfe, 0x0, 0x0, 0x0, 0x0,
    0xc, 0xf2, 0xf, 0xe0, 0x0, 0x0, 0x0, 0x0,
    0xcf, 0x20, 0xef, 0x10, 0x0, 0x0, 0x0, 0xe,
    0xf1, 0xa, 0xf5, 0x0, 0x0, 0x0, 0x2, 0xfc,
    0x0, 0x2f, 0xd0, 0x0, 0x0, 0x0, 0xbf, 0x50,
    0x0, 0x8f, 0xb1, 0x0, 0x0, 0x9f, 0xa0, 0x0,
    0x0, 0x8f, 0xfb, 0x9b, 0xef, 0xa1, 0x0, 0x0,
    0x0, 0x39, 0xcf, 0xda, 0x40, 0x0, 0x0,

    /* U+00D3 "Ó" */
    0x0, 0x0, 0x0, 0x0, 0x77, 0x10, 0x0, 0x0,
    0x0, 0x0, 0x0, 0x5f, 0x80, 0x0, 0x0, 0x0,
    0x0, 0x0, 0xe, 0xa0, 0x0, 0x0, 0x0, 0x0,
    0x0, 0x0, 0x0, 0x0, 0x0, 0x0, 0x0, 0x0,
    0x0, 0x0, 0x0, 0x0, 0x0, 0x0, 0x0, 0x3,
    0xae, 0xfe, 0xb4, 0x0, 0x0, 0x0, 0x8, 0xff,
    0xc9, 0xbf, 0xfa, 0x0, 0x0, 0x8, 0xfc, 0x10,
    0x0, 0xa, 0xfa, 0x0, 0x2, 0xfd, 0x0, 0x0,
    0x0, 0xb, 0xf4, 0x0, 0xaf, 0x50, 0x0, 0x0,
    0x0, 0x3f, 0xc0, 0xe, 0xf1, 0x0, 0x0, 0x0,
    0x0, 0xef, 0x10, 0xfe, 0x0, 0x0, 0x0, 0x0,
    0xc, 0xf2, 0xf, 0xe0, 0x0, 0x0, 0x0, 0x0,
    0xcf, 0x20, 0xef, 0x10, 0x0, 0x0, 0x0, 0xe,
    0xf1, 0xa, 0xf5, 0x0, 0x0, 0x0, 0x2, 0xfc,
    0x0, 0x2f, 0xd0, 0x0, 0x0, 0x0, 0xbf, 0x50,
    0x0, 0x8f, 0xb1, 0x0, 0x0, 0x9f, 0xa0, 0x0,
    0x0, 0x8f, 0xfb, 0x9b, 0xef, 0xa1, 0x0, 0x0,
    0x0, 0x39, 0xcf, 0xda, 0x40, 0x0, 0x0,

    /* U+00D4 "Ô" */
    0x0, 0x0, 0x0, 0x57, 0x60, 0x0, 0x0, 0x0,
    0x0, 0x0, 0x3f, 0xcf, 0x60, 0x0, 0x0, 0x0,
    0x0, 0x1d, 0xb0, 0x9f, 0x20, 0x0, 0x0, 0x0,
    0x0, 0x0, 0x0, 0x0, 0x0, 0x0, 0x0, 0x0,
    0x0, 0x0, 0x0, 0x0, 0x0, 0x0, 0x0, 0x3,
    0xae, 0xfe, 0xb4, 0x0, 0x0, 0x0, 0x8, 0xff,
    0xc9, 0xbf, 0xfa, 0x0, 0x0, 0x8, 0xfc, 0x10,
    0x0, 0xa, 0xfa, 0x0, 0x2, 0xfd, 0x0, 0x0,
    0x0, 0xb, 0xf4, 0x0, 0xaf, 0x50, 0x0, 0x0,
    0x0, 0x3f, 0xc0, 0xe, 0xf1, 0x0, 0x0, 0x0,
    0x0, 0xef, 0x10, 0xfe, 0x0, 0x0, 0x0, 0x0,
    0xc, 0xf2, 0xf, 0xe0, 0x0, 0x0, 0x0, 0x0,
    0xcf, 0x20, 0xef, 0x10, 0x0, 0x0, 0x0, 0xe,
    0xf1, 0xa, 0xf5, 0x0, 0x0, 0x0, 0x2, 0xfc,
    0x0, 0x2f, 0xd0, 0x0, 0x0, 0x0, 0xbf, 0x50,
    0x0, 0x8f, 0xb1, 0x0, 0x0, 0x9f, 0xa0, 0x0,
    0x0, 0x8f, 0xfb, 0x9b, 0xef, 0xa1, 0x0, 0x0,
    0x0, 0x39, 0xcf, 0xda, 0x40, 0x0, 0x0,

    /* U+00D5 "Õ" */
    0x0, 0x0, 0x0, 0x0, 0x0, 0x0, 0x0, 0x0,
    0x0, 0x3, 0xdf, 0xff, 0xf7, 0x0, 0x0, 0x0,
    0x0, 0x13, 0x33, 0x31, 0x0, 0x0, 0x0, 0x0,
    0x0, 0x0, 0x0, 0x0, 0x0, 0x0, 0x0, 0x0,
    0x0, 0x0, 0x0, 0x0, 0x0, 0x0, 0x0, 0x3,
    0xae, 0xfe, 0xb4, 0x0, 0x0, 0x0, 0x8, 0xff,
    0xc9, 0xbf, 0xfa, 0x0, 0x0, 0x8, 0xfc, 0x10,
    0x0, 0xa, 0xfa, 0x0, 0x2, 0xfd, 0x0, 0x0,
    0x0, 0xb, 0xf4, 0x0, 0xaf, 0x50, 0x0, 0x0,
    0x0, 0x3f, 0xc0, 0xe, 0xf1, 0x0, 0x0, 0x0,
    0x0, 0xef, 0x10, 0xfe, 0x0, 0x0, 0x0, 0x0,
    0xc, 0xf2, 0xf, 0xe0, 0x0, 0x0, 0x0, 0x0,
    0xcf, 0x20, 0xef, 0x10, 0x0, 0x0, 0x0, 0xe,
    0xf1, 0xa, 0xf5, 0x0, 0x0, 0x0, 0x2, 0xfc,
    0x0, 0x2f, 0xd0, 0x0, 0x0, 0x0, 0xbf, 0x50,
    0x0, 0x8f, 0xb1, 0x0, 0x0, 0x9f, 0xa0, 0x0,
    0x0, 0x8f, 0xfb, 0x9b, 0xef, 0xa1, 0x0, 0x0,
    0x0, 0x39, 0xcf, 0xda, 0x40, 0x0, 0x0,

    /* U+00D6 "Ö" */
    0x0, 0x0, 0x1, 0x0, 0x1, 0x0, 0x0, 0x0,
    0x0, 0x6, 0xf8, 0x6, 0xf9, 0x0, 0x0, 0x0,
    0x0, 0x6f, 0x80, 0x6f, 0x90, 0x0, 0x0, 0x0,
    0x0, 0x0, 0x0, 0x0, 0x0, 0x0, 0x0, 0x0,
    0x0, 0x0, 0x0, 0x0, 0x0, 0x0, 0x0, 0x3,
    0xae, 0xfe, 0xb4, 0x0, 0x0, 0x0, 0x8, 0xff,
    0xc9, 0xbf, 0xfa, 0x0, 0x0, 0x8, 0xfc, 0x10,
    0x0, 0xa, 0xfa, 0x0, 0x2, 0xfd, 0x0, 0x0,
    0x0, 0xb, 0xf4, 0x0, 0xaf, 0x50, 0x0, 0x0,
    0x0, 0x3f, 0xc0, 0xe, 0xf1, 0x0, 0x0, 0x0,
    0x0, 0xef, 0x10, 0xfe, 0x0, 0x0, 0x0, 0x0,
    0xc, 0xf2, 0xf, 0xe0, 0x0, 0x0, 0x0, 0x0,
    0xcf, 0x20, 0xef, 0x10, 0x0, 0x0, 0x0, 0xe,
    0xf1, 0xa, 0xf5, 0x0, 0x0, 0x0, 0x2, 0xfc,
    0x0, 0x2f, 0xd0, 0x0, 0x0, 0x0, 0xbf, 0x50,
    0x0, 0x8f, 0xb1, 0x0, 0x0, 0x9f, 0xa0, 0x0,
    0x0, 0x8f, 0xfb, 0x9b, 0xef, 0xa1, 0x0, 0x0,
    0x0, 0x39, 0xcf, 0xda, 0x40, 0x0, 0x0,

    /* U+00D7 "×" */
    0x2, 0x20, 0x0, 0x0, 0x31, 0xd, 0xe2, 0x0,
    0x3, 0xfa, 0x2, 0xee, 0x20, 0x3f, 0xd1, 0x0,
    0x2e, 0xe5, 0xfd, 0x10, 0x0, 0x2, 0xef, 0xd1,
    0x0, 0x0, 0x3, 0xef, 0xd1, 0x0, 0x0, 0x3f,
    0xd3, 0xed, 0x10, 0x3, 0xfd, 0x10, 0x2e, 0xd1,
    0xd, 0xd1, 0x0, 0x2, 0xea, 0x1, 0x10, 0x0,
    0x0, 0x20,

    /* U+00D8 "Ø" */
    0x0, 0x0, 0x0, 0x0, 0x0, 0x0, 0x20, 0x0,
    0x0, 0x3, 0xae, 0xfd, 0xa4, 0x2e, 0x80, 0x0,
    0x8, 0xff, 0xc9, 0xbe, 0xff, 0xf2, 0x0, 0x8,
    0xfc, 0x10, 0x0, 0x1e, 0xfb, 0x0, 0x2, 0xfd,
    0x0, 0x0, 0x7, 0xfe, 0xf4, 0x0, 0xaf, 0x50,
    0x0, 0x4, 0xfa, 0x3f, 0xc0, 0xe, 0xf1, 0x0,
    0x2, 0xfd, 0x0, 0xef, 0x0, 0xfe, 0x0, 0x1,
    0xde, 0x20, 0xc, 0xf2, 0xf, 0xe0, 0x0, 0xbf,
    0x40, 0x0, 0xcf, 0x20, 0xcf, 0x0, 0x9f, 0x60,
    0x0, 0xe, 0xf1, 0x9, 0xf5, 0x6f, 0x90, 0x0,
    0x2, 0xfd, 0x0, 0x2f, 0xdf, 0xc0, 0x0, 0x0,
    0xbf, 0x50, 0x0, 0x8f, 0xf2, 0x0, 0x0, 0x9f,
    0xb0, 0x0, 0xc, 0xff, 0xfa, 0x8b, 0xef, 0xa1,
    0x0, 0x6, 0xf6, 0x3a, 0xdf, 0xda, 0x40, 0x0,
    0x0, 0x3, 0x0, 0x0, 0x0, 0x0, 0x0, 0x0,

    /* U+00D9 "Ù" */
    0x0, 0x3, 0x75, 0x0, 0x0, 0x0, 0x0, 0x0,
    0xcf, 0x10, 0x0, 0x0, 0x0, 0x0, 0x1e, 0x90,
    0x0, 0x0, 0x0, 0x0, 0x0, 0x0, 0x0, 0x0,
    0x0, 0x0, 0x0, 0x0, 0x0, 0x0, 0x5f, 0x70,
    0x0, 0x0, 0x9, 0xf3, 0x5f, 0x70, 0x0, 0x0,
    0x9, 0xf3, 0x5f, 0x70, 0x0, 0x0, 0x9, 0xf3,
    0x5f, 0x70, 0x0, 0x0, 0x9, 0xf3, 0x5f, 0x70,
    0x0, 0x0, 0x9, 0xf3, 0x5f, 0x70, 0x0, 0x0,
    0x9, 0xf3, 0x5f, 0x70, 0x0, 0x0, 0x9, 0xf3,
    0x5f, 0x70, 0x0, 0x0, 0x9, 0xf3, 0x5f, 0x80,
    0x0, 0x0, 0xa, 0xf2, 0x2f, 0xa0, 0x0, 0x0,
    0xc, 0xf0, 0xf, 0xe0, 0x0, 0x0, 0x1f, 0xe0,
    0x9, 0xf8, 0x0, 0x0, 0xaf, 0x70, 0x1, 0xdf,
    0xc9, 0x9d, 0xfc, 0x0, 0x0, 0x8, 0xce, 0xec,
    0x60, 0x0,

    /* U+00DA "Ú" */
    0x0, 0x0, 0x0, 0x47, 0x30, 0x0, 0x0, 0x0,
    0x1, 0xec, 0x0, 0x0, 0x0, 0x0, 0x9, 0xe1,
    0x0, 0x0, 0x0, 0x0, 0x0, 0x0, 0x0, 0x0,
    0x0, 0x0, 0x0, 0x0, 0x0, 0x0, 0x5f, 0x70,
    0x0, 0x0, 0x9, 0xf3, 0x5f, 0x70, 0x0, 0x0,
    0x9, 0xf3, 0x5f, 0x70, 0x0, 0x0, 0x9, 0xf3,
    0x5f, 0x70, 0x0, 0x0, 0x9, 0xf3, 0x5f, 0x70,
    0x0, 0x0, 0x9, 0xf3, 0x5f, 0x70, 0x0, 0x0,
    0x9, 0xf3, 0x5f, 0x70, 0x0, 0x0, 0x9, 0xf3,
    0x5f, 0x70, 0x0, 0x0, 0x9, 0xf3, 0x5f, 0x80,
    0x0, 0x0, 0xa, 0xf2, 0x2f, 0xa0, 0x0, 0x0,
    0xc, 0xf0, 0xf, 0xe0, 0x0, 0x0, 0x1f, 0xe0,
    0x9, 0xf8, 0x0, 0x0, 0xaf, 0x70, 0x1, 0xdf,
    0xc9, 0x9d, 0xfc, 0x0, 0x0, 0x8, 0xce, 0xec,
    0x60, 0x0,

    /* U+00DB "Û" */
    0x0, 0x0, 0x27, 0x71, 0x0, 0x0, 0x0, 0x0,
    0xdd, 0xeb, 0x0, 0x0, 0x0, 0x9, 0xf2, 0x4f,
    0x70, 0x0, 0x0, 0x0, 0x0, 0x0, 0x0, 0x0,
    0x0, 0x0, 0x0, 0x0, 0x0, 0x0, 0x5f, 0x70,
    0x0, 0x0, 0x9, 0xf3, 0x5f, 0x70, 0x0, 0x0,
    0x9, 0xf3, 0x5f, 0x70, 0x0, 0x0, 0x9, 0xf3,
    0x5f, 0x70, 0x0, 0x0, 0x9, 0xf3, 0x5f, 0x70,
    0x0, 0x0, 0x9, 0xf3, 0x5f, 0x70, 0x0, 0x0,
    0x9, 0xf3, 0x5f, 0x70, 0x0, 0x0, 0x9, 0xf3,
    0x5f, 0x70, 0x0, 0x0, 0x9, 0xf3, 0x5f, 0x80,
    0x0, 0x0, 0xa, 0xf2, 0x2f, 0xa0, 0x0, 0x0,
    0xc, 0xf0, 0xf, 0xe0, 0x0, 0x0, 0x1f, 0xe0,
    0x9, 0xf8, 0x0, 0x0, 0xaf, 0x70, 0x1, 0xdf,
    0xc9, 0x9d, 0xfc, 0x0, 0x0, 0x8, 0xce, 0xec,
    0x60, 0x0,

    /* U+00DC "Ü" */
    0x0, 0x1, 0x10, 0x1, 0x10, 0x0, 0x0, 0x1f,
    0xe0, 0xf, 0xe0, 0x0, 0x0, 0x1f, 0xe0, 0xf,
    0xe0, 0x0, 0x0, 0x0, 0x0, 0x0, 0x0, 0x0,
    0x0, 0x0, 0x0, 0x0, 0x0, 0x0, 0x5f, 0x70,
    0x0, 0x0, 0x9, 0xf3, 0x5f, 0x70, 0x0, 0x0,
    0x9, 0xf3, 0x5f, 0x70, 0x0, 0x0, 0x9, 0xf3,
    0x5f, 0x70, 0x0, 0x0, 0x9, 0xf3, 0x5f, 0x70,
    0x0, 0x0, 0x9, 0xf3, 0x5f, 0x70, 0x0, 0x0,
    0x9, 0xf3, 0x5f, 0x70, 0x0, 0x0, 0x9, 0xf3,
    0x5f, 0x70, 0x0, 0x0, 0x9, 0xf3, 0x5f, 0x80,
    0x0, 0x0, 0xa, 0xf2, 0x2f, 0xa0, 0x0, 0x0,
    0xc, 0xf0, 0xf, 0xe0, 0x0, 0x0, 0x1f, 0xe0,
    0x9, 0xf8, 0x0, 0x0, 0xaf, 0x70, 0x1, 0xdf,
    0xc9, 0x9d, 0xfc, 0x0, 0x0, 0x8, 0xce, 0xec,
    0x60, 0x0,

    /* U+00DD "Ý" */
    0x0, 0x0, 0x0, 0x47, 0x40, 0x0, 0x0, 0x0,
    0x0, 0xed, 0x0, 0x0, 0x0, 0x0, 0x8, 0xe2,
    0x0, 0x0, 0x0, 0x0, 0x0, 0x0, 0x0, 0x0,
    0x0, 0x0, 0x0, 0x0, 0x0, 0x0, 0x8f, 0x70,
    0x0, 0x0, 0x9, 0xf5, 0xe, 0xf1, 0x0, 0x0,
    0x3f, 0xb0, 0x5, 0xfa, 0x0, 0x0, 0xcf, 0x20,
    0x0, 0xbf, 0x30, 0x6, 0xf8, 0x0, 0x0, 0x2f,
    0xc0, 0xe, 0xd0, 0x0, 0x0, 0x8, 0xf5, 0x9f,
    0x40, 0x0, 0x0, 0x0, 0xde, 0xfa, 0x0, 0x0,
    0x0, 0x0, 0x4f, 0xf1, 0x0, 0x0, 0x0, 0x0,
    0xf, 0xc0, 0x0, 0x0, 0x0, 0x0, 0xf, 0xc0,
    0x0, 0x0, 0x0, 0x0, 0xf, 0xc0, 0x0, 0x0,
    0x0, 0x0, 0xf, 0xc0, 0x0, 0x0, 0x0, 0x0,
    0xf, 0xc0, 0x0, 0x0, 0x0, 0x0, 0xf, 0xc0,
    0x0, 0x0,

    /* U+00DE "Þ" */
    0x3f, 0x90, 0x0, 0x0, 0x0, 0x0, 0x3f, 0x90,
    0x0, 0x0, 0x0, 0x0, 0x3f, 0xd8, 0x88, 0x86,
    0x20, 0x0, 0x3f, 0xff, 0xff, 0xff, 0xfa, 0x0,
    0x3f, 0x90, 0x0, 0x3, 0xbf, 0x80, 0x3f, 0x90,
    0x0, 0x0, 0xf, 0xd0, 0x3f, 0x90, 0x0, 0x0,
    0xd, 0xf0, 0x3f, 0x90, 0x0, 0x0, 0xf, 0xd0,
    0x3f, 0x90, 0x0, 0x3, 0xbf, 0x80, 0x3f, 0xff,
    0xff, 0xff, 0xfa, 0x0, 0x3f, 0xd8, 0x88, 0x86,
    0x20, 0x0, 0x3f, 0x90, 0x0, 0x0, 0x0, 0x0,
    0x3f, 0x90, 0x0, 0x0, 0x0, 0x0, 0x3f, 0x90,
    0x0, 0x0, 0x0, 0x0,

    /* U+00DF "ß" */
    0x0, 0x3a, 0xdf, 0xd8, 0x10, 0x5, 0xfe, 0x86,
    0x9f, 0xd1, 0x1f, 0xd0, 0x0, 0x6, 0xf8, 0x5f,
    0x60, 0x0, 0x1, 0xfa, 0x7f, 0x30, 0x0, 0x4,
    0xf7, 0x8f, 0x30, 0x12, 0x6e, 0xc0, 0x8f, 0x30,
    0xef, 0xf9, 0x0, 0x8f, 0x30, 0x45, 0x9f, 0xb0,
    0x8f, 0x30, 0x0, 0x6, 0xf8, 0x8f, 0x30, 0x0,
    0x0, 0xfd, 0x8f, 0x30, 0x0, 0x0, 0xfc, 0x8f,
    0x30, 0x0, 0x7, 0xf9, 0x8f, 0x31, 0x99, 0xcf,
    0xe1, 0x8f, 0x32, 0xff, 0xd8, 0x10,

    /* U+00E0 "à" */
    0x0, 0x2e, 0xe0, 0x0, 0x0, 0x0, 0x4f, 0x70,
    0x0, 0x0, 0x0, 0x58, 0x0, 0x0, 0x0, 0x0,
    0x0, 0x0, 0x0, 0x2b, 0xee, 0xb3, 0x0, 0x2f,
    0xd7, 0x7c, 0xf2, 0x9, 0xf2, 0x0, 0xf, 0x90,
    0x34, 0x0, 0x3, 0xfc, 0x0, 0x39, 0xdf, 0xff,
    0xc0, 0x7f, 0xd7, 0x41, 0xdc, 0xf, 0xd0, 0x0,
    0xe, 0xc0, 0xfc, 0x0, 0x4, 0xfc, 0xa, 0xfa,
    0x69, 0xee, 0xc0, 0x9, 0xee, 0xb3, 0xcc,

    /* U+00E1 "á" */
    0x0, 0x0, 0x8, 0xf7, 0x0, 0x0, 0x1, 0xfa,
    0x0, 0x0, 0x0, 0x49, 0x0, 0x0, 0x0, 0x0,
    0x0, 0x0, 0x0, 0x2b, 0xee, 0xb3, 0x0, 0x2f,
    0xd7, 0x7c, 0xf2, 0x9, 0xf2, 0x0, 0xf, 0x90,
    0x34, 0x0, 0x3, 0xfc, 0x0, 0x39, 0xdf, 0xff,
    0xc0, 0x7f, 0xd7, 0x41, 0xdc, 0xf, 0xd0, 0x0,
    0xe, 0xc0, 0xfc, 0x0, 0x4, 0xfc, 0xa, 0xfa,
    0x69, 0xee, 0xc0, 0x9, 0xee, 0xb3, 0xcc,

    /* U+00E2 "â" */
    0x0, 0x4, 0xff, 0x80, 0x0, 0x1, 0xeb, 0x7f,
    0x40, 0x0, 0x47, 0x0, 0x66, 0x0, 0x0, 0x0,
    0x0, 0x0, 0x0, 0x2b, 0xee, 0xb3, 0x0, 0x2f,
    0xd7, 0x7c, 0xf2, 0x9, 0xf2, 0x0, 0xf, 0x90,
    0x34, 0x0, 0x3, 0xfc, 0x0, 0x39, 0xdf, 0xff,
    0xc0, 0x7f, 0xd7, 0x41, 0xdc, 0xf, 0xd0, 0x0,
    0xe, 0xc0, 0xfc, 0x0, 0x4, 0xfc, 0xa, 0xfa,
    0x69, 0xee, 0xc0, 0x9, 0xee, 0xb3, 0xcc,

    /* U+00E3 "ã" */
    0x0, 0x5e, 0xc5, 0x4f, 0x20, 0xe, 0xb7, 0xef,
    0xc0, 0x0, 0x31, 0x0, 0x20, 0x0, 0x0, 0x0,
    0x0, 0x0, 0x0, 0x2b, 0xee, 0xb3, 0x0, 0x2f,
    0xd7, 0x7c, 0xf2, 0x9, 0xf2, 0x0, 0xf, 0x90,
    0x34, 0x0, 0x3, 0xfc, 0x0, 0x39, 0xdf, 0xff,
    0xc0, 0x7f, 0xd7, 0x41, 0xdc, 0xf, 0xd0, 0x0,
    0xe, 0xc0, 0xfc, 0x0, 0x4, 0xfc, 0xa, 0xfa,
    0x69, 0xee, 0xc0, 0x9, 0xee, 0xb3, 0xcc,

    /* U+00E4 "ä" */
    0x0, 0xef, 0x10, 0xdf, 0x10, 0xe, 0xf1, 0xd,
    0xf1, 0x0, 0x0, 0x0, 0x0, 0x0, 0x0, 0x0,
    0x0, 0x0, 0x0, 0x2b, 0xee, 0xb3, 0x0, 0x2f,
    0xd7, 0x7c, 0xf2, 0x9, 0xf2, 0x0, 0xf, 0x90,
    0x34, 0x0, 0x3, 0xfc, 0x0, 0x39, 0xdf, 0xff,
    0xc0, 0x7f, 0xd7, 0x41, 0xdc, 0xf, 0xd0, 0x0,
    0xe, 0xc0, 0xfc, 0x0, 0x4, 0xfc, 0xa, 0xfa,
    0x69, 0xee, 0xc0, 0x9, 0xee, 0xb3, 0xcc,

    /* U+00E5 "å" */
    0x0, 0x3, 0xcd, 0x50, 0x0, 0x0, 0x99, 0x5d,
    0x0, 0x0, 0x3, 0xcd, 0x50, 0x0, 0x0, 0x0,
    0x0, 0x0, 0x0, 0x2b, 0xee, 0xb3, 0x0, 0x2f,
    0xd7, 0x7c, 0xf2, 0x9, 0xf2, 0x0, 0xf, 0x90,
    0x34, 0x0, 0x3, 0xfc, 0x0, 0x39, 0xdf, 0xff,
    0xc0, 0x7f, 0xd7, 0x41, 0xdc, 0xf, 0xd0, 0x0,
    0xe, 0xc0, 0xfc, 0x0, 0x4, 0xfc, 0xa, 0xfa,
    0x69, 0xee, 0xc0, 0x9, 0xee, 0xb3, 0xcc,

    /* U+00E6 "æ" */
    0x0, 0x3b, 0xee, 0xa2, 0x4, 0xbe, 0xda, 0x20,
    0x0, 0x3f, 0xd7, 0x7c, 0xe9, 0xfb, 0x67, 0xef,
    0x20, 0xa, 0xf1, 0x0, 0xe, 0xf9, 0x0, 0x1,
    0xeb, 0x0, 0x12, 0x0, 0x3, 0xff, 0x20, 0x0,
    0xa, 0xf0, 0x0, 0x39, 0xdf, 0xff, 0xff, 0xff,
    0xff, 0xff, 0x20, 0x7f, 0xd6, 0x20, 0xcf, 0x33,
    0x33, 0x33, 0x30, 0xf, 0xd0, 0x0, 0xe, 0xf2,
    0x0, 0x0, 0x24, 0x0, 0xfe, 0x0, 0x4, 0xff,
    0xa0, 0x0, 0xd, 0xe0, 0xa, 0xfb, 0x69, 0xf7,
    0xaf, 0xb6, 0x7c, 0xf5, 0x0, 0x9, 0xef, 0xc5,
    0x0, 0x6c, 0xfe, 0xb4, 0x0,

    /* U+00E7 "ç" */
    0x0, 0x6, 0xcf, 0xea, 0x20, 0x0, 0xbf, 0xa6,
    0x8f, 0xe2, 0x7, 0xf7, 0x0, 0x3, 0xfa, 0xd,
    0xe0, 0x0, 0x0, 0x76, 0xf, 0xb0, 0x0, 0x0,
    0x0, 0x1f, 0xb0, 0x0, 0x0, 0x0, 0xe, 0xe0,
    0x0, 0x0, 0x45, 0x9, 0xf6, 0x0, 0x1, 0xfc,
    0x1, 0xef, 0x84, 0x6d, 0xf4, 0x0, 0x19, 0xef,
    0xfc, 0x40, 0x0, 0x0, 0x6d, 0x0, 0x0, 0x0,
    0x0, 0xaf, 0xa0, 0x0, 0x0, 0x3, 0x43, 0xf4,
    0x0, 0x0, 0x5, 0xdf, 0xa0, 0x0,

    /* U+00E8 "è" */
    0x0, 0xa, 0xf5, 0x0, 0x0, 0x0, 0x0, 0xdd,
    0x0, 0x0, 0x0, 0x0, 0x29, 0x20, 0x0, 0x0,
    0x0, 0x0, 0x0, 0x0, 0x0, 0x8, 0xcf, 0xc8,
    0x0, 0x0, 0xcf, 0x86, 0x9f, 0xc0, 0x8, 0xf3,
    0x0, 0x5, 0xf6, 0xe, 0xc0, 0x0, 0x0, 0xfb,
    0xf, 0xff, 0xff, 0xff, 0xfd, 0xf, 0xb3, 0x33,
    0x33, 0x32, 0xe, 0xd0, 0x0, 0x0, 0x43, 0x9,
    0xf5, 0x0, 0x3, 0xf9, 0x1, 0xef, 0x96, 0x9e,
    0xe1, 0x0, 0x9, 0xdf, 0xd9, 0x10,

    /* U+00E9 "é" */
    0x0, 0x0, 0x2, 0xfd, 0x0, 0x0, 0x0, 0xb,
    0xe1, 0x0, 0x0, 0x0, 0x19, 0x30, 0x0, 0x0,
    0x0, 0x0, 0x0, 0x0, 0x0, 0x8, 0xcf, 0xc8,
    0x0, 0x0, 0xcf, 0x86, 0x9f, 0xc0, 0x8, 0xf3,
    0x0, 0x5, 0xf6, 0xe, 0xc0, 0x0, 0x0, 0xfb,
    0xf, 0xff, 0xff, 0xff, 0xfd, 0xf, 0xb3, 0x33,
    0x33, 0x32, 0xe, 0xd0, 0x0, 0x0, 0x43, 0x9,
    0xf5, 0x0, 0x3, 0xf9, 0x1, 0xef, 0x96, 0x9e,
    0xe1, 0x0, 0x9, 0xdf, 0xd9, 0x10,

    /* U+00EA "ê" */
    0x0, 0x1, 0xdf, 0xd0, 0x0, 0x0, 0xa, 0xe4,
    0xfa, 0x0, 0x0, 0x17, 0x30, 0x37, 0x10, 0x0,
    0x0, 0x0, 0x0, 0x0, 0x0, 0x8, 0xcf, 0xc8,
    0x0, 0x0, 0xcf, 0x86, 0x9f, 0xc0, 0x8, 0xf3,
    0x0, 0x5, 0xf6, 0xe, 0xc0, 0x0, 0x0, 0xfb,
    0xf, 0xff, 0xff, 0xff, 0xfd, 0xf, 0xb3, 0x33,
    0x33, 0x32, 0xe, 0xd0, 0x0, 0x0, 0x43, 0x9,
    0xf5, 0x0, 0x3, 0xf9, 0x1, 0xef, 0x96, 0x9e,
    0xe1, 0x0, 0x9, 0xdf, 0xd9, 0x10,

    /* U+00EB "ë" */
    0x0, 0x8f, 0x70, 0x7f, 0x70, 0x0, 0x8f, 0x70,
    0x7f, 0x70, 0x0, 0x0, 0x0, 0x0, 0x0, 0x0,
    0x0, 0x0, 0x0, 0x0, 0x0, 0x8, 0xcf, 0xc8,
    0x0, 0x0, 0xcf, 0x86, 0x9f, 0xc0, 0x8, 0xf3,
    0x0, 0x5, 0xf6, 0xe, 0xc0, 0x0, 0x0, 0xfb,
    0xf, 0xff, 0xff, 0xff, 0xfd, 0xf, 0xb3, 0x33,
    0x33, 0x32, 0xe, 0xd0, 0x0, 0x0, 0x43, 0x9,
    0xf5, 0x0, 0x3, 0xf9, 0x1, 0xef, 0x96, 0x9e,
    0xe1, 0x0, 0x9, 0xdf, 0xd9, 0x10,

    /* U+00EC "ì" */
    0xc, 0xf3, 0x0, 0x1d, 0xc0, 0x0, 0x26, 0x10,
    0x0, 0x0, 0x0, 0x8f, 0x30, 0x8, 0xf3, 0x0,
    0x8f, 0x30, 0x8, 0xf3, 0x0, 0x8f, 0x30, 0x8,
    0xf3, 0x0, 0x8f, 0x30, 0x8, 0xf3, 0x0, 0x8f,
    0x30, 0x8, 0xf3,

    /* U+00ED "í" */
    0x4, 0xfa, 0x0, 0xdc, 0x0, 0x26, 0x10, 0x0,
    0x0, 0x0, 0x8f, 0x30, 0x8, 0xf3, 0x0, 0x8f,
    0x30, 0x8, 0xf3, 0x0, 0x8f, 0x30, 0x8, 0xf3,
    0x0, 0x8f, 0x30, 0x8, 0xf3, 0x0, 0x8f, 0x30,
    0x8, 0xf3, 0x0,

    /* U+00EE "î" */
    0x2, 0xff, 0xc0, 0x1, 0xdc, 0x3f, 0x90, 0x24,
    0x10, 0x24, 0x0, 0x0, 0x0, 0x0, 0x0, 0x8f,
    0x30, 0x0, 0x8, 0xf3, 0x0, 0x0, 0x8f, 0x30,
    0x0, 0x8, 0xf3, 0x0, 0x0, 0x8f, 0x30, 0x0,
    0x8, 0xf3, 0x0, 0x0, 0x8f, 0x30, 0x0, 0x8,
    0xf3, 0x0, 0x0, 0x8f, 0x30, 0x0, 0x8, 0xf3,
    0x0,

    /* U+00EF "ï" */
    0xaf, 0x40, 0xaf, 0x5a, 0xf4, 0xa, 0xf5, 0x0,
    0x0, 0x0, 0x0, 0x0, 0x0, 0x0, 0x0, 0x8f,
    0x30, 0x0, 0x8, 0xf3, 0x0, 0x0, 0x8f, 0x30,
    0x0, 0x8, 0xf3, 0x0, 0x0, 0x8f, 0x30, 0x0,
    0x8, 0xf3, 0x0, 0x0, 0x8f, 0x30, 0x0, 0x8,
    0xf3, 0x0, 0x0, 0x8f, 0x30, 0x0, 0x8, 0xf3,
    0x0,

    /* U+00F0 "ð" */
    0x0, 0x0, 0x12, 0x0, 0x0, 0x0, 0x0, 0x1e,
    0xf6, 0x1, 0x20, 0x0, 0x0, 0x3e, 0xfd, 0xfb,
    0x0, 0x0, 0x1e, 0xff, 0xfa, 0x10, 0x0, 0x0,
    0x73, 0x3f, 0xe1, 0x0, 0x0, 0x8c, 0xfc, 0xcf,
    0x70, 0x0, 0xcf, 0xa6, 0x9f, 0xfd, 0x0, 0x8f,
    0x60, 0x0, 0x3f, 0xf0, 0xe, 0xe0, 0x0, 0x0,
    0xbf, 0x20, 0xfb, 0x0, 0x0, 0x8, 0xf4, 0xf,
    0xb0, 0x0, 0x0, 0x8f, 0x30, 0xee, 0x0, 0x0,
    0xb, 0xf1, 0x8, 0xf6, 0x0, 0x3, 0xfa, 0x0,
    0xc, 0xf9, 0x68, 0xfe, 0x10, 0x0, 0x7, 0xcf,
    0xd9, 0x10, 0x0,

    /* U+00F1 "ñ" */
    0x0, 0xae, 0x93, 0xac, 0x0, 0x4f, 0x6a, 0xff,
    0x60, 0x1, 0x30, 0x1, 0x20, 0x0, 0x0, 0x0,
    0x0, 0x0, 0x8f, 0x37, 0xde, 0xb2, 0x8, 0xfc,
    0xc7, 0x7e, 0xf1, 0x8f, 0xb0, 0x0, 0x4f, 0x78,
    0xf5, 0x0, 0x0, 0xfa, 0x8f, 0x30, 0x0, 0xf,
    0xb8, 0xf3, 0x0, 0x0, 0xfb, 0x8f, 0x30, 0x0,
    0xf, 0xb8, 0xf3, 0x0, 0x0, 0xfb, 0x8f, 0x30,
    0x0, 0xf, 0xb8, 0xf3, 0x0, 0x0, 0xfb,

    /* U+00F2 "ò" */
    0x0, 0x9, 0xf7, 0x0, 0x0, 0x0, 0x0, 0xb,
    0xe0, 0x0, 0x0, 0x0, 0x0, 0x19, 0x40, 0x0,
    0x0, 0x0, 0x0, 0x0, 0x0, 0x0, 0x0, 0x7,
    0xcf, 0xd9, 0x0, 0x0, 0xc, 0xfa, 0x69, 0xfe,
    0x10, 0x7, 0xf6, 0x0, 0x3, 0xfb, 0x0, 0xee,
    0x0, 0x0, 0xb, 0xf1, 0xf, 0xb0, 0x0, 0x0,
    0x8f, 0x40, 0xfb, 0x0, 0x0, 0x8, 0xf4, 0xe,
    0xe0, 0x0, 0x0, 0xbf, 0x10, 0x8f, 0x60, 0x0,
    0x3f, 0xb0, 0x0, 0xcf, 0x96, 0x8f, 0xe1, 0x0,
    0x0, 0x7c, 0xfd, 0x91, 0x0,

    /* U+00F3 "ó" */
    0x0, 0x0, 0x1, 0xfe, 0x10, 0x0, 0x0, 0x0,
    0x9f, 0x30, 0x0, 0x0, 0x0, 0x9, 0x40, 0x0,
    0x0, 0x0, 0x0, 0x0, 0x0, 0x0, 0x0, 0x7,
    0xcf, 0xd9, 0x0, 0x0, 0xc, 0xfa, 0x69, 0xfe,
    0x10, 0x7, 0xf6, 0x0, 0x3, 0xfb, 0x0, 0xee,
    0x0, 0x0, 0xb, 0xf1, 0xf, 0xb0, 0x0, 0x0,
    0x8f, 0x40, 0xfb, 0x0, 0x0, 0x8, 0xf4, 0xe,
    0xe0, 0x0, 0x0, 0xbf, 0x10, 0x8f, 0x60, 0x0,
    0x3f, 0xb0, 0x0, 0xcf, 0x96, 0x8f, 0xe1, 0x0,
    0x0, 0x7c, 0xfd, 0x91, 0x0,

    /* U+00F4 "ô" */
    0x0, 0x0, 0xcf, 0xe1, 0x0, 0x0, 0x0, 0x8f,
    0x4e, 0xc0, 0x0, 0x0, 0x7, 0x40, 0x27, 0x20,
    0x0, 0x0, 0x0, 0x0, 0x0, 0x0, 0x0, 0x7,
    0xcf, 0xd9, 0x0, 0x0, 0xc, 0xfa, 0x69, 0xfe,
    0x10, 0x7, 0xf6, 0x0, 0x3, 0xfb, 0x0, 0xee,
    0x0, 0x0, 0xb, 0xf1, 0xf, 0xb0, 0x0, 0x0,
    0x8f, 0x40, 0xfb, 0x0, 0x0, 0x8, 0xf4, 0xe,
    0xe0, 0x0, 0x0, 0xbf, 0x10, 0x8f, 0x60, 0x0,
    0x3f, 0xb0, 0x0, 0xcf, 0x96, 0x8f, 0xe1, 0x0,
    0x0, 0x7c, 0xfd, 0x91, 0x0,

    /* U+00F5 "õ" */
    0x0, 0xc, 0xe9, 0x2c, 0xa0, 0x0, 0x6, 0xf6,
    0xbf, 0xf4, 0x0, 0x0, 0x13, 0x0, 0x11, 0x0,
    0x0, 0x0, 0x0, 0x0, 0x0, 0x0, 0x0, 0x7,
    0xcf, 0xd9, 0x0, 0x0, 0xc, 0xfa, 0x69, 0xfe,
    0x10, 0x7, 0xf6, 0x0, 0x3, 0xfb, 0x0, 0xee,
    0x0, 0x0, 0xb, 0xf1, 0xf, 0xb0, 0x0, 0x0,
    0x8f, 0x40, 0xfb, 0x0, 0x0, 0x8, 0xf4, 0xe,
    0xe0, 0x0, 0x0, 0xbf, 0x10, 0x8f, 0x60, 0x0,
    0x3f, 0xb0, 0x0, 0xcf, 0x96, 0x8f, 0xe1, 0x0,
    0x0, 0x7c, 0xfd, 0x91, 0x0,

    /* U+00F6 "ö" */
    0x0, 0x6f, 0x90, 0x5f, 0x90, 0x0, 0x6, 0xf9,
    0x5, 0xf9, 0x0, 0x0, 0x0, 0x0, 0x0, 0x0,
    0x0, 0x0, 0x0, 0x0, 0x0, 0x0, 0x0, 0x7,
    0xcf, 0xd9, 0x0, 0x0, 0xc, 0xfa, 0x69, 0xfe,
    0x10, 0x7, 0xf6, 0x0, 0x3, 0xfb, 0x0, 0xee,
    0x0, 0x0, 0xb, 0xf1, 0xf, 0xb0, 0x0, 0x0,
    0x8f, 0x40, 0xfb, 0x0, 0x0, 0x8, 0xf4, 0xe,
    0xe0, 0x0, 0x0, 0xbf, 0x10, 0x8f, 0x60, 0x0,
    0x3f, 0xb0, 0x0, 0xcf, 0x96, 0x8f, 0xe1, 0x0,
    0x0, 0x7c, 0xfd, 0x91, 0x0,

    /* U+00F7 "÷" */
    0x0, 0x0, 0xfd, 0x0, 0x0, 0x0, 0x0, 0xfd,
    0x0, 0x0, 0x0, 0x0, 0x0, 0x0, 0x0, 0x0,
    0x0, 0x0, 0x0, 0x0, 0x11, 0x11, 0x11, 0x11,
    0x11, 0xcf, 0xff, 0xff, 0xff, 0xfa, 0x34, 0x44,
    0x44, 0x44, 0x43, 0x0, 0x0, 0x0, 0x0, 0x0,
    0x0, 0x0, 0xfd, 0x0, 0x0, 0x0, 0x0, 0xfd,
    0x0, 0x0,

    /* U+00F8 "ø" */
    0x0, 0x0, 0x0, 0x0, 0x2, 0x0, 0x0, 0x7c,
    0xfe, 0x9b, 0xd0, 0x0, 0xcf, 0xa6, 0xaf, 0xf5,
    0x0, 0x8f, 0x60, 0x4, 0xff, 0xa0, 0xe, 0xe0,
    0x2, 0xea, 0xcf, 0x10, 0xfb, 0x0, 0xdd, 0x8,
    0xf4, 0xf, 0xb0, 0xae, 0x20, 0x8f, 0x40, 0xef,
    0x7f, 0x40, 0xb, 0xf1, 0x7, 0xff, 0x60, 0x3,
    0xfb, 0x0, 0x2f, 0xf9, 0x68, 0xfe, 0x20, 0xa,
    0xd7, 0xdf, 0xd9, 0x10, 0x0, 0x2, 0x0, 0x0,
    0x0, 0x0,

    /* U+00F9 "ù" */
    0x0, 0xaf, 0x50, 0x0, 0x0, 0x0, 0xbe, 0x0,
    0x0, 0x0, 0x0, 0x62, 0x0, 0x0, 0x0, 0x0,
    0x0, 0x0, 0xaf, 0x10, 0x0, 0x4f, 0x6a, 0xf1,
    0x0, 0x4, 0xf6, 0xaf, 0x10, 0x0, 0x4f, 0x6a,
    0xf1, 0x0, 0x4, 0xf6, 0xaf, 0x10, 0x0, 0x4f,
    0x6a, 0xf1, 0x0, 0x4, 0xf6, 0x9f, 0x20, 0x0,
    0x6f, 0x67, 0xf6, 0x0, 0xc, 0xf6, 0x1f, 0xf8,
    0x6b, 0xcf, 0x60, 0x3b, 0xfd, 0x83, 0xf6,

    /* U+00FA "ú" */
    0x0, 0x0, 0x2f, 0xc0, 0x0, 0x0, 0xb, 0xd1,
    0x0, 0x0, 0x1, 0x62, 0x0, 0x0, 0x0, 0x0,
    0x0, 0x0, 0xaf, 0x10, 0x0, 0x4f, 0x6a, 0xf1,
    0x0, 0x4, 0xf6, 0xaf, 0x10, 0x0, 0x4f, 0x6a,
    0xf1, 0x0, 0x4, 0xf6, 0xaf, 0x10, 0x0, 0x4f,
    0x6a, 0xf1, 0x0, 0x4, 0xf6, 0x9f, 0x20, 0x0,
    0x6f, 0x67, 0xf6, 0x0, 0xc, 0xf6, 0x1f, 0xf8,
    0x6b, 0xcf, 0x60, 0x3b, 0xfd, 0x83, 0xf6,

    /* U+00FB "û" */
    0x0, 0x1d, 0xfe, 0x10, 0x0, 0xb, 0xe3, 0xec,
    0x0, 0x1, 0x41, 0x1, 0x41, 0x0, 0x0, 0x0,
    0x0, 0x0, 0xaf, 0x10, 0x0, 0x4f, 0x6a, 0xf1,
    0x0, 0x4, 0xf6, 0xaf, 0x10, 0x0, 0x4f, 0x6a,
    0xf1, 0x0, 0x4, 0xf6, 0xaf, 0x10, 0x0, 0x4f,
    0x6a, 0xf1, 0x0, 0x4, 0xf6, 0x9f, 0x20, 0x0,
    0x6f, 0x67, 0xf6, 0x0, 0xc, 0xf6, 0x1f, 0xf8,
    0x6b, 0xcf, 0x60, 0x3b, 0xfd, 0x83, 0xf6,

    /* U+00FC "ü" */
    0x8, 0xf7, 0x7, 0xf7, 0x0, 0x8f, 0x70, 0x7f,
    0x70, 0x0, 0x0, 0x0, 0x0, 0x0, 0x0, 0x0,
    0x0, 0x0, 0xaf, 0x10, 0x0, 0x4f, 0x6a, 0xf1,
    0x0, 0x4, 0xf6, 0xaf, 0x10, 0x0, 0x4f, 0x6a,
    0xf1, 0x0, 0x4, 0xf6, 0xaf, 0x10, 0x0, 0x4f,
    0x6a, 0xf1, 0x0, 0x4, 0xf6, 0x9f, 0x20, 0x0,
    0x6f, 0x67, 0xf6, 0x0, 0xc, 0xf6, 0x1f, 0xf8,
    0x6b, 0xcf, 0x60, 0x3b, 0xfd, 0x83, 0xf6,

    /* U+00FD "ý" */
    0x0, 0x0, 0xc, 0xf3, 0x0, 0x0, 0x0, 0x5f,
    0x50, 0x0, 0x0, 0x0, 0x54, 0x0, 0x0, 0x0,
    0x0, 0x0, 0x0, 0x0, 0x8f, 0x50, 0x0, 0x9,
    0xf2, 0x1f, 0xc0, 0x0, 0xe, 0xd0, 0xb, 0xf2,
    0x0, 0x4f, 0x70, 0x4, 0xf8, 0x0, 0x9f, 0x10,
    0x0, 0xde, 0x0, 0xeb, 0x0, 0x0, 0x7f, 0x44,
    0xf5, 0x0, 0x0, 0x1f, 0xaa, 0xf0, 0x0, 0x0,
    0xa, 0xff, 0x90, 0x0, 0x0, 0x3, 0xff, 0x30,
    0x0, 0x0, 0x0, 0xfd, 0x0, 0x0, 0x0, 0x4,
    0xf7, 0x0, 0x0, 0x0, 0xa, 0xf2, 0x0, 0x0,
    0x0, 0x1f, 0xc0, 0x0, 0x0, 0x0, 0x6f, 0x60,
    0x0, 0x0,

    /* U+00FE "þ" */
    0x8f, 0x30, 0x0, 0x0, 0x0, 0x8f, 0x30, 0x0,
    0x0, 0x0, 0x8f, 0x30, 0x0, 0x0, 0x0, 0x8f,
    0x30, 0x0, 0x0, 0x0, 0x8f, 0x37, 0xcf, 0xc6,
    0x0, 0x8f, 0xcd, 0x77, 0xcf, 0x90, 0x8f, 0xd0,
    0x0, 0xb, 0xf3, 0x8f, 0x50, 0x0, 0x4, 0xf9,
    0x8f, 0x20, 0x0, 0x0, 0xfb, 0x8f, 0x20, 0x0,
    0x0, 0xfb, 0x8f, 0x50, 0x0, 0x3, 0xf9, 0x8f,
    0xd0, 0x0, 0xb, 0xf3, 0x8f, 0xcd, 0x76, 0xcf,
    0x90, 0x8f, 0x37, 0xcf, 0xc6, 0x0, 0x8f, 0x30,
    0x0, 0x0, 0x0, 0x8f, 0x30, 0x0, 0x0, 0x0,
    0x8f, 0x30, 0x0, 0x0, 0x0, 0x8f, 0x30, 0x0,
    0x0, 0x0,

    /* U+00FF "ÿ" */
    0x2, 0xfd, 0x1, 0xfd, 0x0, 0x2, 0xfd, 0x1,
    0xfd, 0x0, 0x0, 0x0, 0x0, 0x0, 0x0, 0x0,
    0x0, 0x0, 0x0, 0x0, 0x8f, 0x50, 0x0, 0x9,
    0xf2, 0x1f, 0xc0, 0x0, 0xe, 0xd0, 0xb, 0xf2,
    0x0, 0x4f, 0x70, 0x4, 0xf8, 0x0, 0x9f, 0x10,
    0x0, 0xde, 0x0, 0xeb, 0x0, 0x0, 0x7f, 0x44,
    0xf5, 0x0, 0x0, 0x1f, 0xaa, 0xf0, 0x0, 0x0,
    0xa, 0xff, 0x90, 0x0, 0x0, 0x3, 0xff, 0x30,
    0x0, 0x0, 0x0, 0xfd, 0x0, 0x0, 0x0, 0x4,
    0xf7, 0x0, 0x0, 0x0, 0xa, 0xf2, 0x0, 0x0,
    0x0, 0x1f, 0xc0, 0x0, 0x0, 0x0, 0x6f, 0x60,
    0x0, 0x0,

    /* U+2013 "–" */
    0x12, 0x22, 0x22, 0x22, 0x2b, 0xff, 0xff, 0xff,
    0xff, 0x35, 0x55, 0x55, 0x55, 0x50,

    /* U+2014 "—" */
    0x12, 0x22, 0x22, 0x22, 0x22, 0x22, 0x22, 0x1b,
    0xff, 0xff, 0xff, 0xff, 0xff, 0xff, 0xf7, 0x35,
    0x55, 0x55, 0x55, 0x55, 0x55, 0x55, 0x20,

    /* U+2018 "‘" */
    0x0, 0x2, 0xe5, 0x9a, 0xc, 0x80, 0xcf, 0x4c,
    0xf4,

    /* U+2019 "’" */
    0xbf, 0x6b, 0xf6, 0x2d, 0x61, 0xf3, 0xb9, 0x1,
    0x0,

    /* U+201C "“" */
    0x0, 0x0, 0x1, 0x2e, 0x50, 0x7d, 0x9a, 0x1,
    0xf3, 0xc8, 0x3, 0xf2, 0xcf, 0x44, 0xfd, 0xcf,
    0x44, 0xfd,

    /* U+201D "”" */
    0xbf, 0x62, 0xff, 0xbf, 0x62, 0xff, 0x2d, 0x60,
    0x6e, 0x1f, 0x30, 0x8c, 0xb9, 0x2, 0xe3, 0x10,
    0x0, 0x0,

    /* U+2026 "…" */
    0x35, 0x20, 0x4, 0x51, 0x0, 0x45, 0x1b, 0xf6,
    0x0, 0xdf, 0x50, 0xe, 0xf4, 0xbf, 0x60, 0xd,
    0xf5, 0x0, 0xef, 0x40,

    /* U+2039 "‹" */
    0x0, 0x0, 0x10, 0x0, 0x4a, 0x0, 0x5f, 0xa0,
    0x5f, 0xc0, 0xf, 0xb0, 0x0, 0xed, 0x20, 0x2,
    0xee, 0x20, 0x2, 0xea, 0x0, 0x2, 0x90, 0x0,
    0x0,

    /* U+203A "›" */
    0x10, 0x0, 0xb3, 0x0, 0xbf, 0x30, 0x1d, 0xf4,
    0x1, 0xde, 0x3, 0xed, 0x3f, 0xd1, 0xcd, 0x10,
    0xa1, 0x0, 0x0, 0x0
};


/*---------------------
 *  GLYPH DESCRIPTION
 *--------------------*/

static const lv_font_fmt_txt_glyph_dsc_t glyph_dsc[] = {
    {.bitmap_index = 0, .adv_w = 0, .box_w = 0, .box_h = 0, .ofs_x = 0, .ofs_y = 0} /* id = 0 reserved */,
    {.bitmap_index = 0, .adv_w = 76, .box_w = 0, .box_h = 0, .ofs_x = 0, .ofs_y = 0},
    {.bitmap_index = 0, .adv_w = 80, .box_w = 3, .box_h = 14, .ofs_x = 1, .ofs_y = 0},
    {.bitmap_index = 21, .adv_w = 108, .box_w = 5, .box_h = 5, .ofs_x = 1, .ofs_y = 9},
    {.bitmap_index = 34, .adv_w = 197, .box_w = 12, .box_h = 14, .ofs_x = 0, .ofs_y = 0},
    {.bitmap_index = 118, .adv_w = 192, .box_w = 12, .box_h = 19, .ofs_x = 0, .ofs_y = -2},
    {.bitmap_index = 232, .adv_w = 246, .box_w = 15, .box_h = 14, .ofs_x = 0, .ofs_y = 0},
    {.bitmap_index = 337, .adv_w = 204, .box_w = 13, .box_h = 14, .ofs_x = 0, .ofs_y = 0},
    {.bitmap_index = 428, .adv_w = 59, .box_w = 2, .box_h = 5, .ofs_x = 1, .ofs_y = 9},
    {.bitmap_index = 433, .adv_w = 91, .box_w = 6, .box_h = 18, .ofs_x = 0, .ofs_y = -3},
    {.bitmap_index = 487, .adv_w = 91, .box_w = 5, .box_h = 18, .ofs_x = 0, .ofs_y = -3},
    {.bitmap_index = 532, .adv_w = 126, .box_w = 8, .box_h = 7, .ofs_x = 0, .ofs_y = 8},
    {.bitmap_index = 560, .adv_w = 175, .box_w = 11, .box_h = 10, .ofs_x = 0, .ofs_y = 1},
    {.bitmap_index = 615, .adv_w = 78, .box_w = 3, .box_h = 7, .ofs_x = 1, .ofs_y = -4},
    {.bitmap_index = 626, .adv_w = 124, .box_w = 6, .box_h = 3, .ofs_x = 1, .ofs_y = 4},
    {.bitmap_index = 635, .adv_w = 77, .box_w = 3, .box_h = 3, .ofs_x = 1, .ofs_y = 0},
    {.bitmap_index = 640, .adv_w = 132, .box_w = 8, .box_h = 14, .ofs_x = 0, .ofs_y = 0},
    {.bitmap_index = 696, .adv_w = 196, .box_w = 11, .box_h = 14, .ofs_x = 1, .ofs_y = 0},
    {.bitmap_index = 773, .adv_w = 120, .box_w = 6, .box_h = 14, .ofs_x = 0, .ofs_y = 0},
    {.bitmap_index = 815, .adv_w = 181, .box_w = 11, .box_h = 14, .ofs_x = 0, .ofs_y = 0},
    {.bitmap_index = 892, .adv_w = 188, .box_w = 11, .box_h = 14, .ofs_x = 0, .ofs_y = 0},
    {.bitmap_index = 969, .adv_w = 190, .box_w = 12, .box_h = 14, .ofs_x = 0, .ofs_y = 0},
    {.bitmap_index = 1053, .adv_w = 182, .box_w = 11, .box_h = 14, .ofs_x = 0, .ofs_y = 0},
    {.bitmap_index = 1130, .adv_w = 191, .box_w = 10, .box_h = 14, .ofs_x = 1, .ofs_y = 0},
    {.bitmap_index = 1200, .adv_w = 164, .box_w = 10, .box_h = 14, .ofs_x = 0, .ofs_y = 0},
    {.bitmap_index = 1270, .adv_w = 193, .box_w = 10, .box_h = 14, .ofs_x = 1, .ofs_y = 0},
    {.bitmap_index = 1340, .adv_w = 189, .box_w = 11, .box_h = 14, .ofs_x = 0, .ofs_y = 0},
    {.bitmap_index = 1417, .adv_w = 77, .box_w = 3, .box_h = 9, .ofs_x = 1, .ofs_y = 0},
    {.bitmap_index = 1431, .adv_w = 77, .box_w = 3, .box_h = 13, .ofs_x = 1, .ofs_y = -4},
    {.bitmap_index = 1451, .adv_w = 173, .box_w = 10, .box_h = 10, .ofs_x = 0, .ofs_y = 1},
    {.bitmap_index = 1501, .adv_w = 195, .box_w = 10, .box_h = 7, .ofs_x = 1, .ofs_y = 3},
    {.bitmap_index = 1536, .adv_w = 173, .box_w = 10, .box_h = 10, .ofs_x = 1, .ofs_y = 1},
    {.bitmap_index = 1586, .adv_w = 163, .box_w = 10, .box_h = 14, .ofs_x = 0, .ofs_y = 0},
    {.bitmap_index = 1656, .adv_w = 243, .box_w = 15, .box_h = 16, .ofs_x = 0, .ofs_y = -3},
    {.bitmap_index = 1776, .adv_w = 218, .box_w = 14, .box_h = 14, .ofs_x = 0, .ofs_y = 0},
    {.bitmap_index = 1874, .adv_w = 209, .box_w = 12, .box_h = 14, .ofs_x = 1, .ofs_y = 0},
    {.bitmap_index = 1958, .adv_w = 231, .box_w = 14, .box_h = 14, .ofs_x = 0, .ofs_y = 0},
    {.bitmap_index = 2056, .adv_w = 231, .box_w = 13, .box_h = 14, .ofs_x = 1, .ofs_y = 0},
    {.bitmap_index = 2147, .adv_w = 195, .box_w = 11, .box_h = 14, .ofs_x = 1, .ofs_y = 0},
    {.bitmap_index = 2224, .adv_w = 186, .box_w = 10, .box_h = 14, .ofs_x = 1, .ofs_y = 0},
    {.bitmap_index = 2294, .adv_w = 236, .box_w = 14, .box_h = 14, .ofs_x = 0, .ofs_y = 0},
    {.bitmap_index = 2392, .adv_w = 235, .box_w = 12, .box_h = 14, .ofs_x = 1, .ofs_y = 0},
    {.bitmap_index = 2476, .adv_w = 87, .box_w = 3, .box_h = 14, .ofs_x = 1, .ofs_y = 0},
    {.bitmap_index = 2497, .adv_w = 176, .box_w = 10, .box_h = 14, .ofs_x = 0, .ofs_y = 0},
    {.bitmap_index = 2567, .adv_w = 199, .box_w = 12, .box_h = 14, .ofs_x = 1, .ofs_y = 0},
    {.bitmap_index = 2651, .adv_w = 178, .box_w = 10, .box_h = 14, .ofs_x = 1, .ofs_y = 0},
    {.bitmap_index = 2721, .adv_w = 300, .box_w = 16, .box_h = 14, .ofs_x = 1, .ofs_y = 0},
    {.bitmap_index = 2833, .adv_w = 244, .box_w = 13, .box_h = 14, .ofs_x = 1, .ofs_y = 0},
    {.bitmap_index = 2924, .adv_w = 243, .box_w = 15, .box_h = 14, .ofs_x = 0, .ofs_y = 0},
    {.bitmap_index = 3029, .adv_w = 202, .box_w = 12, .box_h = 14, .ofs_x = 1, .ofs_y = 0},
    {.bitmap_index = 3113, .adv_w = 243, .box_w = 15, .box_h = 15, .ofs_x = 0, .ofs_y = -1},
    {.bitmap_index = 3226, .adv_w = 213, .box_w = 12, .box_h = 14, .ofs_x = 1, .ofs_y = 0},
    {.bitmap_index = 3310, .adv_w = 204, .box_w = 12, .box_h = 14, .ofs_x = 0, .ofs_y = 0},
    {.bitmap_index = 3394, .adv_w = 190, .box_w = 12, .box_h = 14, .ofs_x = 0, .ofs_y = 0},
    {.bitmap_index = 3478, .adv_w = 222, .box_w = 12, .box_h = 14, .ofs_x = 1, .ofs_y = 0},
    {.bitmap_index = 3562, .adv_w = 210, .box_w = 13, .box_h = 14, .ofs_x = 0, .ofs_y = 0},
    {.bitmap_index = 3653, .adv_w = 308, .box_w = 19, .box_h = 14, .ofs_x = 0, .ofs_y = 0},
    {.bitmap_index = 3786, .adv_w = 196, .box_w = 13, .box_h = 14, .ofs_x = 0, .ofs_y = 0},
    {.bitmap_index = 3877, .adv_w = 189, .box_w = 12, .box_h = 14, .ofs_x = 0, .ofs_y = 0},
    {.bitmap_index = 3961, .adv_w = 190, .box_w = 12, .box_h = 14, .ofs_x = 0, .ofs_y = 0},
    {.bitmap_index = 4045, .adv_w = 94, .box_w = 5, .box_h = 19, .ofs_x = 1, .ofs_y = -3},
    {.bitmap_index = 4093, .adv_w = 133, .box_w = 8, .box_h = 14, .ofs_x = 0, .ofs_y = 0},
    {.bitmap_index = 4149, .adv_w = 89, .box_w = 4, .box_h = 19, .ofs_x = 0, .ofs_y = -3},
    {.bitmap_index = 4187, .adv_w = 152, .box_w = 9, .box_h = 7, .ofs_x = 0, .ofs_y = 7},
    {.bitmap_index = 4219, .adv_w = 182, .box_w = 10, .box_h = 3, .ofs_x = 1, .ofs_y = -3},
    {.bitmap_index = 4234, .adv_w = 87, .box_w = 5, .box_h = 3, .ofs_x = 0, .ofs_y = 11},
    {.bitmap_index = 4242, .adv_w = 163, .box_w = 9, .box_h = 10, .ofs_x = 0, .ofs_y = 0},
    {.bitmap_index = 4287, .adv_w = 187, .box_w = 10, .box_h = 14, .ofs_x = 1, .ofs_y = 0},
    {.bitmap_index = 4357, .adv_w = 171, .box_w = 10, .box_h = 10, .ofs_x = 0, .ofs_y = 0},
    {.bitmap_index = 4407, .adv_w = 186, .box_w = 11, .box_h = 14, .ofs_x = 0, .ofs_y = 0},
    {.bitmap_index = 4484, .adv_w = 172, .box_w = 10, .box_h = 10, .ofs_x = 0, .ofs_y = 0},
    {.bitmap_index = 4534, .adv_w = 100, .box_w = 6, .box_h = 14, .ofs_x = 0, .ofs_y = 0},
    {.bitmap_index = 4576, .adv_w = 186, .box_w = 11, .box_h = 14, .ofs_x = 0, .ofs_y = -4},
    {.bitmap_index = 4653, .adv_w = 177, .box_w = 9, .box_h = 14, .ofs_x = 1, .ofs_y = 0},
    {.bitmap_index = 4716, .adv_w = 75, .box_w = 3, .box_h = 14, .ofs_x = 1, .ofs_y = 0},
    {.bitmap_index = 4737, .adv_w = 77, .box_w = 5, .box_h = 18, .ofs_x = -1, .ofs_y = -4},
    {.bitmap_index = 4782, .adv_w = 157, .box_w = 9, .box_h = 14, .ofs_x = 1, .ofs_y = 0},
    {.bitmap_index = 4845, .adv_w = 75, .box_w = 3, .box_h = 14, .ofs_x = 1, .ofs_y = 0},
    {.bitmap_index = 4866, .adv_w = 269, .box_w = 15, .box_h = 10, .ofs_x = 1, .ofs_y = 0},
    {.bitmap_index = 4941, .adv_w = 177, .box_w = 9, .box_h = 10, .ofs_x = 1, .ofs_y = 0},
    {.bitmap_index = 4986, .adv_w = 179, .box_w = 11, .box_h = 10, .ofs_x = 0, .ofs_y = 0},
    {.bitmap_index = 5041, .adv_w = 187, .box_w = 10, .box_h = 14, .ofs_x = 1, .ofs_y = -4},
    {.bitmap_index = 5111, .adv_w = 187, .box_w = 11, .box_h = 14, .ofs_x = 0, .ofs_y = -4},
    {.bitmap_index = 5188, .adv_w = 111, .box_w = 6, .box_h = 10, .ofs_x = 1, .ofs_y = 0},
    {.bitmap_index = 5218, .adv_w = 155, .box_w = 9, .box_h = 10, .ofs_x = 0, .ofs_y = 0},
    {.bitmap_index = 5263, .adv_w = 106, .box_w = 7, .box_h = 13, .ofs_x = 0, .ofs_y = 0},
    {.bitmap_index = 5309, .adv_w = 175, .box_w = 9, .box_h = 10, .ofs_x = 1, .ofs_y = 0},
    {.bitmap_index = 5354, .adv_w = 156, .box_w = 10, .box_h = 10, .ofs_x = 0, .ofs_y = 0},
    {.bitmap_index = 5404, .adv_w = 251, .box_w = 16, .box_h = 10, .ofs_x = 0, .ofs_y = 0},
    {.bitmap_index = 5484, .adv_w = 157, .box_w = 10, .box_h = 10, .ofs_x = 0, .ofs_y = 0},
    {.bitmap_index = 5534, .adv_w = 154, .box_w = 10, .box_h = 14, .ofs_x = 0, .ofs_y = -4},
    {.bitmap_index = 5604, .adv_w = 148, .box_w = 9, .box_h = 10, .ofs_x = 0, .ofs_y = 0},
    {.bitmap_index = 5649, .adv_w = 104, .box_w = 6, .box_h = 18, .ofs_x = 0, .ofs_y = -4},
    {.bitmap_index = 5703, .adv_w = 80, .box_w = 3, .box_h = 18, .ofs_x = 1, .ofs_y = -3},
    {.bitmap_index = 5730, .adv_w = 104, .box_w = 7, .box_h = 18, .ofs_x = 0, .ofs_y = -4},
    {.bitmap_index = 5793, .adv_w = 192, .box_w = 10, .box_h = 4, .ofs_x = 1, .ofs_y = 4},
    {.bitmap_index = 5813, .adv_w = 76, .box_w = 0, .box_h = 0, .ofs_x = 0, .ofs_y = 0},
    {.bitmap_index = 5813, .adv_w = 76, .box_w = 3, .box_h = 14, .ofs_x = 1, .ofs_y = -4},
    {.bitmap_index = 5834, .adv_w = 195, .box_w = 12, .box_h = 17, .ofs_x = 0, .ofs_y = -1},
    {.bitmap_index = 5936, .adv_w = 208, .box_w = 13, .box_h = 14, .ofs_x = 0, .ofs_y = 0},
    {.bitmap_index = 6027, .adv_w = 211, .box_w = 12, .box_h = 12, .ofs_x = 1, .ofs_y = 1},
    {.bitmap_index = 6099, .adv_w = 199, .box_w = 12, .box_h = 14, .ofs_x = 0, .ofs_y = 0},
    {.bitmap_index = 6183, .adv_w = 80, .box_w = 3, .box_h = 17, .ofs_x = 1, .ofs_y = -3},
    {.bitmap_index = 6209, .adv_w = 173, .box_w = 10, .box_h = 18, .ofs_x = 0, .ofs_y = -4},
    {.bitmap_index = 6299, .adv_w = 126, .box_w = 7, .box_h = 3, .ofs_x = 0, .ofs_y = 12},
    {.bitmap_index = 6310, .adv_w = 263, .box_w = 16, .box_h = 16, .ofs_x = 0, .ofs_y = -1},
    {.bitmap_index = 6438, .adv_w = 128, .box_w = 7, .box_h = 7, .ofs_x = 0, .ofs_y = 7},
    {.bitmap_index = 6463, .adv_w = 147, .box_w = 9, .box_h = 10, .ofs_x = 0, .ofs_y = 0},
    {.bitmap_index = 6508, .adv_w = 196, .box_w = 10, .box_h = 6, .ofs_x = 1, .ofs_y = 2},
    {.bitmap_index = 6538, .adv_w = 124, .box_w = 6, .box_h = 3, .ofs_x = 1, .ofs_y = 4},
    {.bitmap_index = 6547, .adv_w = 207, .box_w = 11, .box_h = 12, .ofs_x = 1, .ofs_y = 2},
    {.bitmap_index = 6613, .adv_w = 119, .box_w = 7, .box_h = 3, .ofs_x = 0, .ofs_y = 11},
    {.bitmap_index = 6624, .adv_w = 114, .box_w = 7, .box_h = 7, .ofs_x = 0, .ofs_y = 8},
    {.bitmap_index = 6649, .adv_w = 196, .box_w = 10, .box_h = 11, .ofs_x = 1, .ofs_y = 0},
    {.bitmap_index = 6704, .adv_w = 132, .box_w = 8, .box_h = 9, .ofs_x = 0, .ofs_y = 7},
    {.bitmap_index = 6740, .adv_w = 135, .box_w = 8, .box_h = 9, .ofs_x = 0, .ofs_y = 7},
    {.bitmap_index = 6776, .adv_w = 87, .box_w = 5, .box_h = 3, .ofs_x = 0, .ofs_y = 11},
    {.bitmap_index = 6784, .adv_w = 182, .box_w = 9, .box_h = 14, .ofs_x = 1, .ofs_y = -4},
    {.bitmap_index = 6847, .adv_w = 180, .box_w = 10, .box_h = 17, .ofs_x = 0, .ofs_y = -3},
    {.bitmap_index = 6932, .adv_w = 77, .box_w = 3, .box_h = 3, .ofs_x = 1, .ofs_y = 5},
    {.bitmap_index = 6937, .adv_w = 96, .box_w = 6, .box_h = 6, .ofs_x = 0, .ofs_y = -5},
    {.bitmap_index = 6955, .adv_w = 93, .box_w = 5, .box_h = 9, .ofs_x = 0, .ofs_y = 7},
    {.bitmap_index = 6978, .adv_w = 132, .box_w = 8, .box_h = 7, .ofs_x = 0, .ofs_y = 7},
    {.bitmap_index = 7006, .adv_w = 147, .box_w = 8, .box_h = 10, .ofs_x = 1, .ofs_y = 0},
    {.bitmap_index = 7046, .adv_w = 270, .box_w = 17, .box_h = 15, .ofs_x = 0, .ofs_y = -1},
    {.bitmap_index = 7174, .adv_w = 285, .box_w = 17, .box_h = 15, .ofs_x = 0, .ofs_y = -1},
    {.bitmap_index = 7302, .adv_w = 297, .box_w = 18, .box_h = 15, .ofs_x = 0, .ofs_y = -1},
    {.bitmap_index = 7437, .adv_w = 162, .box_w = 10, .box_h = 15, .ofs_x = 0, .ofs_y = -4},
    {.bitmap_index = 7512, .adv_w = 218, .box_w = 14, .box_h = 19, .ofs_x = 0, .ofs_y = 0},
    {.bitmap_index = 7645, .adv_w = 218, .box_w = 14, .box_h = 19, .ofs_x = 0, .ofs_y = 0},
    {.bitmap_index = 7778, .adv_w = 218, .box_w = 14, .box_h = 19, .ofs_x = 0, .ofs_y = 0},
    {.bitmap_index = 7911, .adv_w = 218, .box_w = 14, .box_h = 19, .ofs_x = 0, .ofs_y = 0},
    {.bitmap_index = 8044, .adv_w = 218, .box_w = 14, .box_h = 18, .ofs_x = 0, .ofs_y = 0},
    {.bitmap_index = 8170, .adv_w = 218, .box_w = 14, .box_h = 19, .ofs_x = 0, .ofs_y = 0},
    {.bitmap_index = 8303, .adv_w = 291, .box_w = 19, .box_h = 14, .ofs_x = -1, .ofs_y = 0},
    {.bitmap_index = 8436, .adv_w = 231, .box_w = 14, .box_h = 18, .ofs_x = 0, .ofs_y = -4},
    {.bitmap_index = 8562, .adv_w = 195, .box_w = 11, .box_h = 19, .ofs_x = 1, .ofs_y = 0},
    {.bitmap_index = 8667, .adv_w = 195, .box_w = 11, .box_h = 19, .ofs_x = 1, .ofs_y = 0},
    {.bitmap_index = 8772, .adv_w = 195, .box_w = 11, .box_h = 19, .ofs_x = 1, .ofs_y = 0},
    {.bitmap_index = 8877, .adv_w = 195, .box_w = 11, .box_h = 18, .ofs_x = 1, .ofs_y = 0},
    {.bitmap_index = 8976, .adv_w = 87, .box_w = 4, .box_h = 19, .ofs_x = 0, .ofs_y = 0},
    {.bitmap_index = 9014, .adv_w = 87, .box_w = 5, .box_h = 19, .ofs_x = 1, .ofs_y = 0},
    {.bitmap_index = 9062, .adv_w = 87, .box_w = 7, .box_h = 19, .ofs_x = -1, .ofs_y = 0},
    {.bitmap_index = 9129, .adv_w = 87, .box_w = 7, .box_h = 18, .ofs_x = -1, .ofs_y = 0},
    {.bitmap_index = 9192, .adv_w = 234, .box_w = 14, .box_h = 14, .ofs_x = 0, .ofs_y = 0},
    {.bitmap_index = 9290, .adv_w = 244, .box_w = 13, .box_h = 19, .ofs_x = 1, .ofs_y = 0},
    {.bitmap_index = 9414, .adv_w = 243, .box_w = 15, .box_h = 19, .ofs_x = 0, .ofs_y = 0},
    {.bitmap_index = 9557, .adv_w = 243, .box_w = 15, .box_h = 19, .ofs_x = 0, .ofs_y = 0},
    {.bitmap_index = 9700, .adv_w = 243, .box_w = 15, .box_h = 19, .ofs_x = 0, .ofs_y = 0},
    {.bitmap_index = 9843, .adv_w = 243, .box_w = 15, .box_h = 19, .ofs_x = 0, .ofs_y = 0},
    {.bitmap_index = 9986, .adv_w = 243, .box_w = 15, .box_h = 19, .ofs_x = 0, .ofs_y = 0},
    {.bitmap_index = 10129, .adv_w = 173, .box_w = 10, .box_h = 10, .ofs_x = 0, .ofs_y = 1},
    {.bitmap_index = 10179, .adv_w = 243, .box_w = 15, .box_h = 16, .ofs_x = 0, .ofs_y = -1},
    {.bitmap_index = 10299, .adv_w = 222, .box_w = 12, .box_h = 19, .ofs_x = 1, .ofs_y = 0},
    {.bitmap_index = 10413, .adv_w = 222, .box_w = 12, .box_h = 19, .ofs_x = 1, .ofs_y = 0},
    {.bitmap_index = 10527, .adv_w = 222, .box_w = 12, .box_h = 19, .ofs_x = 1, .ofs_y = 0},
    {.bitmap_index = 10641, .adv_w = 222, .box_w = 12, .box_h = 19, .ofs_x = 1, .ofs_y = 0},
    {.bitmap_index = 10755, .adv_w = 189, .box_w = 12, .box_h = 19, .ofs_x = 0, .ofs_y = 0},
    {.bitmap_index = 10869, .adv_w = 206, .box_w = 12, .box_h = 14, .ofs_x = 1, .ofs_y = 0},
    {.bitmap_index = 10953, .adv_w = 188, .box_w = 10, .box_h = 14, .ofs_x = 1, .ofs_y = 0},
    {.bitmap_index = 11023, .adv_w = 163, .box_w = 9, .box_h = 14, .ofs_x = 0, .ofs_y = 0},
    {.bitmap_index = 11086, .adv_w = 163, .box_w = 9, .box_h = 14, .ofs_x = 0, .ofs_y = 0},
    {.bitmap_index = 11149, .adv_w = 163, .box_w = 9, .box_h = 14, .ofs_x = 0, .ofs_y = 0},
    {.bitmap_index = 11212, .adv_w = 163, .box_w = 9, .box_h = 14, .ofs_x = 0, .ofs_y = 0},
    {.bitmap_index = 11275, .adv_w = 163, .box_w = 9, .box_h = 14, .ofs_x = 0, .ofs_y = 0},
    {.bitmap_index = 11338, .adv_w = 163, .box_w = 9, .box_h = 14, .ofs_x = 0, .ofs_y = 0},
    {.bitmap_index = 11401, .adv_w = 274, .box_w = 17, .box_h = 10, .ofs_x = 0, .ofs_y = 0},
    {.bitmap_index = 11486, .adv_w = 171, .box_w = 10, .box_h = 14, .ofs_x = 0, .ofs_y = -4},
    {.bitmap_index = 11556, .adv_w = 172, .box_w = 10, .box_h = 14, .ofs_x = 0, .ofs_y = 0},
    {.bitmap_index = 11626, .adv_w = 172, .box_w = 10, .box_h = 14, .ofs_x = 0, .ofs_y = 0},
    {.bitmap_index = 11696, .adv_w = 172, .box_w = 10, .box_h = 14, .ofs_x = 0, .ofs_y = 0},
    {.bitmap_index = 11766, .adv_w = 172, .box_w = 10, .box_h = 14, .ofs_x = 0, .ofs_y = 0},
    {.bitmap_index = 11836, .adv_w = 75, .box_w = 5, .box_h = 14, .ofs_x = -1, .ofs_y = 0},
    {.bitmap_index = 11871, .adv_w = 75, .box_w = 5, .box_h = 14, .ofs_x = 1, .ofs_y = 0},
    {.bitmap_index = 11906, .adv_w = 75, .box_w = 7, .box_h = 14, .ofs_x = -1, .ofs_y = 0},
    {.bitmap_index = 11955, .adv_w = 75, .box_w = 7, .box_h = 14, .ofs_x = -1, .ofs_y = 0},
    {.bitmap_index = 12004, .adv_w = 180, .box_w = 11, .box_h = 15, .ofs_x = 0, .ofs_y = 0},
    {.bitmap_index = 12087, .adv_w = 177, .box_w = 9, .box_h = 14, .ofs_x = 1, .ofs_y = 0},
    {.bitmap_index = 12150, .adv_w = 179, .box_w = 11, .box_h = 14, .ofs_x = 0, .ofs_y = 0},
    {.bitmap_index = 12227, .adv_w = 179, .box_w = 11, .box_h = 14, .ofs_x = 0, .ofs_y = 0},
    {.bitmap_index = 12304, .adv_w = 179, .box_w = 11, .box_h = 14, .ofs_x = 0, .ofs_y = 0},
    {.bitmap_index = 12381, .adv_w = 179, .box_w = 11, .box_h = 14, .ofs_x = 0, .ofs_y = 0},
    {.bitmap_index = 12458, .adv_w = 179, .box_w = 11, .box_h = 14, .ofs_x = 0, .ofs_y = 0},
    {.bitmap_index = 12535, .adv_w = 190, .box_w = 10, .box_h = 10, .ofs_x = 1, .ofs_y = 1},
    {.bitmap_index = 12585, .adv_w = 179, .box_w = 11, .box_h = 12, .ofs_x = 0, .ofs_y = -1},
    {.bitmap_index = 12651, .adv_w = 175, .box_w = 9, .box_h = 14, .ofs_x = 1, .ofs_y = 0},
    {.bitmap_index = 12714, .adv_w = 175, .box_w = 9, .box_h = 14, .ofs_x = 1, .ofs_y = 0},
    {.bitmap_index = 12777, .adv_w = 175, .box_w = 9, .box_h = 14, .ofs_x = 1, .ofs_y = 0},
    {.bitmap_index = 12840, .adv_w = 175, .box_w = 9, .box_h = 14, .ofs_x = 1, .ofs_y = 0},
    {.bitmap_index = 12903, .adv_w = 154, .box_w = 10, .box_h = 18, .ofs_x = 0, .ofs_y = -4},
    {.bitmap_index = 12993, .adv_w = 187, .box_w = 10, .box_h = 18, .ofs_x = 1, .ofs_y = -4},
    {.bitmap_index = 13083, .adv_w = 154, .box_w = 10, .box_h = 18, .ofs_x = 0, .ofs_y = -4},
    {.bitmap_index = 13173, .adv_w = 180, .box_w = 9, .box_h = 3, .ofs_x = 1, .ofs_y = 4},
    {.bitmap_index = 13187, .adv_w = 268, .box_w = 15, .box_h = 3, .ofs_x = 1, .ofs_y = 4},
    {.bitmap_index = 13210, .adv_w = 73, .box_w = 3, .box_h = 6, .ofs_x = 1, .ofs_y = 9},
    {.bitmap_index = 13219, .adv_w = 71, .box_w = 3, .box_h = 6, .ofs_x = 1, .ofs_y = 8},
    {.bitmap_index = 13228, .adv_w = 130, .box_w = 6, .box_h = 6, .ofs_x = 1, .ofs_y = 9},
    {.bitmap_index = 13246, .adv_w = 127, .box_w = 6, .box_h = 6, .ofs_x = 1, .ofs_y = 8},
    {.bitmap_index = 13264, .adv_w = 232, .box_w = 13, .box_h = 3, .ofs_x = 1, .ofs_y = 0},
    {.bitmap_index = 13284, .adv_w = 96, .box_w = 5, .box_h = 10, .ofs_x = 0, .ofs_y = 0},
    {.bitmap_index = 13309, .adv_w = 93, .box_w = 4, .box_h = 10, .ofs_x = 1, .ofs_y = 0}
};

/*---------------------
 *  CHARACTER MAPPING
 *--------------------*/

static const uint16_t unicode_list_2[] = {
    0x0, 0x1, 0x5, 0x6, 0x9, 0xa, 0x13, 0x26,
    0x27
};

/*Collect the unicode lists and glyph_id offsets*/
static const lv_font_fmt_txt_cmap_t cmaps[] =
{
    {
        .range_start = 32, .range_length = 95, .glyph_id_start = 1,
        .unicode_list = NULL, .glyph_id_ofs_list = NULL, .list_length = 0, .type = LV_FONT_FMT_TXT_CMAP_FORMAT0_TINY
    },
    {
        .range_start = 160, .range_length = 96, .glyph_id_start = 96,
        .unicode_list = NULL, .glyph_id_ofs_list = NULL, .list_length = 0, .type = LV_FONT_FMT_TXT_CMAP_FORMAT0_TINY
    },
    {
        .range_start = 8211, .range_length = 40, .glyph_id_start = 192,
        .unicode_list = unicode_list_2, .glyph_id_ofs_list = NULL, .list_length = 9, .type = LV_FONT_FMT_TXT_CMAP_SPARSE_TINY
    }
};



/*--------------------
 *  ALL CUSTOM DATA
 *--------------------*/

#if LVGL_VERSION_MAJOR == 8
/*Store all the custom data of the font*/
static  lv_font_fmt_txt_glyph_cache_t cache;
#endif

#if LVGL_VERSION_MAJOR >= 8
static const lv_font_fmt_txt_dsc_t font_dsc = {
#else
static lv_font_fmt_txt_dsc_t font_dsc = {
#endif
    .glyph_bitmap = glyph_bitmap,
    .glyph_dsc = glyph_dsc,
    .cmaps = cmaps,
    .kern_dsc = NULL,
    .kern_scale = 0,
    .cmap_num = 3,
    .bpp = 4,
    .kern_classes = 0,
    .bitmap_format = 0,
#if LVGL_VERSION_MAJOR == 8
    .cache = &cache
#endif
};



/*-----------------
 *  PUBLIC FONT
 *----------------*/

/*Initialize a public general font descriptor*/
#if LVGL_VERSION_MAJOR >= 8
const lv_font_t diatype_regular_20 = {
#else
lv_font_t diatype_regular_20 = {
#endif
    .get_glyph_dsc = lv_font_get_glyph_dsc_fmt_txt,    /*Function pointer to get glyph's data*/
    .get_glyph_bitmap = lv_font_get_bitmap_fmt_txt,    /*Function pointer to get glyph's bitmap*/
    .line_height = 24,          /*The maximum line height required by the font*/
    .base_line = 5,             /*Baseline measured from the bottom of the line*/
#if !(LVGL_VERSION_MAJOR == 6 && LVGL_VERSION_MINOR == 0)
    .subpx = LV_FONT_SUBPX_NONE,
#endif
#if LV_VERSION_CHECK(7, 4, 0) || LVGL_VERSION_MAJOR >= 8
    .underline_position = -2,
    .underline_thickness = 1,
#endif
    .dsc = &font_dsc,          /*The custom font data. Will be accessed by `get_glyph_bitmap/dsc` */
#if LV_VERSION_CHECK(8, 2, 0) || LVGL_VERSION_MAJOR >= 9
    .fallback = NULL,
#endif
    .user_data = NULL,
};



#endif /*#if DIATYPE_REGULAR_20*/

