/*******************************************************************************
 * Size: 22 px
 * Bpp: 4
 * Opts: --font /Users/micahsimrose/Library/Fonts/ABCDiatypeEdu-Medium.otf --size 22 --bpp 4 -r 0x20-0x7F,0xA0-0xFF,0x2013-0x2014,0x2018-0x2019,0x201C-0x201D,0x2026,0x2039-0x203A --no-compress --format lvgl -o diatype_medium_22.c
 ******************************************************************************/

#ifdef LV_LVGL_H_INCLUDE_SIMPLE
#include "lvgl.h"
#else
#include "lvgl/lvgl.h"
#endif

#ifndef DIATYPE_MEDIUM_22
#define DIATYPE_MEDIUM_22 1
#endif

#if DIATYPE_MEDIUM_22

/*-----------------
 *    BITMAPS
 *----------------*/

/*Store the image of the glyphs*/
static LV_ATTRIBUTE_LARGE_CONST const uint8_t glyph_bitmap[] = {
    /* U+0020 " " */

    /* U+0021 "!" */
    0x6f, 0xf0, 0x6f, 0xf0, 0x6f, 0xf0, 0x6f, 0xf0,
    0x6f, 0xf0, 0x5f, 0xf0, 0x3f, 0xd0, 0x1f, 0xc0,
    0xf, 0xa0, 0xe, 0x80, 0xc, 0x60, 0x0, 0x0,
    0x7d, 0xd2, 0x8f, 0xf3, 0x8f, 0xf3,

    /* U+0022 "\"" */
    0xef, 0x53, 0xff, 0xe, 0xf5, 0x3f, 0xf0, 0xdf,
    0x42, 0xff, 0xb, 0xf2, 0xf, 0xd0, 0x9f, 0x0,
    0xeb, 0x3, 0x60, 0x5, 0x40,

    /* U+0023 "#" */
    0x0, 0x0, 0x6f, 0x70, 0x9, 0xf4, 0x0, 0x0,
    0x0, 0x8f, 0x50, 0xc, 0xf2, 0x0, 0x0, 0x0,
    0xbf, 0x30, 0xe, 0xf0, 0x0, 0x0, 0x0, 0xdf,
    0x0, 0xf, 0xd0, 0x0, 0x8, 0xff, 0xff, 0xff,
    0xff, 0xff, 0xf2, 0x6, 0xbc, 0xfe, 0xbb, 0xdf,
    0xdb, 0xb2, 0x0, 0x4, 0xf9, 0x0, 0x7f, 0x60,
    0x0, 0x0, 0x6, 0xf7, 0x0, 0x9f, 0x40, 0x0,
    0x0, 0x9, 0xf5, 0x0, 0xbf, 0x20, 0x0, 0x3f,
    0xff, 0xff, 0xff, 0xff, 0xff, 0x60, 0x2b, 0xbf,
    0xfc, 0xbc, 0xff, 0xbb, 0x50, 0x0, 0xf, 0xe0,
    0x2, 0xfb, 0x0, 0x0, 0x0, 0x1f, 0xc0, 0x4,
    0xf9, 0x0, 0x0, 0x0, 0x4f, 0xa0, 0x6, 0xf7,
    0x0, 0x0, 0x0, 0x6f, 0x80, 0x8, 0xf5, 0x0,
    0x0,

    /* U+0024 "$" */
    0x0, 0x0, 0x0, 0x75, 0x0, 0x0, 0x0, 0x0,
    0x0, 0x1f, 0xb0, 0x0, 0x0, 0x0, 0x0, 0x5,
    0xfc, 0x10, 0x0, 0x0, 0x0, 0x9f, 0xff, 0xff,
    0xb1, 0x0, 0x0, 0xcf, 0xfc, 0xff, 0xff, 0xe1,
    0x0, 0x7f, 0xe2, 0x1f, 0xb3, 0xef, 0xa0, 0xb,
    0xf8, 0x1, 0xfb, 0x8, 0xff, 0x0, 0xcf, 0x90,
    0x1f, 0xb0, 0x27, 0x70, 0x8, 0xff, 0x51, 0xfb,
    0x0, 0x0, 0x0, 0x1e, 0xff, 0xef, 0xc1, 0x0,
    0x0, 0x0, 0x2c, 0xff, 0xff, 0xfb, 0x30, 0x0,
    0x0, 0x2, 0x8f, 0xff, 0xff, 0x50, 0x0, 0x0,
    0x1, 0xfb, 0x5d, 0xff, 0x11, 0x77, 0x0, 0x1f,
    0xb0, 0x2f, 0xf5, 0x1f, 0xf3, 0x1, 0xfb, 0x0,
    0xef, 0x60, 0xdf, 0xb0, 0x1f, 0xb0, 0x2f, 0xf3,
    0x4, 0xff, 0xb4, 0xfc, 0x7e, 0xfb, 0x0, 0x6,
    0xff, 0xff, 0xff, 0xfc, 0x10, 0x0, 0x2, 0x8c,
    0xff, 0xa6, 0x0, 0x0, 0x0, 0x0, 0x1f, 0xb0,
    0x0, 0x0, 0x0, 0x0, 0x1, 0xfb, 0x0, 0x0,
    0x0,

    /* U+0025 "%" */
    0x1, 0x9e, 0xeb, 0x30, 0x0, 0x0, 0x6f, 0xc0,
    0x0, 0xcf, 0xdb, 0xff, 0x20, 0x0, 0x2f, 0xf2,
    0x0, 0x3f, 0xd0, 0x8, 0xf7, 0x0, 0xd, 0xf5,
    0x0, 0x4, 0xfa, 0x0, 0x5f, 0x90, 0x9, 0xf9,
    0x0, 0x0, 0x1f, 0xe4, 0x2c, 0xf6, 0x5, 0xfc,
    0x0, 0x0, 0x0, 0x7f, 0xff, 0xfb, 0x2, 0xff,
    0x20, 0x0, 0x0, 0x0, 0x38, 0x85, 0x0, 0xdf,
    0x50, 0x0, 0x0, 0x0, 0x0, 0x0, 0x0, 0x9f,
    0x90, 0x0, 0x0, 0x0, 0x0, 0x0, 0x0, 0x5f,
    0xd0, 0x2b, 0xee, 0x90, 0x0, 0x0, 0x0, 0x2f,
    0xf2, 0x1e, 0xfa, 0xcf, 0xb0, 0x0, 0x0, 0xc,
    0xf5, 0x7, 0xf9, 0x0, 0xdf, 0x30, 0x0, 0x9,
    0xf9, 0x0, 0x9f, 0x50, 0x9, 0xf5, 0x0, 0x5,
    0xfd, 0x0, 0x7, 0xf8, 0x0, 0xcf, 0x30, 0x1,
    0xef, 0x20, 0x0, 0x1e, 0xf7, 0x9f, 0xb0, 0x0,
    0xcf, 0x50, 0x0, 0x0, 0x2b, 0xee, 0x91, 0x0,

    /* U+0026 "&" */
    0x0, 0x1, 0x8d, 0xfe, 0x92, 0x0, 0x0, 0x0,
    0x0, 0xdf, 0xff, 0xff, 0xe1, 0x0, 0x0, 0x0,
    0x6f, 0xf5, 0x3, 0xef, 0x60, 0x0, 0x0, 0x7,
    0xfe, 0x0, 0xc, 0xf7, 0x0, 0x0, 0x0, 0x3f,
    0xf4, 0x4, 0xff, 0x20, 0x0, 0x0, 0x0, 0x8f,
    0xe8, 0xff, 0x70, 0x0, 0x0, 0x0, 0x1, 0xef,
    0xfe, 0x40, 0x0, 0x0, 0x0, 0x4, 0xef, 0xff,
    0xe1, 0x2, 0xdd, 0x30, 0x3, 0xff, 0xb1, 0xcf,
    0xd1, 0x4f, 0xf1, 0x0, 0xcf, 0xb0, 0x1, 0xdf,
    0xc8, 0xfe, 0x0, 0xf, 0xf5, 0x0, 0x2, 0xef,
    0xff, 0x70, 0x0, 0xff, 0x70, 0x0, 0x3, 0xff,
    0xf0, 0x0, 0xc, 0xff, 0x50, 0x4, 0xcf, 0xff,
    0x80, 0x0, 0x2e, 0xff, 0xff, 0xff, 0xc8, 0xff,
    0x50, 0x0, 0x18, 0xdf, 0xeb, 0x60, 0xb, 0xff,
    0x20,

    /* U+0027 "'" */
    0xef, 0x5e, 0xf5, 0xdf, 0x4b, 0xf2, 0x9f, 0x3,
    0x60,

    /* U+0028 "(" */
    0x0, 0x7, 0xfa, 0x0, 0x1f, 0xf2, 0x0, 0x8f,
    0xa0, 0x0, 0xef, 0x30, 0x4, 0xfe, 0x0, 0x8,
    0xfa, 0x0, 0xc, 0xf6, 0x0, 0xe, 0xf5, 0x0,
    0xf, 0xf3, 0x0, 0xf, 0xf3, 0x0, 0xf, 0xf4,
    0x0, 0xe, 0xf5, 0x0, 0xc, 0xf7, 0x0, 0x8,
    0xfa, 0x0, 0x4, 0xfe, 0x0, 0x0, 0xff, 0x30,
    0x0, 0x8f, 0xa0, 0x0, 0x1f, 0xf2, 0x0, 0x7,
    0xfa,

    /* U+0029 ")" */
    0x4f, 0xd0, 0x0, 0xb, 0xf7, 0x0, 0x4, 0xfe,
    0x0, 0x0, 0xdf, 0x50, 0x0, 0x8f, 0xa0, 0x0,
    0x4f, 0xe0, 0x0, 0xf, 0xf2, 0x0, 0xf, 0xf4,
    0x0, 0xd, 0xf5, 0x0, 0xc, 0xf6, 0x0, 0xd,
    0xf5, 0x0, 0xe, 0xf4, 0x0, 0xf, 0xf2, 0x0,
    0x4f, 0xe0, 0x0, 0x8f, 0xa0, 0x0, 0xdf, 0x50,
    0x3, 0xfe, 0x0, 0xb, 0xf7, 0x0, 0x4f, 0xd0,
    0x0,

    /* U+002A "*" */
    0x0, 0x75, 0x8, 0x40, 0x0, 0xbe, 0x3f, 0x60,
    0x1, 0x3f, 0xfd, 0x11, 0x3f, 0xff, 0xff, 0xfe,
    0x4, 0x5f, 0xfd, 0x44, 0x0, 0x9f, 0x5f, 0x40,
    0x0, 0x97, 0xa, 0x60, 0x0, 0x0, 0x0, 0x0,

    /* U+002B "+" */
    0x0, 0x0, 0xb, 0xb0, 0x0, 0x0, 0x0, 0x0,
    0x1f, 0xf0, 0x0, 0x0, 0x0, 0x0, 0x1f, 0xf0,
    0x0, 0x0, 0x0, 0x0, 0x1f, 0xf0, 0x0, 0x0,
    0x0, 0x0, 0x1f, 0xf0, 0x0, 0x0, 0x3f, 0xff,
    0xff, 0xff, 0xff, 0xf3, 0x3f, 0xff, 0xff, 0xff,
    0xff, 0xf3, 0x0, 0x0, 0x1f, 0xf0, 0x0, 0x0,
    0x0, 0x0, 0x1f, 0xf0, 0x0, 0x0, 0x0, 0x0,
    0x1f, 0xf0, 0x0, 0x0, 0x0, 0x0, 0x1f, 0xf0,
    0x0, 0x0,

    /* U+002C "," */
    0xae, 0xe3, 0xaf, 0xf3, 0xaf, 0xf3, 0x4, 0xf3,
    0x8, 0xf0, 0x8f, 0x80, 0x65, 0x0,

    /* U+002D "-" */
    0x12, 0x22, 0x22, 0xa, 0xff, 0xff, 0xf0, 0xaf,
    0xff, 0xff, 0x0,

    /* U+002E "." */
    0xae, 0xe3, 0xbf, 0xf3, 0xbf, 0xf3,

    /* U+002F "/" */
    0x0, 0x0, 0x0, 0xbf, 0x70, 0x0, 0x0, 0x1f,
    0xf1, 0x0, 0x0, 0x7, 0xfa, 0x0, 0x0, 0x0,
    0xef, 0x40, 0x0, 0x0, 0x4f, 0xe0, 0x0, 0x0,
    0xa, 0xf8, 0x0, 0x0, 0x1, 0xff, 0x10, 0x0,
    0x0, 0x7f, 0xb0, 0x0, 0x0, 0xd, 0xf5, 0x0,
    0x0, 0x3, 0xfe, 0x0, 0x0, 0x0, 0xaf, 0x80,
    0x0, 0x0, 0x1f, 0xf2, 0x0, 0x0, 0x6, 0xfb,
    0x0, 0x0, 0x0, 0xdf, 0x50, 0x0, 0x0, 0x3f,
    0xe0, 0x0, 0x0, 0x0,

    /* U+0030 "0" */
    0x0, 0x7, 0xdf, 0xeb, 0x40, 0x0, 0x0, 0xbf,
    0xff, 0xff, 0xf8, 0x0, 0x9, 0xff, 0x50, 0x18,
    0xff, 0x50, 0x2f, 0xf5, 0x0, 0x0, 0x9f, 0xd0,
    0x8f, 0xe0, 0x0, 0x0, 0x2f, 0xf4, 0xaf, 0xa0,
    0x0, 0x0, 0xe, 0xf6, 0xdf, 0x80, 0x0, 0x0,
    0xc, 0xf8, 0xef, 0x70, 0x0, 0x0, 0xb, 0xfa,
    0xdf, 0x80, 0x0, 0x0, 0xc, 0xf9, 0xbf, 0xa0,
    0x0, 0x0, 0xe, 0xf7, 0x8f, 0xe0, 0x0, 0x0,
    0x2f, 0xf4, 0x2f, 0xf5, 0x0, 0x0, 0x8f, 0xe0,
    0xa, 0xff, 0x50, 0x17, 0xff, 0x60, 0x1, 0xbf,
    0xff, 0xff, 0xf9, 0x0, 0x0, 0x7, 0xdf, 0xea,
    0x50, 0x0,

    /* U+0031 "1" */
    0x0, 0x0, 0xcf, 0x70, 0x0, 0x6f, 0xf7, 0x2,
    0x9f, 0xff, 0x76, 0xff, 0xde, 0xf7, 0x7f, 0xc1,
    0xef, 0x71, 0x20, 0xe, 0xf7, 0x0, 0x0, 0xef,
    0x70, 0x0, 0xe, 0xf7, 0x0, 0x0, 0xef, 0x70,
    0x0, 0xe, 0xf7, 0x0, 0x0, 0xef, 0x70, 0x0,
    0xe, 0xf7, 0x0, 0x0, 0xef, 0x70, 0x0, 0xe,
    0xf7, 0x0, 0x0, 0xef, 0x70,

    /* U+0032 "2" */
    0x0, 0x2, 0xad, 0xfd, 0xa3, 0x0, 0x0, 0x6f,
    0xff, 0xff, 0xff, 0x60, 0x3, 0xff, 0xb2, 0x2,
    0xbf, 0xf2, 0x9, 0xfe, 0x0, 0x0, 0xf, 0xf6,
    0xc, 0xfa, 0x0, 0x0, 0xd, 0xf8, 0x7, 0x74,
    0x0, 0x0, 0xf, 0xf6, 0x0, 0x0, 0x0, 0x0,
    0x9f, 0xf1, 0x0, 0x0, 0x0, 0xa, 0xff, 0x60,
    0x0, 0x0, 0x1, 0xcf, 0xf6, 0x0, 0x0, 0x0,
    0x5e, 0xfe, 0x40, 0x0, 0x0, 0x9, 0xff, 0xb1,
    0x0, 0x0, 0x0, 0xaf, 0xf6, 0x0, 0x0, 0x0,
    0x6, 0xff, 0x72, 0x22, 0x22, 0x22, 0xd, 0xff,
    0xff, 0xff, 0xff, 0xfb, 0xf, 0xff, 0xff, 0xff,
    0xff, 0xfb,

    /* U+0033 "3" */
    0x0, 0x3, 0xad, 0xfe, 0xb5, 0x0, 0x0, 0x9,
    0xff, 0xff, 0xff, 0xfa, 0x0, 0x5, 0xff, 0x91,
    0x1, 0x7f, 0xf6, 0x0, 0xbf, 0xc0, 0x0, 0x0,
    0xcf, 0xa0, 0x4, 0x42, 0x0, 0x0, 0xc, 0xf9,
    0x0, 0x0, 0x0, 0x0, 0x29, 0xff, 0x20, 0x0,
    0x0, 0x7, 0xff, 0xfa, 0x20, 0x0, 0x0, 0x0,
    0x7f, 0xff, 0xd5, 0x0, 0x0, 0x0, 0x0, 0x2,
    0x8f, 0xf5, 0x0, 0x0, 0x0, 0x0, 0x0, 0x9f,
    0xd0, 0xd, 0xd5, 0x0, 0x0, 0x5, 0xff, 0x0,
    0xdf, 0xa0, 0x0, 0x0, 0x9f, 0xd0, 0x7, 0xff,
    0x81, 0x1, 0x7f, 0xf8, 0x0, 0xa, 0xff, 0xff,
    0xff, 0xfb, 0x0, 0x0, 0x4, 0xbd, 0xfd, 0xb4,
    0x0, 0x0,

    /* U+0034 "4" */
    0x0, 0x0, 0x0, 0x6f, 0xff, 0x0, 0x0, 0x0,
    0x0, 0x2f, 0xff, 0xf0, 0x0, 0x0, 0x0, 0xc,
    0xfb, 0xff, 0x0, 0x0, 0x0, 0x8, 0xfb, 0x4f,
    0xf0, 0x0, 0x0, 0x4, 0xfe, 0x14, 0xff, 0x0,
    0x0, 0x1, 0xef, 0x50, 0x4f, 0xf0, 0x0, 0x0,
    0xbf, 0x90, 0x4, 0xff, 0x0, 0x0, 0x6f, 0xd0,
    0x0, 0x4f, 0xf0, 0x0, 0x2f, 0xf2, 0x0, 0x4,
    0xff, 0x0, 0x7, 0xff, 0xff, 0xff, 0xff, 0xff,
    0xfd, 0x7f, 0xff, 0xff, 0xff, 0xff, 0xff, 0xd0,
    0x0, 0x0, 0x0, 0x5f, 0xf1, 0x0, 0x0, 0x0,
    0x0, 0x4, 0xff, 0x0, 0x0, 0x0, 0x0, 0x0,
    0x4f, 0xf0, 0x0, 0x0, 0x0, 0x0, 0x4, 0xff,
    0x0, 0x0,

    /* U+0035 "5" */
    0x0, 0xcf, 0xff, 0xff, 0xff, 0xf0, 0x0, 0xef,
    0xff, 0xff, 0xff, 0xf0, 0x0, 0xff, 0x32, 0x22,
    0x22, 0x20, 0x3, 0xfd, 0x0, 0x0, 0x0, 0x0,
    0x5, 0xfa, 0x3b, 0xee, 0xb3, 0x0, 0x8, 0xfb,
    0xff, 0xff, 0xff, 0x60, 0xa, 0xff, 0x91, 0x2,
    0xcf, 0xf1, 0xa, 0xd9, 0x0, 0x0, 0x1e, 0xf8,
    0x0, 0x0, 0x0, 0x0, 0xa, 0xfb, 0x0, 0x0,
    0x0, 0x0, 0x8, 0xfd, 0xb, 0xb4, 0x0, 0x0,
    0xa, 0xfa, 0xd, 0xf9, 0x0, 0x0, 0x1f, 0xf7,
    0x7, 0xff, 0x71, 0x3, 0xdf, 0xe0, 0x0, 0xbf,
    0xff, 0xff, 0xfe, 0x40, 0x0, 0x5, 0xbe, 0xfc,
    0x91, 0x0,

    /* U+0036 "6" */
    0x0, 0x4, 0xbe, 0xfd, 0x92, 0x0, 0x0, 0x8f,
    0xff, 0xff, 0xff, 0x30, 0x8, 0xff, 0x71, 0x2,
    0xcf, 0xe0, 0xf, 0xf5, 0x0, 0x0, 0x3d, 0xd1,
    0x7f, 0xd0, 0x0, 0x0, 0x0, 0x0, 0xaf, 0xa0,
    0x8d, 0xfc, 0x80, 0x0, 0xcf, 0x9d, 0xff, 0xff,
    0xfe, 0x10, 0xef, 0xfe, 0x40, 0x6, 0xff, 0xa0,
    0xdf, 0xf3, 0x0, 0x0, 0x7f, 0xf0, 0xbf, 0xe0,
    0x0, 0x0, 0x2f, 0xf3, 0x9f, 0xe0, 0x0, 0x0,
    0x2f, 0xf2, 0x3f, 0xf3, 0x0, 0x0, 0x7f, 0xf0,
    0xc, 0xfd, 0x30, 0x6, 0xff, 0x70, 0x1, 0xcf,
    0xff, 0xff, 0xfa, 0x0, 0x0, 0x8, 0xdf, 0xeb,
    0x50, 0x0,

    /* U+0037 "7" */
    0x8f, 0xff, 0xff, 0xff, 0xff, 0xf3, 0x8f, 0xff,
    0xff, 0xff, 0xff, 0xf3, 0x12, 0x22, 0x22, 0x22,
    0x7f, 0xe1, 0x0, 0x0, 0x0, 0x4, 0xff, 0x30,
    0x0, 0x0, 0x0, 0x3f, 0xf5, 0x0, 0x0, 0x0,
    0x0, 0xdf, 0xa0, 0x0, 0x0, 0x0, 0x7, 0xff,
    0x20, 0x0, 0x0, 0x0, 0x1f, 0xf8, 0x0, 0x0,
    0x0, 0x0, 0x7f, 0xf2, 0x0, 0x0, 0x0, 0x0,
    0xdf, 0xc0, 0x0, 0x0, 0x0, 0x2, 0xff, 0x70,
    0x0, 0x0, 0x0, 0x7, 0xff, 0x20, 0x0, 0x0,
    0x0, 0xa, 0xff, 0x0, 0x0, 0x0, 0x0, 0xc,
    0xfe, 0x0, 0x0, 0x0, 0x0, 0xf, 0xfc, 0x0,
    0x0, 0x0,

    /* U+0038 "8" */
    0x0, 0x3a, 0xdf, 0xec, 0x60, 0x0, 0x8, 0xff,
    0xff, 0xff, 0xfc, 0x0, 0x3f, 0xf9, 0x10, 0x5,
    0xff, 0x90, 0x7f, 0xe0, 0x0, 0x0, 0x8f, 0xd0,
    0x6f, 0xe0, 0x0, 0x0, 0x9f, 0xc0, 0x1e, 0xfb,
    0x31, 0x28, 0xff, 0x40, 0x1, 0xaf, 0xff, 0xff,
    0xc4, 0x0, 0x2, 0xaf, 0xff, 0xff, 0xd5, 0x0,
    0x2e, 0xfa, 0x30, 0x17, 0xff, 0x70, 0xaf, 0xb0,
    0x0, 0x0, 0x6f, 0xf1, 0xef, 0x70, 0x0, 0x0,
    0x1f, 0xf4, 0xdf, 0xa0, 0x0, 0x0, 0x5f, 0xf2,
    0x8f, 0xf8, 0x10, 0x5, 0xef, 0xd0, 0xb, 0xff,
    0xff, 0xff, 0xfe, 0x20, 0x0, 0x5b, 0xdf, 0xec,
    0x70, 0x0,

    /* U+0039 "9" */
    0x0, 0x4, 0xbd, 0xfd, 0x91, 0x0, 0x0, 0x9,
    0xff, 0xff, 0xff, 0xd2, 0x0, 0x6, 0xff, 0x80,
    0x1, 0xaf, 0xe0, 0x0, 0xcf, 0xa0, 0x0, 0x0,
    0xdf, 0x50, 0xf, 0xf7, 0x0, 0x0, 0xa, 0xfc,
    0x0, 0xdf, 0xa0, 0x0, 0x0, 0xdf, 0xe0, 0x8,
    0xff, 0x81, 0x2, 0xaf, 0xff, 0x0, 0xc, 0xff,
    0xff, 0xff, 0x8f, 0xf1, 0x0, 0x6, 0xcf, 0xea,
    0x24, 0xff, 0x0, 0x0, 0x0, 0x0, 0x0, 0x5f,
    0xe0, 0x5, 0x74, 0x0, 0x0, 0xa, 0xfb, 0x0,
    0x9f, 0xd0, 0x0, 0x2, 0xff, 0x50, 0x4, 0xff,
    0x80, 0x3, 0xdf, 0xd0, 0x0, 0x9, 0xff, 0xff,
    0xff, 0xd1, 0x0, 0x0, 0x5, 0xbe, 0xfd, 0x80,
    0x0, 0x0,

    /* U+003A ":" */
    0xae, 0xe3, 0xbf, 0xf3, 0xbf, 0xf3, 0x0, 0x0,
    0x0, 0x0, 0x0, 0x0, 0x0, 0x0, 0xae, 0xe3,
    0xbf, 0xf3, 0xbf, 0xf3,

    /* U+003B ";" */
    0xae, 0xe3, 0xbf, 0xf3, 0xbf, 0xf3, 0x0, 0x0,
    0x0, 0x0, 0x0, 0x0, 0x0, 0x0, 0xae, 0xe3,
    0xbf, 0xf3, 0xbf, 0xf3, 0x5, 0xf2, 0x9, 0xf0,
    0x9f, 0x70, 0x75, 0x0,

    /* U+003C "<" */
    0x0, 0x0, 0x0, 0x0, 0x6, 0x60, 0x0, 0x0,
    0x2, 0x9f, 0xf8, 0x0, 0x0, 0x5b, 0xff, 0xfe,
    0x40, 0x17, 0xef, 0xff, 0xa4, 0x0, 0x3f, 0xff,
    0xd7, 0x10, 0x0, 0x4, 0xff, 0xa1, 0x0, 0x0,
    0x0, 0x2e, 0xff, 0xfa, 0x40, 0x0, 0x0, 0x5,
    0xbf, 0xff, 0xd7, 0x10, 0x0, 0x0, 0x29, 0xff,
    0xff, 0x60, 0x0, 0x0, 0x0, 0x6d, 0xf8, 0x0,
    0x0, 0x0, 0x0, 0x4, 0x40,

    /* U+003D "=" */
    0x8f, 0xff, 0xff, 0xff, 0xff, 0xd8, 0xff, 0xff,
    0xff, 0xff, 0xfd, 0x0, 0x0, 0x0, 0x0, 0x0,
    0x0, 0x0, 0x0, 0x0, 0x0, 0x0, 0x8f, 0xff,
    0xff, 0xff, 0xff, 0xd8, 0xff, 0xff, 0xff, 0xff,
    0xfd,

    /* U+003E ">" */
    0x75, 0x0, 0x0, 0x0, 0x0, 0xa, 0xfe, 0x81,
    0x0, 0x0, 0x0, 0x6e, 0xff, 0xfb, 0x40, 0x0,
    0x0, 0x5, 0xbf, 0xff, 0xd6, 0x0, 0x0, 0x0,
    0x28, 0xef, 0xff, 0x10, 0x0, 0x0, 0x1, 0xbf,
    0xf2, 0x0, 0x0, 0x5b, 0xff, 0xfd, 0x10, 0x28,
    0xef, 0xff, 0xb4, 0x0, 0x8f, 0xff, 0xe8, 0x10,
    0x0, 0xa, 0xfc, 0x50, 0x0, 0x0, 0x0, 0x53,
    0x0, 0x0, 0x0, 0x0, 0x0,

    /* U+003F "?" */
    0x0, 0x7, 0xce, 0xec, 0x50, 0x0, 0x1e, 0xff,
    0xff, 0xff, 0xa0, 0xb, 0xfe, 0x40, 0x8, 0xff,
    0x51, 0xff, 0x60, 0x0, 0xd, 0xf9, 0x4e, 0xe2,
    0x0, 0x0, 0xef, 0x90, 0x0, 0x0, 0x0, 0x6f,
    0xf3, 0x0, 0x0, 0x0, 0x8f, 0xf7, 0x0, 0x0,
    0x0, 0xaf, 0xf6, 0x0, 0x0, 0x0, 0x5f, 0xf5,
    0x0, 0x0, 0x0, 0xa, 0xfb, 0x0, 0x0, 0x0,
    0x0, 0x8b, 0x60, 0x0, 0x0, 0x0, 0x0, 0x0,
    0x0, 0x0, 0x0, 0x0, 0xcd, 0xa0, 0x0, 0x0,
    0x0, 0xf, 0xfc, 0x0, 0x0, 0x0, 0x0, 0xff,
    0xc0, 0x0, 0x0,

    /* U+0040 "@" */
    0x0, 0x0, 0x28, 0xde, 0xfd, 0xa3, 0x0, 0x0,
    0x0, 0x9, 0xff, 0xfe, 0xdf, 0xff, 0x91, 0x0,
    0x0, 0xcf, 0xe6, 0x10, 0x0, 0x4d, 0xfc, 0x0,
    0x9, 0xfc, 0x10, 0x0, 0x0, 0x0, 0xcf, 0x60,
    0x2f, 0xf2, 0x2, 0xbe, 0xc6, 0xc5, 0x2f, 0xf0,
    0x7f, 0x80, 0x2f, 0xfc, 0xdf, 0xf6, 0xc, 0xf3,
    0xbf, 0x50, 0xbf, 0x70, 0xe, 0xf4, 0x9, 0xf5,
    0xdf, 0x20, 0xef, 0x0, 0xa, 0xf3, 0x9, 0xf4,
    0xef, 0x10, 0xfe, 0x0, 0xb, 0xf1, 0xb, 0xf2,
    0xcf, 0x40, 0xef, 0x20, 0x2f, 0xf1, 0x2f, 0xd0,
    0x9f, 0x70, 0x8f, 0xea, 0xee, 0xfc, 0xef, 0x40,
    0x3f, 0xe1, 0x8, 0xee, 0x80, 0xae, 0xc4, 0x0,
    0x9, 0xfb, 0x0, 0x0, 0x0, 0x0, 0x0, 0x0,
    0x0, 0xef, 0xe5, 0x10, 0x0, 0x4c, 0x60, 0x0,
    0x0, 0x19, 0xff, 0xfe, 0xdf, 0xff, 0x90, 0x0,
    0x0, 0x0, 0x3a, 0xdf, 0xec, 0x92, 0x0, 0x0,

    /* U+0041 "A" */
    0x0, 0x0, 0x0, 0xef, 0xf5, 0x0, 0x0, 0x0,
    0x0, 0x0, 0x6, 0xff, 0xfb, 0x0, 0x0, 0x0,
    0x0, 0x0, 0xc, 0xfa, 0xff, 0x20, 0x0, 0x0,
    0x0, 0x0, 0x3f, 0xf1, 0xdf, 0x90, 0x0, 0x0,
    0x0, 0x0, 0xaf, 0xb0, 0x7f, 0xf0, 0x0, 0x0,
    0x0, 0x1, 0xff, 0x50, 0x1f, 0xf6, 0x0, 0x0,
    0x0, 0x7, 0xfe, 0x0, 0xb, 0xfd, 0x0, 0x0,
    0x0, 0xd, 0xf9, 0x0, 0x5, 0xff, 0x30, 0x0,
    0x0, 0x4f, 0xf3, 0x0, 0x1, 0xef, 0xa0, 0x0,
    0x0, 0xbf, 0xff, 0xff, 0xff, 0xff, 0xf1, 0x0,
    0x2, 0xff, 0xff, 0xff, 0xff, 0xff, 0xf7, 0x0,
    0x8, 0xff, 0x10, 0x0, 0x0, 0xc, 0xfe, 0x0,
    0xe, 0xfa, 0x0, 0x0, 0x0, 0x6, 0xff, 0x50,
    0x6f, 0xf3, 0x0, 0x0, 0x0, 0x0, 0xef, 0xb0,
    0xcf, 0xc0, 0x0, 0x0, 0x0, 0x0, 0x8f, 0xf2,

    /* U+0042 "B" */
    0x2f, 0xff, 0xff, 0xff, 0xda, 0x30, 0x2, 0xff,
    0xff, 0xff, 0xff, 0xff, 0x50, 0x2f, 0xf4, 0x0,
    0x1, 0x5e, 0xfe, 0x2, 0xff, 0x40, 0x0, 0x0,
    0x6f, 0xf1, 0x2f, 0xf4, 0x0, 0x0, 0x7, 0xff,
    0x2, 0xff, 0x40, 0x0, 0x15, 0xff, 0x70, 0x2f,
    0xff, 0xff, 0xff, 0xfd, 0x40, 0x2, 0xff, 0xff,
    0xff, 0xff, 0xfa, 0x10, 0x2f, 0xf4, 0x0, 0x1,
    0x4c, 0xfd, 0x2, 0xff, 0x40, 0x0, 0x0, 0x1f,
    0xf6, 0x2f, 0xf4, 0x0, 0x0, 0x0, 0xff, 0x82,
    0xff, 0x40, 0x0, 0x0, 0x2f, 0xf6, 0x2f, 0xf4,
    0x0, 0x12, 0x5d, 0xff, 0x22, 0xff, 0xff, 0xff,
    0xff, 0xff, 0x50, 0x2f, 0xff, 0xff, 0xfe, 0xd8,
    0x20, 0x0,

    /* U+0043 "C" */
    0x0, 0x0, 0x6, 0xbe, 0xfd, 0xb6, 0x0, 0x0,
    0x0, 0x3, 0xdf, 0xff, 0xff, 0xff, 0xd3, 0x0,
    0x0, 0x3f, 0xfe, 0x73, 0x13, 0x8f, 0xfe, 0x10,
    0x0, 0xdf, 0xd1, 0x0, 0x0, 0x4, 0xff, 0xa0,
    0x7, 0xff, 0x30, 0x0, 0x0, 0x0, 0xaf, 0xe0,
    0xd, 0xfc, 0x0, 0x0, 0x0, 0x0, 0x13, 0x30,
    0xf, 0xf9, 0x0, 0x0, 0x0, 0x0, 0x0, 0x0,
    0xf, 0xf8, 0x0, 0x0, 0x0, 0x0, 0x0, 0x0,
    0xf, 0xfa, 0x0, 0x0, 0x0, 0x0, 0x0, 0x0,
    0xd, 0xfd, 0x0, 0x0, 0x0, 0x0, 0x14, 0x40,
    0x8, 0xff, 0x40, 0x0, 0x0, 0x0, 0x8f, 0xf0,
    0x1, 0xef, 0xd2, 0x0, 0x0, 0x3, 0xff, 0xa0,
    0x0, 0x5f, 0xff, 0x73, 0x13, 0x8f, 0xfe, 0x10,
    0x0, 0x5, 0xef, 0xff, 0xff, 0xff, 0xd3, 0x0,
    0x0, 0x0, 0x18, 0xce, 0xfd, 0xb6, 0x0, 0x0,

    /* U+0044 "D" */
    0x2f, 0xff, 0xff, 0xec, 0xa6, 0x0, 0x0, 0x2,
    0xff, 0xff, 0xff, 0xff, 0xfe, 0x60, 0x0, 0x2f,
    0xf5, 0x0, 0x24, 0x8f, 0xff, 0x70, 0x2, 0xff,
    0x40, 0x0, 0x0, 0x1c, 0xff, 0x20, 0x2f, 0xf4,
    0x0, 0x0, 0x0, 0x3f, 0xf9, 0x2, 0xff, 0x40,
    0x0, 0x0, 0x0, 0xbf, 0xe0, 0x2f, 0xf4, 0x0,
    0x0, 0x0, 0x9, 0xff, 0x2, 0xff, 0x40, 0x0,
    0x0, 0x0, 0x7f, 0xf1, 0x2f, 0xf4, 0x0, 0x0,
    0x0, 0x9, 0xff, 0x2, 0xff, 0x40, 0x0, 0x0,
    0x0, 0xbf, 0xd0, 0x2f, 0xf4, 0x0, 0x0, 0x0,
    0x3f, 0xf9, 0x2, 0xff, 0x40, 0x0, 0x0, 0x1d,
    0xfe, 0x10, 0x2f, 0xf5, 0x1, 0x24, 0x8f, 0xff,
    0x50, 0x2, 0xff, 0xff, 0xff, 0xff, 0xfe, 0x40,
    0x0, 0x2f, 0xff, 0xff, 0xfe, 0xb7, 0x0, 0x0,
    0x0,

    /* U+0045 "E" */
    0x2f, 0xff, 0xff, 0xff, 0xff, 0xf3, 0x2f, 0xff,
    0xff, 0xff, 0xff, 0xf3, 0x2f, 0xf5, 0x0, 0x0,
    0x0, 0x0, 0x2f, 0xf4, 0x0, 0x0, 0x0, 0x0,
    0x2f, 0xf4, 0x0, 0x0, 0x0, 0x0, 0x2f, 0xf4,
    0x0, 0x0, 0x0, 0x0, 0x2f, 0xff, 0xff, 0xff,
    0xff, 0xd0, 0x2f, 0xff, 0xff, 0xff, 0xff, 0xd0,
    0x2f, 0xf5, 0x11, 0x11, 0x11, 0x10, 0x2f, 0xf4,
    0x0, 0x0, 0x0, 0x0, 0x2f, 0xf4, 0x0, 0x0,
    0x0, 0x0, 0x2f, 0xf4, 0x0, 0x0, 0x0, 0x0,
    0x2f, 0xf5, 0x0, 0x0, 0x0, 0x0, 0x2f, 0xff,
    0xff, 0xff, 0xff, 0xf7, 0x2f, 0xff, 0xff, 0xff,
    0xff, 0xf7,

    /* U+0046 "F" */
    0x2f, 0xff, 0xff, 0xff, 0xff, 0xf2, 0x2f, 0xff,
    0xff, 0xff, 0xff, 0xf2, 0x2f, 0xf5, 0x0, 0x0,
    0x0, 0x0, 0x2f, 0xf4, 0x0, 0x0, 0x0, 0x0,
    0x2f, 0xf4, 0x0, 0x0, 0x0, 0x0, 0x2f, 0xf4,
    0x0, 0x0, 0x0, 0x0, 0x2f, 0xff, 0xff, 0xff,
    0xff, 0xc0, 0x2f, 0xff, 0xff, 0xff, 0xff, 0xc0,
    0x2f, 0xf5, 0x0, 0x0, 0x0, 0x0, 0x2f, 0xf4,
    0x0, 0x0, 0x0, 0x0, 0x2f, 0xf4, 0x0, 0x0,
    0x0, 0x0, 0x2f, 0xf4, 0x0, 0x0, 0x0, 0x0,
    0x2f, 0xf4, 0x0, 0x0, 0x0, 0x0, 0x2f, 0xf4,
    0x0, 0x0, 0x0, 0x0, 0x2f, 0xf4, 0x0, 0x0,
    0x0, 0x0,

    /* U+0047 "G" */
    0x0, 0x0, 0x6, 0xbe, 0xfd, 0xb6, 0x0, 0x0,
    0x0, 0x3, 0xdf, 0xff, 0xff, 0xff, 0xe3, 0x0,
    0x0, 0x3f, 0xff, 0x74, 0x12, 0x7e, 0xff, 0x20,
    0x0, 0xdf, 0xd2, 0x0, 0x0, 0x2, 0xff, 0x90,
    0x7, 0xff, 0x40, 0x0, 0x0, 0x0, 0x69, 0x80,
    0xc, 0xfc, 0x0, 0x0, 0x0, 0x0, 0x0, 0x0,
    0xf, 0xfa, 0x0, 0x0, 0x0, 0x0, 0x0, 0x0,
    0xf, 0xf8, 0x0, 0x0, 0xaf, 0xff, 0xff, 0xf0,
    0xf, 0xf9, 0x0, 0x0, 0xaf, 0xff, 0xff, 0xf0,
    0xd, 0xfc, 0x0, 0x0, 0x0, 0x0, 0x3f, 0xf0,
    0x8, 0xff, 0x40, 0x0, 0x0, 0x0, 0x6f, 0xf0,
    0x0, 0xef, 0xd2, 0x0, 0x0, 0x1, 0xef, 0xf0,
    0x0, 0x5f, 0xff, 0x73, 0x12, 0x6e, 0xff, 0xf0,
    0x0, 0x4, 0xef, 0xff, 0xff, 0xff, 0x5f, 0xf0,
    0x0, 0x0, 0x18, 0xce, 0xfd, 0x92, 0xf, 0xf0,

    /* U+0048 "H" */
    0x2f, 0xf4, 0x0, 0x0, 0x0, 0x1f, 0xf5, 0x2f,
    0xf4, 0x0, 0x0, 0x0, 0x1f, 0xf5, 0x2f, 0xf4,
    0x0, 0x0, 0x0, 0x1f, 0xf5, 0x2f, 0xf4, 0x0,
    0x0, 0x0, 0x1f, 0xf5, 0x2f, 0xf4, 0x0, 0x0,
    0x0, 0x1f, 0xf5, 0x2f, 0xf4, 0x0, 0x0, 0x0,
    0x1f, 0xf5, 0x2f, 0xff, 0xff, 0xff, 0xff, 0xff,
    0xf5, 0x2f, 0xff, 0xff, 0xff, 0xff, 0xff, 0xf5,
    0x2f, 0xf5, 0x0, 0x0, 0x0, 0x2f, 0xf5, 0x2f,
    0xf4, 0x0, 0x0, 0x0, 0x1f, 0xf5, 0x2f, 0xf4,
    0x0, 0x0, 0x0, 0x1f, 0xf5, 0x2f, 0xf4, 0x0,
    0x0, 0x0, 0x1f, 0xf5, 0x2f, 0xf4, 0x0, 0x0,
    0x0, 0x1f, 0xf5, 0x2f, 0xf4, 0x0, 0x0, 0x0,
    0x1f, 0xf5, 0x2f, 0xf4, 0x0, 0x0, 0x0, 0x1f,
    0xf5,

    /* U+0049 "I" */
    0x2f, 0xf4, 0x2f, 0xf4, 0x2f, 0xf4, 0x2f, 0xf4,
    0x2f, 0xf4, 0x2f, 0xf4, 0x2f, 0xf4, 0x2f, 0xf4,
    0x2f, 0xf4, 0x2f, 0xf4, 0x2f, 0xf4, 0x2f, 0xf4,
    0x2f, 0xf4, 0x2f, 0xf4, 0x2f, 0xf4,

    /* U+004A "J" */
    0x0, 0x0, 0x0, 0x2, 0xff, 0x40, 0x0, 0x0,
    0x0, 0x2f, 0xf4, 0x0, 0x0, 0x0, 0x2, 0xff,
    0x40, 0x0, 0x0, 0x0, 0x2f, 0xf4, 0x0, 0x0,
    0x0, 0x2, 0xff, 0x40, 0x0, 0x0, 0x0, 0x2f,
    0xf4, 0x0, 0x0, 0x0, 0x2, 0xff, 0x40, 0x0,
    0x0, 0x0, 0x2f, 0xf4, 0x0, 0x0, 0x0, 0x2,
    0xff, 0x40, 0x0, 0x0, 0x0, 0x2f, 0xf4, 0x8f,
    0xe0, 0x0, 0x3, 0xff, 0x46, 0xff, 0x20, 0x0,
    0x6f, 0xf1, 0x1f, 0xfc, 0x31, 0x5e, 0xfc, 0x0,
    0x7f, 0xff, 0xff, 0xfe, 0x20, 0x0, 0x4b, 0xdf,
    0xd9, 0x10, 0x0,

    /* U+004B "K" */
    0x2f, 0xf3, 0x0, 0x0, 0x1d, 0xfe, 0x30, 0x2f,
    0xf3, 0x0, 0x1, 0xdf, 0xe3, 0x0, 0x2f, 0xf3,
    0x0, 0x1d, 0xfe, 0x30, 0x0, 0x2f, 0xf3, 0x1,
    0xdf, 0xe3, 0x0, 0x0, 0x2f, 0xf3, 0x1c, 0xfe,
    0x30, 0x0, 0x0, 0x2f, 0xf4, 0xcf, 0xe3, 0x0,
    0x0, 0x0, 0x2f, 0xfe, 0xff, 0x50, 0x0, 0x0,
    0x0, 0x2f, 0xff, 0xff, 0xd1, 0x0, 0x0, 0x0,
    0x2f, 0xff, 0x7f, 0xfc, 0x0, 0x0, 0x0, 0x2f,
    0xf5, 0x6, 0xff, 0xb0, 0x0, 0x0, 0x2f, 0xf3,
    0x0, 0x9f, 0xf9, 0x0, 0x0, 0x2f, 0xf3, 0x0,
    0xb, 0xff, 0x70, 0x0, 0x2f, 0xf3, 0x0, 0x0,
    0xcf, 0xf6, 0x0, 0x2f, 0xf3, 0x0, 0x0, 0x1e,
    0xff, 0x40, 0x2f, 0xf3, 0x0, 0x0, 0x2, 0xff,
    0xf3,

    /* U+004C "L" */
    0x2f, 0xf4, 0x0, 0x0, 0x0, 0x0, 0x2f, 0xf4,
    0x0, 0x0, 0x0, 0x0, 0x2f, 0xf4, 0x0, 0x0,
    0x0, 0x0, 0x2f, 0xf4, 0x0, 0x0, 0x0, 0x0,
    0x2f, 0xf4, 0x0, 0x0, 0x0, 0x0, 0x2f, 0xf4,
    0x0, 0x0, 0x0, 0x0, 0x2f, 0xf4, 0x0, 0x0,
    0x0, 0x0, 0x2f, 0xf4, 0x0, 0x0, 0x0, 0x0,
    0x2f, 0xf4, 0x0, 0x0, 0x0, 0x0, 0x2f, 0xf4,
    0x0, 0x0, 0x0, 0x0, 0x2f, 0xf4, 0x0, 0x0,
    0x0, 0x0, 0x2f, 0xf4, 0x0, 0x0, 0x0, 0x0,
    0x2f, 0xf5, 0x0, 0x0, 0x0, 0x0, 0x2f, 0xff,
    0xff, 0xff, 0xff, 0xf2, 0x2f, 0xff, 0xff, 0xff,
    0xff, 0xf2,

    /* U+004D "M" */
    0x2f, 0xff, 0xe0, 0x0, 0x0, 0x0, 0x0, 0xff,
    0xff, 0x2, 0xff, 0xff, 0x40, 0x0, 0x0, 0x0,
    0x6f, 0xff, 0xf0, 0x2f, 0xfe, 0xfa, 0x0, 0x0,
    0x0, 0xc, 0xfe, 0xff, 0x2, 0xff, 0x8f, 0xf1,
    0x0, 0x0, 0x2, 0xff, 0x9f, 0xf0, 0x2f, 0xf3,
    0xff, 0x60, 0x0, 0x0, 0x8f, 0xd6, 0xff, 0x2,
    0xff, 0x39, 0xfc, 0x0, 0x0, 0xd, 0xf7, 0x5f,
    0xf0, 0x2f, 0xf3, 0x3f, 0xf3, 0x0, 0x4, 0xff,
    0x15, 0xff, 0x2, 0xff, 0x30, 0xdf, 0x90, 0x0,
    0xaf, 0xb0, 0x5f, 0xf0, 0x2f, 0xf3, 0x7, 0xfe,
    0x0, 0xf, 0xf5, 0x5, 0xff, 0x2, 0xff, 0x30,
    0x1f, 0xf5, 0x6, 0xff, 0x0, 0x5f, 0xf0, 0x2f,
    0xf3, 0x0, 0xaf, 0xb0, 0xcf, 0x90, 0x5, 0xff,
    0x2, 0xff, 0x30, 0x4, 0xff, 0x3f, 0xf3, 0x0,
    0x5f, 0xf0, 0x2f, 0xf3, 0x0, 0xe, 0xfd, 0xfd,
    0x0, 0x5, 0xff, 0x2, 0xff, 0x30, 0x0, 0x8f,
    0xff, 0x70, 0x0, 0x5f, 0xf0, 0x2f, 0xf3, 0x0,
    0x2, 0xff, 0xf1, 0x0, 0x5, 0xff, 0x0,

    /* U+004E "N" */
    0x2f, 0xff, 0xc0, 0x0, 0x0, 0x4, 0xff, 0x22,
    0xff, 0xff, 0x60, 0x0, 0x0, 0x4f, 0xf2, 0x2f,
    0xfd, 0xfe, 0x10, 0x0, 0x4, 0xff, 0x22, 0xff,
    0x5f, 0xf9, 0x0, 0x0, 0x4f, 0xf2, 0x2f, 0xf4,
    0x7f, 0xf3, 0x0, 0x4, 0xff, 0x22, 0xff, 0x40,
    0xdf, 0xc0, 0x0, 0x4f, 0xf2, 0x2f, 0xf4, 0x3,
    0xff, 0x60, 0x4, 0xff, 0x22, 0xff, 0x40, 0xa,
    0xfe, 0x10, 0x4f, 0xf2, 0x2f, 0xf4, 0x0, 0x1f,
    0xf9, 0x4, 0xff, 0x22, 0xff, 0x40, 0x0, 0x7f,
    0xf3, 0x4f, 0xf2, 0x2f, 0xf4, 0x0, 0x0, 0xdf,
    0xc4, 0xff, 0x22, 0xff, 0x40, 0x0, 0x3, 0xff,
    0xaf, 0xf2, 0x2f, 0xf4, 0x0, 0x0, 0xa, 0xff,
    0xff, 0x22, 0xff, 0x40, 0x0, 0x0, 0x1f, 0xff,
    0xf2, 0x2f, 0xf4, 0x0, 0x0, 0x0, 0x7f, 0xff,
    0x20,

    /* U+004F "O" */
    0x0, 0x0, 0x7, 0xce, 0xfe, 0xa5, 0x0, 0x0,
    0x0, 0x3, 0xdf, 0xff, 0xff, 0xff, 0xb1, 0x0,
    0x0, 0x3f, 0xfe, 0x73, 0x14, 0x9f, 0xfe, 0x10,
    0x0, 0xdf, 0xd1, 0x0, 0x0, 0x4, 0xff, 0xa0,
    0x7, 0xff, 0x40, 0x0, 0x0, 0x0, 0x8f, 0xf3,
    0xc, 0xfc, 0x0, 0x0, 0x0, 0x0, 0xf, 0xf8,
    0xf, 0xf9, 0x0, 0x0, 0x0, 0x0, 0xe, 0xfb,
    0xf, 0xf8, 0x0, 0x0, 0x0, 0x0, 0xc, 0xfc,
    0xf, 0xf9, 0x0, 0x0, 0x0, 0x0, 0xd, 0xfb,
    0xc, 0xfc, 0x0, 0x0, 0x0, 0x0, 0xf, 0xf9,
    0x8, 0xff, 0x30, 0x0, 0x0, 0x0, 0x7f, 0xf4,
    0x0, 0xdf, 0xd1, 0x0, 0x0, 0x3, 0xff, 0xa0,
    0x0, 0x4f, 0xfe, 0x63, 0x13, 0x8f, 0xfe, 0x10,
    0x0, 0x4, 0xdf, 0xff, 0xff, 0xff, 0xb2, 0x0,
    0x0, 0x0, 0x7, 0xce, 0xfe, 0xb5, 0x0, 0x0,

    /* U+0050 "P" */
    0x2f, 0xff, 0xff, 0xff, 0xd9, 0x20, 0x2, 0xff,
    0xff, 0xff, 0xff, 0xff, 0x50, 0x2f, 0xf5, 0x0,
    0x1, 0x4d, 0xff, 0x12, 0xff, 0x40, 0x0, 0x0,
    0x3f, 0xf5, 0x2f, 0xf4, 0x0, 0x0, 0x0, 0xff,
    0x72, 0xff, 0x40, 0x0, 0x0, 0x3f, 0xf5, 0x2f,
    0xf5, 0x0, 0x1, 0x4d, 0xff, 0x12, 0xff, 0xff,
    0xff, 0xff, 0xff, 0x50, 0x2f, 0xff, 0xff, 0xff,
    0xda, 0x30, 0x2, 0xff, 0x40, 0x0, 0x0, 0x0,
    0x0, 0x2f, 0xf4, 0x0, 0x0, 0x0, 0x0, 0x2,
    0xff, 0x40, 0x0, 0x0, 0x0, 0x0, 0x2f, 0xf4,
    0x0, 0x0, 0x0, 0x0, 0x2, 0xff, 0x40, 0x0,
    0x0, 0x0, 0x0, 0x2f, 0xf4, 0x0, 0x0, 0x0,
    0x0, 0x0,

    /* U+0051 "Q" */
    0x0, 0x0, 0x7, 0xce, 0xfe, 0xb5, 0x0, 0x0,
    0x0, 0x3, 0xdf, 0xff, 0xff, 0xff, 0xb1, 0x0,
    0x0, 0x3f, 0xfe, 0x73, 0x14, 0x9f, 0xfe, 0x10,
    0x0, 0xdf, 0xd1, 0x0, 0x0, 0x4, 0xff, 0xa0,
    0x7, 0xff, 0x40, 0x0, 0x0, 0x0, 0x8f, 0xf3,
    0xc, 0xfc, 0x0, 0x0, 0x0, 0x0, 0xf, 0xf9,
    0xf, 0xf9, 0x0, 0x0, 0x0, 0x0, 0xe, 0xfb,
    0xf, 0xf8, 0x0, 0x0, 0x0, 0x0, 0xc, 0xfc,
    0xf, 0xf9, 0x0, 0x0, 0x0, 0x0, 0xd, 0xfb,
    0xc, 0xfc, 0x0, 0x0, 0x1, 0x20, 0xf, 0xf8,
    0x8, 0xff, 0x30, 0x0, 0x3e, 0xe2, 0x7f, 0xf3,
    0x0, 0xdf, 0xd1, 0x0, 0xb, 0xfe, 0xff, 0x90,
    0x0, 0x4f, 0xfe, 0x63, 0x14, 0xff, 0xfd, 0x0,
    0x0, 0x4, 0xdf, 0xff, 0xff, 0xff, 0xfd, 0x10,
    0x0, 0x0, 0x7, 0xce, 0xfe, 0xb5, 0xdf, 0xc0,
    0x0, 0x0, 0x0, 0x0, 0x0, 0x0, 0x2d, 0x30,
    0x0, 0x0, 0x0, 0x0, 0x0, 0x0, 0x0, 0x0,

    /* U+0052 "R" */
    0x2f, 0xff, 0xff, 0xff, 0xeb, 0x50, 0x2, 0xff,
    0xff, 0xff, 0xff, 0xff, 0x80, 0x2f, 0xf5, 0x0,
    0x1, 0x4d, 0xff, 0x22, 0xff, 0x40, 0x0, 0x0,
    0x3f, 0xf5, 0x2f, 0xf4, 0x0, 0x0, 0x3, 0xff,
    0x32, 0xff, 0x40, 0x0, 0x3, 0xdf, 0xb0, 0x2f,
    0xff, 0xff, 0xff, 0xff, 0x80, 0x2, 0xff, 0xff,
    0xff, 0xff, 0xf9, 0x0, 0x2f, 0xf5, 0x11, 0x12,
    0x7f, 0xf9, 0x2, 0xff, 0x40, 0x0, 0x0, 0x9f,
    0xf0, 0x2f, 0xf4, 0x0, 0x0, 0x6, 0xff, 0x12,
    0xff, 0x40, 0x0, 0x0, 0x5f, 0xf2, 0x2f, 0xf4,
    0x0, 0x0, 0x5, 0xff, 0x22, 0xff, 0x40, 0x0,
    0x0, 0x5f, 0xf2, 0x2f, 0xf4, 0x0, 0x0, 0x5,
    0xff, 0x20,

    /* U+0053 "S" */
    0x0, 0x2, 0x9c, 0xef, 0xc9, 0x20, 0x0, 0x0,
    0x6f, 0xff, 0xff, 0xff, 0xf7, 0x0, 0x4, 0xff,
    0xc4, 0x11, 0x4c, 0xff, 0x50, 0x9, 0xfe, 0x0,
    0x0, 0x0, 0xdf, 0xb0, 0xa, 0xfd, 0x0, 0x0,
    0x0, 0x59, 0x90, 0x6, 0xff, 0x91, 0x0, 0x0,
    0x0, 0x0, 0x0, 0xaf, 0xff, 0xda, 0x73, 0x0,
    0x0, 0x0, 0x5, 0xcf, 0xff, 0xff, 0xe6, 0x0,
    0x0, 0x0, 0x0, 0x37, 0xaf, 0xff, 0x80, 0x2,
    0x20, 0x0, 0x0, 0x1, 0xbf, 0xf1, 0x2f, 0xf6,
    0x0, 0x0, 0x0, 0x4f, 0xf4, 0xe, 0xfd, 0x10,
    0x0, 0x0, 0x7f, 0xf1, 0x5, 0xff, 0xd5, 0x20,
    0x27, 0xff, 0xb0, 0x0, 0x7f, 0xff, 0xff, 0xff,
    0xfc, 0x10, 0x0, 0x1, 0x9c, 0xef, 0xdb, 0x50,
    0x0,

    /* U+0054 "T" */
    0xdf, 0xff, 0xff, 0xff, 0xff, 0xff, 0xf0, 0xdf,
    0xff, 0xff, 0xff, 0xff, 0xff, 0xf0, 0x0, 0x0,
    0x9, 0xfd, 0x0, 0x0, 0x0, 0x0, 0x0, 0x9,
    0xfd, 0x0, 0x0, 0x0, 0x0, 0x0, 0x9, 0xfd,
    0x0, 0x0, 0x0, 0x0, 0x0, 0x9, 0xfd, 0x0,
    0x0, 0x0, 0x0, 0x0, 0x9, 0xfd, 0x0, 0x0,
    0x0, 0x0, 0x0, 0x9, 0xfd, 0x0, 0x0, 0x0,
    0x0, 0x0, 0x9, 0xfd, 0x0, 0x0, 0x0, 0x0,
    0x0, 0x9, 0xfd, 0x0, 0x0, 0x0, 0x0, 0x0,
    0x9, 0xfd, 0x0, 0x0, 0x0, 0x0, 0x0, 0x9,
    0xfd, 0x0, 0x0, 0x0, 0x0, 0x0, 0x9, 0xfd,
    0x0, 0x0, 0x0, 0x0, 0x0, 0x9, 0xfd, 0x0,
    0x0, 0x0, 0x0, 0x0, 0x9, 0xfd, 0x0, 0x0,
    0x0,

    /* U+0055 "U" */
    0x4f, 0xf2, 0x0, 0x0, 0x0, 0xaf, 0xb4, 0xff,
    0x20, 0x0, 0x0, 0xa, 0xfb, 0x4f, 0xf2, 0x0,
    0x0, 0x0, 0xaf, 0xb4, 0xff, 0x20, 0x0, 0x0,
    0xa, 0xfb, 0x4f, 0xf2, 0x0, 0x0, 0x0, 0xaf,
    0xb4, 0xff, 0x20, 0x0, 0x0, 0xa, 0xfb, 0x4f,
    0xf2, 0x0, 0x0, 0x0, 0xaf, 0xb4, 0xff, 0x20,
    0x0, 0x0, 0xa, 0xfb, 0x4f, 0xf2, 0x0, 0x0,
    0x0, 0xbf, 0xb3, 0xff, 0x30, 0x0, 0x0, 0xc,
    0xfa, 0x1f, 0xf6, 0x0, 0x0, 0x0, 0xef, 0x80,
    0xef, 0xd0, 0x0, 0x0, 0x6f, 0xf5, 0x5, 0xff,
    0xc3, 0x12, 0x7f, 0xfc, 0x0, 0x9, 0xff, 0xff,
    0xff, 0xfd, 0x20, 0x0, 0x3, 0xad, 0xfe, 0xb7,
    0x0, 0x0,

    /* U+0056 "V" */
    0xbf, 0xf0, 0x0, 0x0, 0x0, 0x0, 0xef, 0xb5,
    0xff, 0x50, 0x0, 0x0, 0x0, 0x4f, 0xf4, 0xe,
    0xfb, 0x0, 0x0, 0x0, 0xa, 0xfe, 0x0, 0x8f,
    0xf1, 0x0, 0x0, 0x1, 0xff, 0x80, 0x2, 0xff,
    0x70, 0x0, 0x0, 0x6f, 0xf1, 0x0, 0xc, 0xfd,
    0x0, 0x0, 0xc, 0xfb, 0x0, 0x0, 0x5f, 0xf3,
    0x0, 0x2, 0xff, 0x50, 0x0, 0x0, 0xff, 0x90,
    0x0, 0x8f, 0xe0, 0x0, 0x0, 0x9, 0xfe, 0x0,
    0xe, 0xf8, 0x0, 0x0, 0x0, 0x3f, 0xf5, 0x4,
    0xff, 0x20, 0x0, 0x0, 0x0, 0xdf, 0xa0, 0xaf,
    0xb0, 0x0, 0x0, 0x0, 0x6, 0xff, 0x1f, 0xf5,
    0x0, 0x0, 0x0, 0x0, 0x1f, 0xfc, 0xfe, 0x0,
    0x0, 0x0, 0x0, 0x0, 0xaf, 0xff, 0x80, 0x0,
    0x0, 0x0, 0x0, 0x4, 0xff, 0xf2, 0x0, 0x0,
    0x0,

    /* U+0057 "W" */
    0x9f, 0xf0, 0x0, 0x0, 0xb, 0xff, 0xe0, 0x0,
    0x0, 0xe, 0xf9, 0x5f, 0xf4, 0x0, 0x0, 0xf,
    0xff, 0xf2, 0x0, 0x0, 0x2f, 0xf5, 0x1f, 0xf8,
    0x0, 0x0, 0x3f, 0xfc, 0xf6, 0x0, 0x0, 0x6f,
    0xf1, 0xc, 0xfc, 0x0, 0x0, 0x8f, 0xb8, 0xfa,
    0x0, 0x0, 0xaf, 0xc0, 0x8, 0xff, 0x10, 0x0,
    0xcf, 0x74, 0xfe, 0x0, 0x0, 0xef, 0x70, 0x3,
    0xff, 0x50, 0x0, 0xff, 0x30, 0xff, 0x20, 0x3,
    0xff, 0x30, 0x0, 0xff, 0x90, 0x5, 0xfe, 0x0,
    0xcf, 0x60, 0x7, 0xff, 0x0, 0x0, 0xaf, 0xd0,
    0x9, 0xfa, 0x0, 0x8f, 0xa0, 0xb, 0xfa, 0x0,
    0x0, 0x6f, 0xf1, 0xd, 0xf6, 0x0, 0x4f, 0xe0,
    0xf, 0xf6, 0x0, 0x0, 0x2f, 0xf5, 0x2f, 0xf1,
    0x0, 0xf, 0xf3, 0x4f, 0xf2, 0x0, 0x0, 0xd,
    0xf9, 0x6f, 0xd0, 0x0, 0xc, 0xf7, 0x8f, 0xd0,
    0x0, 0x0, 0x9, 0xfd, 0xaf, 0x90, 0x0, 0x7,
    0xfb, 0xcf, 0x90, 0x0, 0x0, 0x4, 0xff, 0xef,
    0x40, 0x0, 0x3, 0xff, 0xff, 0x40, 0x0, 0x0,
    0x0, 0xff, 0xff, 0x0, 0x0, 0x0, 0xff, 0xff,
    0x0, 0x0, 0x0, 0x0, 0xcf, 0xfb, 0x0, 0x0,
    0x0, 0xbf, 0xfc, 0x0, 0x0,

    /* U+0058 "X" */
    0x3, 0xff, 0xb0, 0x0, 0x0, 0x8, 0xff, 0x50,
    0x0, 0x7f, 0xf6, 0x0, 0x0, 0x3f, 0xf9, 0x0,
    0x0, 0xb, 0xff, 0x20, 0x0, 0xdf, 0xd0, 0x0,
    0x0, 0x1, 0xef, 0xc0, 0x8, 0xff, 0x20, 0x0,
    0x0, 0x0, 0x4f, 0xf7, 0x3f, 0xf6, 0x0, 0x0,
    0x0, 0x0, 0x9, 0xff, 0xef, 0xa0, 0x0, 0x0,
    0x0, 0x0, 0x0, 0xcf, 0xfe, 0x10, 0x0, 0x0,
    0x0, 0x0, 0x0, 0x9f, 0xfb, 0x0, 0x0, 0x0,
    0x0, 0x0, 0x5, 0xff, 0xff, 0x70, 0x0, 0x0,
    0x0, 0x0, 0x1e, 0xf9, 0x8f, 0xf3, 0x0, 0x0,
    0x0, 0x0, 0xcf, 0xd0, 0xd, 0xfd, 0x0, 0x0,
    0x0, 0x8, 0xff, 0x30, 0x2, 0xff, 0xa0, 0x0,
    0x0, 0x4f, 0xf8, 0x0, 0x0, 0x7f, 0xf6, 0x0,
    0x1, 0xef, 0xc0, 0x0, 0x0, 0xc, 0xff, 0x20,
    0xb, 0xff, 0x20, 0x0, 0x0, 0x2, 0xff, 0xd0,

    /* U+0059 "Y" */
    0x9f, 0xf3, 0x0, 0x0, 0x0, 0x5f, 0xf5, 0xe,
    0xfc, 0x0, 0x0, 0x1, 0xef, 0xb0, 0x5, 0xff,
    0x60, 0x0, 0x9, 0xff, 0x20, 0x0, 0xbf, 0xe1,
    0x0, 0x3f, 0xf7, 0x0, 0x0, 0x1f, 0xf9, 0x0,
    0xcf, 0xc0, 0x0, 0x0, 0x6, 0xff, 0x36, 0xff,
    0x20, 0x0, 0x0, 0x0, 0xcf, 0xce, 0xf8, 0x0,
    0x0, 0x0, 0x0, 0x2f, 0xff, 0xd0, 0x0, 0x0,
    0x0, 0x0, 0x8, 0xff, 0x40, 0x0, 0x0, 0x0,
    0x0, 0x5, 0xff, 0x10, 0x0, 0x0, 0x0, 0x0,
    0x5, 0xff, 0x10, 0x0, 0x0, 0x0, 0x0, 0x5,
    0xff, 0x10, 0x0, 0x0, 0x0, 0x0, 0x5, 0xff,
    0x10, 0x0, 0x0, 0x0, 0x0, 0x5, 0xff, 0x10,
    0x0, 0x0, 0x0, 0x0, 0x5, 0xff, 0x10, 0x0,
    0x0,

    /* U+005A "Z" */
    0xe, 0xff, 0xff, 0xff, 0xff, 0xff, 0x70, 0xef,
    0xff, 0xff, 0xff, 0xff, 0xf7, 0x0, 0x0, 0x0,
    0x0, 0x1c, 0xff, 0x20, 0x0, 0x0, 0x0, 0x9,
    0xff, 0x40, 0x0, 0x0, 0x0, 0x7, 0xff, 0x70,
    0x0, 0x0, 0x0, 0x4, 0xff, 0xa0, 0x0, 0x0,
    0x0, 0x2, 0xff, 0xc0, 0x0, 0x0, 0x0, 0x1,
    0xdf, 0xe1, 0x0, 0x0, 0x0, 0x0, 0xbf, 0xf3,
    0x0, 0x0, 0x0, 0x0, 0x9f, 0xf5, 0x0, 0x0,
    0x0, 0x0, 0x6f, 0xf7, 0x0, 0x0, 0x0, 0x0,
    0x4f, 0xfa, 0x0, 0x0, 0x0, 0x0, 0x1e, 0xfc,
    0x10, 0x0, 0x0, 0x0, 0x4, 0xff, 0xff, 0xff,
    0xff, 0xff, 0xfc, 0x4f, 0xff, 0xff, 0xff, 0xff,
    0xff, 0xc0,

    /* U+005B "[" */
    0x4f, 0xff, 0xf2, 0x4f, 0xfb, 0xb1, 0x4f, 0xe0,
    0x0, 0x4f, 0xe0, 0x0, 0x4f, 0xe0, 0x0, 0x4f,
    0xe0, 0x0, 0x4f, 0xe0, 0x0, 0x4f, 0xe0, 0x0,
    0x4f, 0xe0, 0x0, 0x4f, 0xe0, 0x0, 0x4f, 0xe0,
    0x0, 0x4f, 0xe0, 0x0, 0x4f, 0xe0, 0x0, 0x4f,
    0xe0, 0x0, 0x4f, 0xe0, 0x0, 0x4f, 0xe0, 0x0,
    0x4f, 0xe0, 0x0, 0x4f, 0xfb, 0xb1, 0x4f, 0xff,
    0xf2,

    /* U+005C "\\" */
    0x3f, 0xf0, 0x0, 0x0, 0x0, 0xdf, 0x60, 0x0,
    0x0, 0x6, 0xfc, 0x0, 0x0, 0x0, 0x1f, 0xf2,
    0x0, 0x0, 0x0, 0xaf, 0x90, 0x0, 0x0, 0x3,
    0xfe, 0x0, 0x0, 0x0, 0xd, 0xf5, 0x0, 0x0,
    0x0, 0x7f, 0xc0, 0x0, 0x0, 0x1, 0xff, 0x20,
    0x0, 0x0, 0xa, 0xf8, 0x0, 0x0, 0x0, 0x4f,
    0xe0, 0x0, 0x0, 0x0, 0xef, 0x50, 0x0, 0x0,
    0x7, 0xfb, 0x0, 0x0, 0x0, 0x1f, 0xf2, 0x0,
    0x0, 0x0, 0xbf, 0x80,

    /* U+005D "]" */
    0x7f, 0xff, 0xe5, 0xbc, 0xfe, 0x0, 0x4f, 0xe0,
    0x4, 0xfe, 0x0, 0x4f, 0xe0, 0x4, 0xfe, 0x0,
    0x4f, 0xe0, 0x4, 0xfe, 0x0, 0x4f, 0xe0, 0x4,
    0xfe, 0x0, 0x4f, 0xe0, 0x4, 0xfe, 0x0, 0x4f,
    0xe0, 0x4, 0xfe, 0x0, 0x4f, 0xe0, 0x4, 0xfe,
    0x0, 0x4f, 0xe5, 0xbc, 0xfe, 0x7f, 0xff, 0xe0,

    /* U+005E "^" */
    0x0, 0x0, 0xef, 0xc0, 0x0, 0x0, 0x0, 0x5f,
    0xff, 0x30, 0x0, 0x0, 0xc, 0xfc, 0xfa, 0x0,
    0x0, 0x3, 0xfe, 0x2f, 0xf2, 0x0, 0x0, 0xbf,
    0x90, 0xbf, 0x80, 0x0, 0x2f, 0xf2, 0x5, 0xff,
    0x0, 0x9, 0xfb, 0x0, 0xe, 0xf7, 0x1, 0xff,
    0x50, 0x0, 0x8f, 0xe0,

    /* U+005F "_" */
    0x0, 0x0, 0x0, 0x0, 0x0, 0xf, 0xff, 0xff,
    0xff, 0xff, 0xfe, 0xff, 0xff, 0xff, 0xff, 0xff,
    0xe0,

    /* U+0060 "`" */
    0x0, 0x0, 0x8, 0xff, 0x20, 0xc, 0xfa, 0x0,
    0x1e, 0xf2,

    /* U+0061 "a" */
    0x0, 0x8, 0xdf, 0xda, 0x20, 0x0, 0xd, 0xff,
    0xce, 0xff, 0x20, 0x8, 0xfe, 0x10, 0x8, 0xfb,
    0x0, 0x7a, 0x60, 0x0, 0x5f, 0xe0, 0x0, 0x2,
    0x68, 0xbf, 0xff, 0x0, 0x1b, 0xff, 0xfd, 0xaf,
    0xf0, 0xb, 0xfe, 0x61, 0x2, 0xff, 0x0, 0xff,
    0x50, 0x0, 0x5f, 0xf0, 0xf, 0xf8, 0x0, 0x2d,
    0xff, 0x0, 0x8f, 0xfe, 0xcf, 0xbf, 0xf0, 0x0,
    0x6d, 0xfc, 0x81, 0xff, 0x0,

    /* U+0062 "b" */
    0x7f, 0xc0, 0x0, 0x0, 0x0, 0x0, 0x7f, 0xc0,
    0x0, 0x0, 0x0, 0x0, 0x7f, 0xc0, 0x0, 0x0,
    0x0, 0x0, 0x7f, 0xc0, 0x0, 0x0, 0x0, 0x0,
    0x7f, 0xc1, 0xae, 0xeb, 0x50, 0x0, 0x7f, 0xdd,
    0xfd, 0xff, 0xf9, 0x0, 0x7f, 0xfc, 0x10, 0x8,
    0xff, 0x40, 0x7f, 0xf2, 0x0, 0x0, 0xcf, 0xb0,
    0x7f, 0xc0, 0x0, 0x0, 0x6f, 0xe0, 0x7f, 0xb0,
    0x0, 0x0, 0x5f, 0xf0, 0x7f, 0xc0, 0x0, 0x0,
    0x6f, 0xe0, 0x7f, 0xf2, 0x0, 0x0, 0xcf, 0xc0,
    0x7f, 0xfc, 0x10, 0x8, 0xff, 0x40, 0x7f, 0xdd,
    0xfd, 0xef, 0xfa, 0x0, 0x7f, 0xc1, 0xae, 0xeb,
    0x50, 0x0,

    /* U+0063 "c" */
    0x0, 0x3, 0xad, 0xfc, 0x81, 0x0, 0x0, 0x7f,
    0xff, 0xdf, 0xfe, 0x10, 0x4, 0xff, 0x70, 0x2,
    0xdf, 0xa0, 0xc, 0xfa, 0x0, 0x0, 0x5f, 0xf0,
    0xf, 0xf5, 0x0, 0x0, 0x0, 0x0, 0x1f, 0xf3,
    0x0, 0x0, 0x0, 0x0, 0xf, 0xf5, 0x0, 0x0,
    0x0, 0x0, 0xc, 0xfa, 0x0, 0x0, 0x3f, 0xf1,
    0x5, 0xff, 0x60, 0x1, 0xcf, 0xb0, 0x0, 0x9f,
    0xfe, 0xdf, 0xfe, 0x20, 0x0, 0x4, 0xbe, 0xfd,
    0x81, 0x0,

    /* U+0064 "d" */
    0x0, 0x0, 0x0, 0x0, 0xd, 0xf6, 0x0, 0x0,
    0x0, 0x0, 0xd, 0xf6, 0x0, 0x0, 0x0, 0x0,
    0xd, 0xf6, 0x0, 0x0, 0x0, 0x0, 0xd, 0xf6,
    0x0, 0x5, 0xbe, 0xe9, 0x1d, 0xf6, 0x0, 0x9f,
    0xff, 0xdf, 0xce, 0xf6, 0x5, 0xff, 0x70, 0x2,
    0xdf, 0xf6, 0xc, 0xfb, 0x0, 0x0, 0x3f, 0xf6,
    0xf, 0xf5, 0x0, 0x0, 0xe, 0xf6, 0x1f, 0xf4,
    0x0, 0x0, 0xc, 0xf6, 0xf, 0xf5, 0x0, 0x0,
    0xe, 0xf6, 0xd, 0xfa, 0x0, 0x0, 0x3f, 0xf6,
    0x6, 0xff, 0x70, 0x2, 0xdf, 0xf6, 0x0, 0xbf,
    0xfe, 0xdf, 0xce, 0xf6, 0x0, 0x6, 0xcf, 0xe9,
    0x1d, 0xf6,

    /* U+0065 "e" */
    0x0, 0x4, 0xbe, 0xeb, 0x60, 0x0, 0x0, 0x8f,
    0xfd, 0xdf, 0xfa, 0x0, 0x4, 0xff, 0x30, 0x2,
    0xef, 0x50, 0xc, 0xf7, 0x0, 0x0, 0x7f, 0xc0,
    0xf, 0xfb, 0x99, 0x99, 0xbf, 0xf0, 0x1f, 0xff,
    0xff, 0xff, 0xff, 0xf1, 0xf, 0xf4, 0x0, 0x0,
    0x0, 0x0, 0xc, 0xf8, 0x0, 0x0, 0x4a, 0x90,
    0x5, 0xff, 0x50, 0x2, 0xdf, 0xa0, 0x0, 0xaf,
    0xfe, 0xdf, 0xfe, 0x10, 0x0, 0x5, 0xbe, 0xfc,
    0x80, 0x0,

    /* U+0066 "f" */
    0x0, 0x5, 0xcf, 0xd0, 0x3, 0xff, 0xfe, 0x0,
    0x8f, 0xe2, 0x0, 0x8, 0xfb, 0x0, 0x9f, 0xff,
    0xff, 0xf8, 0xde, 0xff, 0xdc, 0x0, 0x8f, 0xb0,
    0x0, 0x8, 0xfb, 0x0, 0x0, 0x8f, 0xb0, 0x0,
    0x8, 0xfb, 0x0, 0x0, 0x8f, 0xb0, 0x0, 0x8,
    0xfb, 0x0, 0x0, 0x8f, 0xb0, 0x0, 0x8, 0xfb,
    0x0, 0x0, 0x8f, 0xb0, 0x0,

    /* U+0067 "g" */
    0x0, 0x5, 0xbf, 0xe9, 0xe, 0xf5, 0x0, 0x9f,
    0xff, 0xdf, 0xce, 0xf5, 0x4, 0xff, 0x70, 0x3,
    0xef, 0xf5, 0xc, 0xfb, 0x0, 0x0, 0x4f, 0xf5,
    0xf, 0xf6, 0x0, 0x0, 0xe, 0xf5, 0x1f, 0xf4,
    0x0, 0x0, 0xd, 0xf5, 0xf, 0xf5, 0x0, 0x0,
    0xe, 0xf5, 0xd, 0xfb, 0x0, 0x0, 0x4f, 0xf5,
    0x6, 0xff, 0x70, 0x2, 0xdf, 0xf5, 0x0, 0xbf,
    0xff, 0xdf, 0xcf, 0xf5, 0x0, 0x6, 0xcf, 0xc8,
    0xe, 0xf5, 0x0, 0x0, 0x0, 0x0, 0xf, 0xf3,
    0x8, 0xea, 0x0, 0x0, 0x2f, 0xf1, 0x5, 0xff,
    0x40, 0x1, 0xbf, 0xa0, 0x0, 0xbf, 0xfe, 0xdf,
    0xfe, 0x10, 0x0, 0x6, 0xce, 0xfc, 0x80, 0x0,

    /* U+0068 "h" */
    0x7f, 0xc0, 0x0, 0x0, 0x0, 0x7f, 0xc0, 0x0,
    0x0, 0x0, 0x7f, 0xc0, 0x0, 0x0, 0x0, 0x7f,
    0xc0, 0x0, 0x0, 0x0, 0x7f, 0xc1, 0xae, 0xeb,
    0x20, 0x7f, 0xdd, 0xfd, 0xff, 0xf1, 0x7f, 0xfa,
    0x0, 0x2e, 0xf9, 0x7f, 0xf1, 0x0, 0x9, 0xfc,
    0x7f, 0xd0, 0x0, 0x7, 0xfd, 0x7f, 0xc0, 0x0,
    0x6, 0xfd, 0x7f, 0xc0, 0x0, 0x6, 0xfd, 0x7f,
    0xc0, 0x0, 0x6, 0xfd, 0x7f, 0xc0, 0x0, 0x6,
    0xfd, 0x7f, 0xc0, 0x0, 0x6, 0xfd, 0x7f, 0xc0,
    0x0, 0x6, 0xfd,

    /* U+0069 "i" */
    0x9f, 0xe9, 0xfe, 0x48, 0x70, 0x0, 0x7f, 0xc7,
    0xfc, 0x7f, 0xc7, 0xfc, 0x7f, 0xc7, 0xfc, 0x7f,
    0xc7, 0xfc, 0x7f, 0xc7, 0xfc, 0x7f, 0xc0,

    /* U+006A "j" */
    0x0, 0x8f, 0xf0, 0x8, 0xff, 0x0, 0x48, 0x70,
    0x0, 0x0, 0x0, 0x6f, 0xd0, 0x6, 0xfd, 0x0,
    0x6f, 0xd0, 0x6, 0xfd, 0x0, 0x6f, 0xd0, 0x6,
    0xfd, 0x0, 0x6f, 0xd0, 0x6, 0xfd, 0x0, 0x6f,
    0xd0, 0x6, 0xfd, 0x0, 0x6f, 0xd0, 0x6, 0xfd,
    0x0, 0x7f, 0xd0, 0x1c, 0xfc, 0x8f, 0xff, 0x67,
    0xfd, 0x70,

    /* U+006B "k" */
    0x7f, 0xc0, 0x0, 0x0, 0x0, 0x7, 0xfc, 0x0,
    0x0, 0x0, 0x0, 0x7f, 0xc0, 0x0, 0x0, 0x0,
    0x7, 0xfc, 0x0, 0x0, 0x0, 0x0, 0x7f, 0xc0,
    0x0, 0x8f, 0xf6, 0x7, 0xfc, 0x0, 0x7f, 0xf6,
    0x0, 0x7f, 0xc0, 0x6f, 0xf7, 0x0, 0x7, 0xfc,
    0x5f, 0xf7, 0x0, 0x0, 0x7f, 0xef, 0xf9, 0x0,
    0x0, 0x7, 0xff, 0xff, 0xe1, 0x0, 0x0, 0x7f,
    0xf9, 0xef, 0xc0, 0x0, 0x7, 0xfd, 0x4, 0xff,
    0x90, 0x0, 0x7f, 0xc0, 0x8, 0xff, 0x50, 0x7,
    0xfc, 0x0, 0xc, 0xff, 0x20, 0x7f, 0xc0, 0x0,
    0x1e, 0xfd, 0x10,

    /* U+006C "l" */
    0x7f, 0xc7, 0xfc, 0x7f, 0xc7, 0xfc, 0x7f, 0xc7,
    0xfc, 0x7f, 0xc7, 0xfc, 0x7f, 0xc7, 0xfc, 0x7f,
    0xc7, 0xfc, 0x7f, 0xc7, 0xfc, 0x7f, 0xc0,

    /* U+006D "m" */
    0x7f, 0xc1, 0xbf, 0xe7, 0x0, 0x8d, 0xfc, 0x30,
    0x7, 0xfd, 0xdf, 0xef, 0xf6, 0x9f, 0xdf, 0xff,
    0x30, 0x7f, 0xfa, 0x0, 0x7f, 0xff, 0x40, 0xd,
    0xfb, 0x7, 0xff, 0x0, 0x0, 0xff, 0xa0, 0x0,
    0x6f, 0xe0, 0x7f, 0xd0, 0x0, 0xe, 0xf7, 0x0,
    0x4, 0xff, 0x7, 0xfc, 0x0, 0x0, 0xdf, 0x60,
    0x0, 0x4f, 0xf0, 0x7f, 0xc0, 0x0, 0xd, 0xf6,
    0x0, 0x4, 0xff, 0x7, 0xfc, 0x0, 0x0, 0xdf,
    0x60, 0x0, 0x4f, 0xf0, 0x7f, 0xc0, 0x0, 0xd,
    0xf6, 0x0, 0x4, 0xff, 0x7, 0xfc, 0x0, 0x0,
    0xdf, 0x60, 0x0, 0x4f, 0xf0, 0x7f, 0xc0, 0x0,
    0xd, 0xf6, 0x0, 0x4, 0xff, 0x0,

    /* U+006E "n" */
    0x7f, 0xc1, 0xae, 0xeb, 0x20, 0x7f, 0xdd, 0xfd,
    0xff, 0xf1, 0x7f, 0xfb, 0x0, 0x2e, 0xf9, 0x7f,
    0xf1, 0x0, 0x9, 0xfc, 0x7f, 0xd0, 0x0, 0x7,
    0xfd, 0x7f, 0xc0, 0x0, 0x6, 0xfd, 0x7f, 0xc0,
    0x0, 0x6, 0xfd, 0x7f, 0xc0, 0x0, 0x6, 0xfd,
    0x7f, 0xc0, 0x0, 0x6, 0xfd, 0x7f, 0xc0, 0x0,
    0x6, 0xfd, 0x7f, 0xc0, 0x0, 0x6, 0xfd,

    /* U+006F "o" */
    0x0, 0x3, 0xad, 0xec, 0x70, 0x0, 0x0, 0x8f,
    0xff, 0xdf, 0xfd, 0x10, 0x4, 0xff, 0x60, 0x2,
    0xdf, 0xa0, 0xc, 0xfa, 0x0, 0x0, 0x3f, 0xf3,
    0xf, 0xf5, 0x0, 0x0, 0xe, 0xf6, 0x1f, 0xf3,
    0x0, 0x0, 0xc, 0xf8, 0xf, 0xf5, 0x0, 0x0,
    0xe, 0xf6, 0xc, 0xfa, 0x0, 0x0, 0x3f, 0xf3,
    0x4, 0xff, 0x60, 0x2, 0xdf, 0xb0, 0x0, 0x8f,
    0xfe, 0xdf, 0xfd, 0x10, 0x0, 0x4, 0xbe, 0xfc,
    0x80, 0x0,

    /* U+0070 "p" */
    0x7f, 0xc1, 0x9e, 0xfb, 0x60, 0x0, 0x7f, 0xdd,
    0xfd, 0xff, 0xf9, 0x0, 0x7f, 0xfc, 0x20, 0x8,
    0xff, 0x40, 0x7f, 0xf2, 0x0, 0x0, 0xcf, 0xb0,
    0x7f, 0xd0, 0x0, 0x0, 0x7f, 0xe0, 0x7f, 0xb0,
    0x0, 0x0, 0x5f, 0xf0, 0x7f, 0xd0, 0x0, 0x0,
    0x7f, 0xe0, 0x7f, 0xf2, 0x0, 0x0, 0xcf, 0xb0,
    0x7f, 0xfc, 0x10, 0x8, 0xff, 0x40, 0x7f, 0xdd,
    0xfd, 0xef, 0xf9, 0x0, 0x7f, 0xc1, 0x9d, 0xeb,
    0x50, 0x0, 0x7f, 0xc0, 0x0, 0x0, 0x0, 0x0,
    0x7f, 0xc0, 0x0, 0x0, 0x0, 0x0, 0x7f, 0xc0,
    0x0, 0x0, 0x0, 0x0, 0x7f, 0xc0, 0x0, 0x0,
    0x0, 0x0, 0x7f, 0xc0, 0x0, 0x0, 0x0, 0x0,

    /* U+0071 "q" */
    0x0, 0x5, 0xbe, 0xea, 0x1c, 0xf6, 0x0, 0x9f,
    0xff, 0xdf, 0xdd, 0xf6, 0x4, 0xff, 0x70, 0x2,
    0xdf, 0xf6, 0xc, 0xfb, 0x0, 0x0, 0x3f, 0xf6,
    0xf, 0xf5, 0x0, 0x0, 0xe, 0xf6, 0x1f, 0xf4,
    0x0, 0x0, 0xc, 0xf6, 0xf, 0xf5, 0x0, 0x0,
    0xe, 0xf6, 0xd, 0xfa, 0x0, 0x0, 0x3f, 0xf6,
    0x6, 0xff, 0x60, 0x2, 0xdf, 0xf6, 0x0, 0xbf,
    0xfe, 0xdf, 0xcd, 0xf6, 0x0, 0x6, 0xcf, 0xea,
    0x1d, 0xf6, 0x0, 0x0, 0x0, 0x0, 0xd, 0xf6,
    0x0, 0x0, 0x0, 0x0, 0xd, 0xf6, 0x0, 0x0,
    0x0, 0x0, 0xd, 0xf6, 0x0, 0x0, 0x0, 0x0,
    0xd, 0xf6, 0x0, 0x0, 0x0, 0x0, 0xd, 0xf6,

    /* U+0072 "r" */
    0x7f, 0xc1, 0xae, 0x77, 0xfc, 0xbf, 0xf7, 0x7f,
    0xff, 0x73, 0x17, 0xff, 0x40, 0x0, 0x7f, 0xe0,
    0x0, 0x7, 0xfc, 0x0, 0x0, 0x7f, 0xc0, 0x0,
    0x7, 0xfc, 0x0, 0x0, 0x7f, 0xc0, 0x0, 0x7,
    0xfc, 0x0, 0x0, 0x7f, 0xc0, 0x0, 0x0,

    /* U+0073 "s" */
    0x0, 0x3b, 0xef, 0xd9, 0x10, 0x5, 0xff, 0xed,
    0xff, 0xe1, 0xc, 0xf8, 0x0, 0x1e, 0xf9, 0xd,
    0xf9, 0x0, 0x4, 0x75, 0x7, 0xff, 0xd9, 0x62,
    0x0, 0x0, 0x6d, 0xff, 0xff, 0xa1, 0x0, 0x0,
    0x14, 0x9f, 0xfa, 0x2d, 0xd0, 0x0, 0x7, 0xfe,
    0xf, 0xf8, 0x0, 0x9, 0xfb, 0x5, 0xff, 0xec,
    0xff, 0xf3, 0x0, 0x3a, 0xdf, 0xda, 0x20,

    /* U+0074 "t" */
    0x0, 0x37, 0x60, 0x0, 0x0, 0x7f, 0xc0, 0x0,
    0x0, 0x7f, 0xc0, 0x0, 0x0, 0x7f, 0xc0, 0x0,
    0xbf, 0xff, 0xff, 0xf3, 0x9d, 0xef, 0xfd, 0xd2,
    0x0, 0x7f, 0xc0, 0x0, 0x0, 0x7f, 0xc0, 0x0,
    0x0, 0x7f, 0xc0, 0x0, 0x0, 0x7f, 0xc0, 0x0,
    0x0, 0x7f, 0xc0, 0x0, 0x0, 0x7f, 0xd0, 0x0,
    0x0, 0x5f, 0xf4, 0x0, 0x0, 0x1f, 0xff, 0xf2,
    0x0, 0x3, 0xcf, 0xe2,

    /* U+0075 "u" */
    0x9f, 0xa0, 0x0, 0x9, 0xfa, 0x9f, 0xa0, 0x0,
    0x9, 0xfa, 0x9f, 0xa0, 0x0, 0x9, 0xfa, 0x9f,
    0xa0, 0x0, 0x9, 0xfa, 0x9f, 0xa0, 0x0, 0x9,
    0xfa, 0x9f, 0xa0, 0x0, 0x9, 0xfa, 0x9f, 0xb0,
    0x0, 0xa, 0xfa, 0x8f, 0xd0, 0x0, 0xd, 0xfa,
    0x5f, 0xf5, 0x0, 0x8f, 0xfa, 0xc, 0xff, 0xde,
    0xfc, 0xfa, 0x1, 0x9e, 0xea, 0x39, 0xfa,

    /* U+0076 "v" */
    0x9f, 0xd0, 0x0, 0x0, 0xbf, 0xa3, 0xff, 0x20,
    0x0, 0xf, 0xf4, 0xd, 0xf8, 0x0, 0x5, 0xfe,
    0x0, 0x7f, 0xd0, 0x0, 0xbf, 0x80, 0x2, 0xff,
    0x20, 0xf, 0xf3, 0x0, 0xc, 0xf8, 0x5, 0xfd,
    0x0, 0x0, 0x6f, 0xd0, 0xaf, 0x70, 0x0, 0x0,
    0xff, 0x3f, 0xf1, 0x0, 0x0, 0xa, 0xfc, 0xfb,
    0x0, 0x0, 0x0, 0x4f, 0xff, 0x60, 0x0, 0x0,
    0x0, 0xef, 0xf0, 0x0, 0x0,

    /* U+0077 "w" */
    0x9f, 0xc0, 0x0, 0xc, 0xff, 0x60, 0x0, 0x1f,
    0xf1, 0x4f, 0xf1, 0x0, 0x1f, 0xff, 0xb0, 0x0,
    0x6f, 0xd0, 0xf, 0xf5, 0x0, 0x5f, 0xcf, 0xf0,
    0x0, 0xaf, 0x80, 0xb, 0xf9, 0x0, 0x9f, 0x7d,
    0xf3, 0x0, 0xef, 0x30, 0x6, 0xfd, 0x0, 0xdf,
    0x28, 0xf8, 0x3, 0xfe, 0x0, 0x1, 0xff, 0x21,
    0xfe, 0x4, 0xfc, 0x7, 0xf9, 0x0, 0x0, 0xcf,
    0x66, 0xfa, 0x0, 0xff, 0x1b, 0xf5, 0x0, 0x0,
    0x7f, 0xba, 0xf5, 0x0, 0xbf, 0x5f, 0xf0, 0x0,
    0x0, 0x2f, 0xee, 0xf1, 0x0, 0x7f, 0xdf, 0xb0,
    0x0, 0x0, 0xd, 0xff, 0xd0, 0x0, 0x3f, 0xff,
    0x60, 0x0, 0x0, 0x8, 0xff, 0x80, 0x0, 0xe,
    0xff, 0x10, 0x0,

    /* U+0078 "x" */
    0x3f, 0xf6, 0x0, 0x7, 0xff, 0x20, 0x8f, 0xf1,
    0x2, 0xff, 0x50, 0x0, 0xdf, 0xb0, 0xcf, 0xa0,
    0x0, 0x2, 0xff, 0xbf, 0xe0, 0x0, 0x0, 0x7,
    0xff, 0xf3, 0x0, 0x0, 0x0, 0x1f, 0xfd, 0x0,
    0x0, 0x0, 0xa, 0xff, 0xf7, 0x0, 0x0, 0x6,
    0xff, 0x7f, 0xf2, 0x0, 0x2, 0xff, 0x60, 0xbf,
    0xc0, 0x0, 0xcf, 0xb0, 0x1, 0xff, 0x80, 0x8f,
    0xe1, 0x0, 0x6, 0xff, 0x30,

    /* U+0079 "y" */
    0x9f, 0xe0, 0x0, 0x0, 0xdf, 0x83, 0xff, 0x40,
    0x0, 0x2f, 0xf2, 0xd, 0xf9, 0x0, 0x7, 0xfd,
    0x0, 0x6f, 0xe0, 0x0, 0xcf, 0x70, 0x1, 0xff,
    0x40, 0x1f, 0xf1, 0x0, 0xa, 0xfa, 0x6, 0xfc,
    0x0, 0x0, 0x4f, 0xf0, 0xbf, 0x60, 0x0, 0x0,
    0xef, 0x6f, 0xf1, 0x0, 0x0, 0x8, 0xfe, 0xfb,
    0x0, 0x0, 0x0, 0x2f, 0xff, 0x50, 0x0, 0x0,
    0x0, 0xbf, 0xf0, 0x0, 0x0, 0x0, 0xc, 0xfa,
    0x0, 0x0, 0x0, 0x2, 0xff, 0x40, 0x0, 0x0,
    0x0, 0x7f, 0xe0, 0x0, 0x0, 0x0, 0xd, 0xf8,
    0x0, 0x0, 0x0, 0x3, 0xff, 0x30, 0x0, 0x0,

    /* U+007A "z" */
    0xf, 0xff, 0xff, 0xff, 0xf7, 0xc, 0xcc, 0xcc,
    0xcf, 0xf7, 0x0, 0x0, 0x0, 0x9f, 0xe2, 0x0,
    0x0, 0x7, 0xff, 0x30, 0x0, 0x0, 0x5f, 0xf5,
    0x0, 0x0, 0x3, 0xff, 0x70, 0x0, 0x0, 0x2e,
    0xf9, 0x0, 0x0, 0x1, 0xdf, 0xb0, 0x0, 0x0,
    0xc, 0xfc, 0x0, 0x0, 0x0, 0x3f, 0xfd, 0xcc,
    0xcc, 0xc8, 0x3f, 0xff, 0xff, 0xff, 0xfa,

    /* U+007B "{" */
    0x0, 0x4, 0xcf, 0x90, 0x2, 0xff, 0xe6, 0x0,
    0x7f, 0xd0, 0x0, 0x9, 0xf9, 0x0, 0x0, 0x9f,
    0x90, 0x0, 0x9, 0xf9, 0x0, 0x0, 0xaf, 0x90,
    0x0, 0x1e, 0xf7, 0x0, 0x8f, 0xfd, 0x10, 0xa,
    0xfe, 0x30, 0x0, 0x4c, 0xff, 0x30, 0x0, 0xd,
    0xf8, 0x0, 0x0, 0xaf, 0x90, 0x0, 0x9, 0xf9,
    0x0, 0x0, 0x9f, 0xa0, 0x0, 0x9, 0xfa, 0x0,
    0x0, 0x6f, 0xf3, 0x0, 0x0, 0xef, 0xf9, 0x0,
    0x1, 0x8b, 0x60,

    /* U+007C "|" */
    0x4f, 0xe4, 0xfe, 0x4f, 0xe4, 0xfe, 0x4f, 0xe4,
    0xfe, 0x4f, 0xe4, 0xfe, 0x4f, 0xe4, 0xfe, 0x4f,
    0xe4, 0xfe, 0x4f, 0xe4, 0xfe, 0x4f, 0xe4, 0xfe,
    0x4f, 0xe4, 0xfe, 0x4f, 0xe0,

    /* U+007D "}" */
    0x5f, 0xd6, 0x0, 0x4, 0xdf, 0xf5, 0x0, 0x0,
    0xaf, 0xb0, 0x0, 0x6, 0xfd, 0x0, 0x0, 0x5f,
    0xe0, 0x0, 0x5, 0xfe, 0x0, 0x0, 0x5f, 0xe0,
    0x0, 0x4, 0xff, 0x20, 0x0, 0xd, 0xff, 0x90,
    0x0, 0x1c, 0xff, 0x0, 0xc, 0xff, 0xa0, 0x3,
    0xff, 0x30, 0x0, 0x5f, 0xe0, 0x0, 0x5, 0xfe,
    0x0, 0x0, 0x5f, 0xe0, 0x0, 0x6, 0xfd, 0x0,
    0x0, 0xaf, 0xb0, 0x3, 0xcf, 0xf5, 0x0, 0x5f,
    0xd6, 0x0, 0x0,

    /* U+007E "~" */
    0x0, 0x0, 0x0, 0x0, 0x1, 0x0, 0x6e, 0xfe,
    0x94, 0x2c, 0xf7, 0x3f, 0xff, 0xff, 0xff, 0xff,
    0x28, 0xfb, 0x14, 0x8d, 0xfd, 0x50,

    /* U+00A0 " " */

    /* U+00A1 "¡" */
    0xbf, 0xf0, 0xbf, 0xf0, 0xad, 0xd0, 0x0, 0x0,
    0xe, 0x30, 0xf, 0x50, 0x2f, 0x70, 0x4f, 0x90,
    0x6f, 0xb0, 0x8f, 0xc0, 0x9f, 0xe0, 0x9f, 0xe0,
    0x9f, 0xe0, 0x9f, 0xe0, 0x9f, 0xe0,

    /* U+00A2 "¢" */
    0x0, 0x0, 0x0, 0xec, 0x0, 0x0, 0x0, 0x0,
    0x0, 0xf, 0xd0, 0x0, 0x0, 0x0, 0x0, 0x28,
    0xff, 0x84, 0x0, 0x0, 0x0, 0xaf, 0xff, 0xff,
    0xfb, 0x10, 0x0, 0xbf, 0xf8, 0xfe, 0x8f, 0xfb,
    0x0, 0x5f, 0xf4, 0xf, 0xd0, 0x4f, 0xf4, 0xd,
    0xf9, 0x0, 0xfd, 0x0, 0xcf, 0x91, 0xff, 0x40,
    0xf, 0xd0, 0x1, 0x11, 0x3f, 0xf2, 0x0, 0xfd,
    0x0, 0x0, 0x3, 0xff, 0x20, 0xf, 0xd0, 0x0,
    0x0, 0x1f, 0xf4, 0x0, 0xfd, 0x0, 0x0, 0x0,
    0xef, 0x90, 0xf, 0xd0, 0xc, 0xf9, 0x7, 0xff,
    0x30, 0xfd, 0x4, 0xff, 0x40, 0xe, 0xfe, 0x7f,
    0xd7, 0xff, 0xb0, 0x0, 0x1c, 0xff, 0xff, 0xff,
    0xb1, 0x0, 0x0, 0x5, 0xaf, 0xfa, 0x50, 0x0,
    0x0, 0x0, 0x0, 0xfd, 0x0, 0x0, 0x0, 0x0,
    0x0, 0xf, 0xd0, 0x0, 0x0,

    /* U+00A3 "£" */
    0x0, 0x0, 0x3, 0xbd, 0xfd, 0x91, 0x0, 0x0,
    0x0, 0x8f, 0xff, 0xff, 0xff, 0x30, 0x0, 0x3,
    0xff, 0xa2, 0x3, 0xdf, 0xd0, 0x0, 0x9, 0xfe,
    0x0, 0x0, 0x4f, 0xf2, 0x0, 0xc, 0xfa, 0x0,
    0x0, 0x9, 0x92, 0x0, 0xc, 0xf9, 0x0, 0x0,
    0x0, 0x0, 0x0, 0xc, 0xf9, 0x0, 0x0, 0x0,
    0x0, 0x3f, 0xff, 0xff, 0xff, 0xff, 0xc0, 0x0,
    0x3f, 0xff, 0xff, 0xff, 0xff, 0xb0, 0x0, 0x0,
    0xc, 0xf9, 0x0, 0x0, 0x0, 0x0, 0x0, 0xc,
    0xf9, 0x0, 0x0, 0x0, 0x0, 0x0, 0xc, 0xf9,
    0x0, 0x0, 0x0, 0x0, 0x0, 0xd, 0xfa, 0x0,
    0x0, 0x0, 0x0, 0xe, 0xff, 0xff, 0xff, 0xff,
    0xff, 0xf6, 0xe, 0xff, 0xff, 0xff, 0xff, 0xff,
    0xf6,

    /* U+00A4 "¤" */
    0x17, 0x0, 0x0, 0x0, 0x0, 0x35, 0xb, 0xf9,
    0x29, 0xcd, 0xb5, 0x3f, 0xf2, 0x2e, 0xff, 0xff,
    0xff, 0xff, 0xf7, 0x0, 0x5f, 0xf9, 0x21, 0x5f,
    0xfc, 0x0, 0xb, 0xfb, 0x0, 0x0, 0x5f, 0xf1,
    0x0, 0xff, 0x40, 0x0, 0x0, 0xef, 0x60, 0x2f,
    0xf2, 0x0, 0x0, 0xb, 0xf8, 0x2, 0xff, 0x10,
    0x0, 0x0, 0xbf, 0x80, 0xf, 0xf4, 0x0, 0x0,
    0xd, 0xf6, 0x0, 0xcf, 0xa0, 0x0, 0x4, 0xff,
    0x20, 0x5, 0xff, 0x80, 0x4, 0xef, 0xc0, 0x1,
    0xdf, 0xff, 0xff, 0xff, 0xff, 0x50, 0xbf, 0xa4,
    0xbe, 0xfc, 0x75, 0xff, 0x22, 0x90, 0x0, 0x0,
    0x0, 0x4, 0x60,

    /* U+00A5 "¥" */
    0x1e, 0xfb, 0x0, 0x0, 0x0, 0xaf, 0xe1, 0x6,
    0xff, 0x30, 0x0, 0x2, 0xff, 0x60, 0x0, 0xdf,
    0xc0, 0x0, 0xb, 0xfd, 0x0, 0x0, 0x4f, 0xf4,
    0x0, 0x4f, 0xf3, 0x0, 0x0, 0xa, 0xfd, 0x0,
    0xcf, 0xa0, 0x0, 0x0, 0x2, 0xff, 0x55, 0xff,
    0x10, 0x0, 0x0, 0x0, 0x8f, 0xde, 0xf7, 0x0,
    0x0, 0x6, 0xff, 0xff, 0xff, 0xff, 0xff, 0x60,
    0x5, 0xcc, 0xcd, 0xff, 0xcc, 0xcc, 0x50, 0x0,
    0x0, 0x3, 0xff, 0x20, 0x0, 0x0, 0x6, 0xff,
    0xff, 0xff, 0xff, 0xff, 0x60, 0x5, 0xbb, 0xbc,
    0xff, 0xcb, 0xbb, 0x50, 0x0, 0x0, 0x3, 0xff,
    0x20, 0x0, 0x0, 0x0, 0x0, 0x3, 0xff, 0x20,
    0x0, 0x0, 0x0, 0x0, 0x3, 0xff, 0x20, 0x0,
    0x0,

    /* U+00A6 "¦" */
    0x4f, 0xe4, 0xfe, 0x4f, 0xe4, 0xfe, 0x4f, 0xe4,
    0xfe, 0x4f, 0xe1, 0x66, 0x0, 0x0, 0x0, 0x0,
    0x1, 0x77, 0x4f, 0xe4, 0xfe, 0x4f, 0xe4, 0xfe,
    0x4f, 0xe4, 0xfe, 0x4f, 0xe0,

    /* U+00A7 "§" */
    0x0, 0x7, 0xcf, 0xec, 0x50, 0x0, 0x0, 0xbf,
    0xfe, 0xff, 0xf8, 0x0, 0x4, 0xff, 0x50, 0x9,
    0xff, 0x10, 0x5, 0xff, 0x20, 0x1, 0x88, 0x20,
    0x1, 0xff, 0xd4, 0x0, 0x0, 0x0, 0x0, 0x6f,
    0xff, 0xb3, 0x0, 0x0, 0x0, 0x4e, 0xff, 0xff,
    0xb3, 0x0, 0x5, 0xfe, 0x34, 0xcf, 0xff, 0x50,
    0xe, 0xf7, 0x0, 0x4, 0xef, 0xe0, 0xf, 0xf9,
    0x0, 0x0, 0x6f, 0xf2, 0xc, 0xff, 0x90, 0x0,
    0x6f, 0xe0, 0x2, 0xcf, 0xfe, 0x85, 0xef, 0x50,
    0x0, 0x7, 0xff, 0xff, 0xf2, 0x0, 0x0, 0x0,
    0x18, 0xff, 0xf9, 0x0, 0x0, 0x0, 0x0, 0x1a,
    0xff, 0x20, 0x8, 0xca, 0x0, 0x1, 0xff, 0x60,
    0x6, 0xff, 0x72, 0x6, 0xff, 0x30, 0x0, 0xbf,
    0xff, 0xff, 0xf9, 0x0, 0x0, 0x5, 0xac, 0xca,
    0x40, 0x0,

    /* U+00A8 "¨" */
    0x78, 0x40, 0x48, 0x7f, 0xf8, 0x9, 0xfd, 0xff,
    0x80, 0x9f, 0xd0,

    /* U+00A9 "©" */
    0x0, 0x0, 0x2, 0x9d, 0xff, 0xd8, 0x20, 0x0,
    0x0, 0x0, 0x7, 0xff, 0xda, 0xbe, 0xff, 0x60,
    0x0, 0x0, 0xb, 0xfb, 0x20, 0x0, 0x2, 0xcf,
    0xa0, 0x0, 0x7, 0xf8, 0x0, 0x0, 0x10, 0x0,
    0x9f, 0x60, 0x2, 0xfc, 0x0, 0x3c, 0xff, 0xe6,
    0x0, 0xdf, 0x20, 0x9f, 0x30, 0x3f, 0xe7, 0x7d,
    0xf4, 0x4, 0xf8, 0xe, 0xf0, 0xb, 0xf3, 0x0,
    0x3f, 0xb0, 0xf, 0xc0, 0xfc, 0x0, 0xfe, 0x0,
    0x0, 0x0, 0x0, 0xde, 0xf, 0xc0, 0xf, 0xd0,
    0x0, 0x0, 0x0, 0xd, 0xe0, 0xef, 0x0, 0xdf,
    0x10, 0x1, 0xb9, 0x0, 0xfc, 0x9, 0xf3, 0x7,
    0xfb, 0x12, 0xaf, 0x80, 0x4f, 0x80, 0x2f, 0xc0,
    0xa, 0xff, 0xff, 0xc0, 0xd, 0xf2, 0x0, 0x7f,
    0x80, 0x3, 0x66, 0x40, 0x9, 0xf8, 0x0, 0x0,
    0xbf, 0xb2, 0x0, 0x0, 0x2c, 0xfb, 0x0, 0x0,
    0x0, 0x7f, 0xfe, 0xaa, 0xef, 0xf6, 0x0, 0x0,
    0x0, 0x0, 0x29, 0xdf, 0xfd, 0x82, 0x0, 0x0,

    /* U+00AA "ª" */
    0x0, 0x0, 0x10, 0x0, 0x0, 0x9f, 0xfe, 0x50,
    0x8, 0xfb, 0x6c, 0xf2, 0x5, 0x61, 0x8, 0xf6,
    0x1, 0x7d, 0xff, 0xf7, 0xc, 0xf9, 0x35, 0xf7,
    0xf, 0xe0, 0x8, 0xf7, 0xd, 0xf9, 0xaf, 0xf7,
    0x2, 0xcf, 0xc5, 0xb5,

    /* U+00AB "«" */
    0x0, 0x0, 0x11, 0x0, 0x2, 0x0, 0x0, 0x2e,
    0x20, 0x4, 0xf0, 0x0, 0x3e, 0xf2, 0x5, 0xff,
    0x0, 0x4f, 0xfb, 0x7, 0xff, 0x90, 0x1f, 0xf8,
    0x3, 0xff, 0x60, 0x1, 0xfc, 0x0, 0x3f, 0xa0,
    0x0, 0xf, 0xfb, 0x12, 0xff, 0x90, 0x0, 0x2e,
    0xfd, 0x14, 0xff, 0xc0, 0x0, 0x1d, 0xf2, 0x3,
    0xef, 0x0, 0x0, 0x1c, 0x20, 0x2, 0xd0, 0x0,
    0x0, 0x0, 0x0, 0x1, 0x0,

    /* U+00AC "¬" */
    0xaf, 0xff, 0xff, 0xff, 0xff, 0xba, 0xff, 0xff,
    0xff, 0xff, 0xfc, 0x0, 0x0, 0x0, 0x0, 0x4f,
    0xc0, 0x0, 0x0, 0x0, 0x4, 0xfc, 0x0, 0x0,
    0x0, 0x0, 0x4f, 0xc0, 0x0, 0x0, 0x0, 0x2,
    0x76,

    /* U+00AD "­" */
    0x12, 0x22, 0x22, 0xa, 0xff, 0xff, 0xf0, 0xaf,
    0xff, 0xff, 0x0,

    /* U+00AE "®" */
    0x0, 0x0, 0x0, 0x0, 0x0, 0x0, 0x0, 0x0,
    0x6, 0xbe, 0xeb, 0x60, 0x0, 0x0, 0x1b, 0xf8,
    0x55, 0x8f, 0xb1, 0x0, 0xb, 0xd2, 0x0, 0x0,
    0x2d, 0xb0, 0x6, 0xf2, 0x4f, 0xff, 0xb1, 0x2f,
    0x50, 0xba, 0x4, 0xf3, 0x4e, 0x80, 0xaa, 0xe,
    0x70, 0x4f, 0x1, 0xd6, 0x7, 0xe0, 0xe7, 0x4,
    0xff, 0xfc, 0x0, 0x6e, 0xb, 0xa0, 0x4f, 0x24,
    0xf5, 0x9, 0xb0, 0x7f, 0x14, 0xf0, 0xe, 0x71,
    0xf7, 0x0, 0xdb, 0x27, 0x0, 0x64, 0xbd, 0x0,
    0x3, 0xed, 0x62, 0x25, 0xde, 0x30, 0x0, 0x1,
    0x9e, 0xff, 0xe9, 0x0, 0x0, 0x0, 0x0, 0x2,
    0x20, 0x0, 0x0,

    /* U+00AF "¯" */
    0xcc, 0xcc, 0xcc, 0xaf, 0xff, 0xff, 0xfc,

    /* U+00B0 "°" */
    0x0, 0x38, 0x84, 0x0, 0x6, 0xff, 0xff, 0x90,
    0xf, 0xe3, 0x2c, 0xf4, 0x3f, 0x90, 0x5, 0xf7,
    0x1f, 0xc0, 0x9, 0xf5, 0xa, 0xfe, 0xcf, 0xd0,
    0x0, 0x8e, 0xea, 0x10,

    /* U+00B1 "±" */
    0x0, 0x0, 0x28, 0x60, 0x0, 0x0, 0x0, 0x4,
    0xfb, 0x0, 0x0, 0x0, 0x0, 0x4f, 0xb0, 0x0,
    0x8, 0xff, 0xff, 0xff, 0xff, 0xfd, 0x8f, 0xff,
    0xff, 0xff, 0xff, 0xe0, 0x0, 0x4, 0xfb, 0x0,
    0x0, 0x0, 0x0, 0x4f, 0xb0, 0x0, 0x0, 0x0,
    0x4, 0xfb, 0x0, 0x0, 0x0, 0x0, 0x0, 0x0,
    0x0, 0x8, 0xff, 0xff, 0xff, 0xff, 0xfe, 0x8f,
    0xff, 0xff, 0xff, 0xff, 0xe0,

    /* U+00B2 "²" */
    0x0, 0x6d, 0xfd, 0x80, 0x0, 0x8f, 0xfb, 0xef,
    0x90, 0xf, 0xf2, 0x2, 0xff, 0x0, 0x54, 0x0,
    0x1f, 0xf0, 0x0, 0x0, 0xa, 0xf9, 0x0, 0x0,
    0x3c, 0xfa, 0x0, 0x0, 0x7f, 0xf6, 0x0, 0x0,
    0x6f, 0xc1, 0x0, 0x0, 0xe, 0xfd, 0xbb, 0xbb,
    0x12, 0xff, 0xff, 0xff, 0xf1,

    /* U+00B3 "³" */
    0x0, 0x7d, 0xfd, 0x91, 0x0, 0xaf, 0xea, 0xdf,
    0xb0, 0x1f, 0xf1, 0x0, 0xff, 0x10, 0x0, 0x0,
    0x5f, 0xd0, 0x0, 0x3, 0xff, 0xb1, 0x0, 0x0,
    0x19, 0xdf, 0x80, 0x15, 0x30, 0x0, 0xdf, 0x32,
    0xfe, 0x0, 0xc, 0xf4, 0xb, 0xfe, 0xad, 0xfd,
    0x0, 0x8, 0xdf, 0xd9, 0x10,

    /* U+00B4 "´" */
    0x0, 0x0, 0x0, 0xaf, 0xd1, 0x2f, 0xf2, 0xb,
    0xf5, 0x0,

    /* U+00B5 "µ" */
    0x5f, 0xf0, 0x0, 0x5, 0xff, 0x5f, 0xf0, 0x0,
    0x5, 0xff, 0x5f, 0xf0, 0x0, 0x5, 0xff, 0x5f,
    0xf0, 0x0, 0x5, 0xff, 0x5f, 0xf0, 0x0, 0x5,
    0xff, 0x5f, 0xf0, 0x0, 0x5, 0xff, 0x5f, 0xf0,
    0x0, 0x6, 0xff, 0x5f, 0xf1, 0x0, 0x9, 0xff,
    0x5f, 0xf9, 0x0, 0x4f, 0xff, 0x5f, 0xff, 0xed,
    0xfb, 0xff, 0x5f, 0xfd, 0xfc, 0x64, 0xff, 0x5f,
    0xf0, 0x0, 0x0, 0x0, 0x5f, 0xf0, 0x0, 0x0,
    0x0, 0x5f, 0xf0, 0x0, 0x0, 0x0, 0x5f, 0xf0,
    0x0, 0x0, 0x0, 0x5f, 0xf0, 0x0, 0x0, 0x0,

    /* U+00B6 "¶" */
    0x0, 0x4b, 0xef, 0xff, 0xff, 0x90, 0x7f, 0xff,
    0xff, 0xbd, 0xf9, 0x1f, 0xff, 0xff, 0xd0, 0x4f,
    0x94, 0xff, 0xff, 0xfd, 0x4, 0xf9, 0x4f, 0xff,
    0xff, 0xd0, 0x4f, 0x91, 0xff, 0xff, 0xfd, 0x4,
    0xf9, 0x7, 0xff, 0xff, 0xd0, 0x4f, 0x90, 0x4,
    0xbd, 0xfd, 0x4, 0xf9, 0x0, 0x0, 0xf, 0xd0,
    0x4f, 0x90, 0x0, 0x0, 0xfd, 0x4, 0xf9, 0x0,
    0x0, 0xf, 0xd0, 0x4f, 0x90, 0x0, 0x0, 0xfd,
    0x4, 0xf9, 0x0, 0x0, 0xf, 0xd0, 0x4f, 0x90,
    0x0, 0x0, 0xfd, 0x4, 0xf9, 0x0, 0x0, 0xf,
    0xd0, 0x4f, 0x90, 0x0, 0x0, 0xfd, 0x4, 0xf9,
    0x0, 0x0, 0xf, 0xd0, 0x4f, 0x90, 0x0, 0x0,
    0xfd, 0x4, 0xf9, 0x0, 0x0, 0x3, 0x30, 0x13,
    0x20,

    /* U+00B7 "·" */
    0xae, 0xe3, 0xaf, 0xf3, 0xaf, 0xf3,

    /* U+00B8 "¸" */
    0x0, 0x74, 0x0, 0x5, 0xf4, 0x0, 0xa, 0xfd,
    0x60, 0x34, 0x2d, 0xf0, 0x8f, 0xff, 0x80, 0x1,
    0x31, 0x0,

    /* U+00B9 "¹" */
    0x0, 0xd, 0xf2, 0x3, 0xbf, 0xf2, 0x6f, 0xff,
    0xf2, 0x59, 0x2d, 0xf2, 0x0, 0xd, 0xf2, 0x0,
    0xd, 0xf2, 0x0, 0xd, 0xf2, 0x0, 0xd, 0xf2,
    0x0, 0xd, 0xf2, 0x0, 0xd, 0xf2,

    /* U+00BA "º" */
    0x0, 0x0, 0x10, 0x0, 0x0, 0x7, 0xef, 0xe7,
    0x0, 0x7, 0xfb, 0x6b, 0xf7, 0x0, 0xef, 0x0,
    0xe, 0xf0, 0x1f, 0xc0, 0x0, 0xbf, 0x21, 0xfc,
    0x0, 0xb, 0xf2, 0xe, 0xf1, 0x1, 0xfe, 0x0,
    0x5f, 0xd8, 0xdf, 0x60, 0x0, 0x5c, 0xfc, 0x50,
    0x0,

    /* U+00BB "»" */
    0x30, 0x0, 0x3, 0x0, 0x0, 0xc7, 0x0, 0xe,
    0x40, 0x0, 0xcf, 0x80, 0xf, 0xf6, 0x0, 0x6f,
    0xfa, 0x8, 0xff, 0x80, 0x4, 0xef, 0x60, 0x6f,
    0xf4, 0x0, 0x6f, 0x70, 0x9, 0xf4, 0x7, 0xff,
    0x50, 0x9f, 0xf3, 0x9f, 0xf6, 0xb, 0xff, 0x40,
    0xcf, 0x50, 0xf, 0xe3, 0x0, 0xb3, 0x0, 0xd,
    0x20, 0x0, 0x10, 0x0, 0x1, 0x0, 0x0,

    /* U+00BC "¼" */
    0x0, 0x1f, 0xc0, 0x0, 0x0, 0x0, 0xc, 0xf6,
    0x0, 0x0, 0x5d, 0xfc, 0x0, 0x0, 0x0, 0x8,
    0xfa, 0x0, 0x0, 0x6f, 0xcf, 0xc0, 0x0, 0x0,
    0x4, 0xfd, 0x0, 0x0, 0x2, 0x40, 0xfc, 0x0,
    0x0, 0x1, 0xef, 0x30, 0x0, 0x0, 0x0, 0xf,
    0xc0, 0x0, 0x0, 0xbf, 0x70, 0x0, 0x0, 0x0,
    0x0, 0xfc, 0x0, 0x0, 0x7f, 0xb0, 0x0, 0x0,
    0x0, 0x0, 0xf, 0xc0, 0x0, 0x3f, 0xe1, 0x0,
    0xad, 0x90, 0x0, 0x0, 0xfc, 0x0, 0xd, 0xf4,
    0x0, 0x6f, 0xfb, 0x0, 0x0, 0xf, 0xc0, 0xa,
    0xf8, 0x0, 0x2f, 0xaf, 0xb0, 0x0, 0x0, 0x32,
    0x5, 0xfc, 0x0, 0xc, 0xe2, 0xfb, 0x0, 0x0,
    0x0, 0x2, 0xff, 0x20, 0x7, 0xf4, 0xf, 0xb0,
    0x0, 0x0, 0x0, 0xcf, 0x50, 0x2, 0xfa, 0x12,
    0xfc, 0x10, 0x0, 0x0, 0x9f, 0xa0, 0x0, 0x6f,
    0xff, 0xff, 0xff, 0x60, 0x0, 0x4f, 0xd0, 0x0,
    0x1, 0x44, 0x45, 0xfd, 0x41, 0x0, 0x1e, 0xf3,
    0x0, 0x0, 0x0, 0x0, 0xf, 0xb0, 0x0, 0x2,
    0x43, 0x0, 0x0, 0x0, 0x0, 0x0, 0x43, 0x0,

    /* U+00BD "½" */
    0x0, 0x2, 0x20, 0x0, 0x0, 0x0, 0x1, 0x32,
    0x0, 0x0, 0x2, 0xfc, 0x0, 0x0, 0x0, 0x1,
    0xef, 0x30, 0x0, 0x18, 0xef, 0xc0, 0x0, 0x0,
    0x0, 0xaf, 0x70, 0x0, 0x6, 0xfa, 0xfc, 0x0,
    0x0, 0x0, 0x6f, 0xc0, 0x0, 0x0, 0x22, 0xf,
    0xc0, 0x0, 0x0, 0x2f, 0xe1, 0x0, 0x0, 0x0,
    0x0, 0xfc, 0x0, 0x0, 0xd, 0xf4, 0x0, 0x0,
    0x0, 0x0, 0xf, 0xc0, 0x0, 0x9, 0xf8, 0x0,
    0x0, 0x0, 0x0, 0x0, 0xfc, 0x0, 0x5, 0xfc,
    0x0, 0x5d, 0xff, 0xa1, 0x0, 0xf, 0xc0, 0x2,
    0xff, 0x20, 0x3f, 0xd6, 0xaf, 0xa0, 0x0, 0xfc,
    0x0, 0xcf, 0x50, 0x9, 0xf5, 0x0, 0xfe, 0x0,
    0x0, 0x0, 0x9f, 0xa0, 0x0, 0x0, 0x0, 0x2f,
    0xb0, 0x0, 0x0, 0x4f, 0xd0, 0x0, 0x0, 0x0,
    0x4e, 0xe2, 0x0, 0x0, 0x1e, 0xf3, 0x0, 0x0,
    0x0, 0xaf, 0xc1, 0x0, 0x0, 0xc, 0xf6, 0x0,
    0x0, 0x0, 0xcf, 0x70, 0x0, 0x0, 0x8, 0xfb,
    0x0, 0x0, 0x0, 0x5f, 0xd9, 0x99, 0x80, 0x4,
    0xfe, 0x10, 0x0, 0x0, 0xa, 0xff, 0xff, 0xff,

    /* U+00BE "¾" */
    0x0, 0x0, 0x10, 0x0, 0x0, 0x0, 0x0, 0x0,
    0x0, 0x0, 0x0, 0x1b, 0xff, 0xe6, 0x0, 0x0,
    0x0, 0x0, 0xcd, 0x30, 0x0, 0xc, 0xf9, 0x6d,
    0xf3, 0x0, 0x0, 0x0, 0x9f, 0x90, 0x0, 0x1,
    0xdb, 0x0, 0x6f, 0x60, 0x0, 0x0, 0x5f, 0xd0,
    0x0, 0x0, 0x0, 0x0, 0x3c, 0xf2, 0x0, 0x0,
    0x2e, 0xf2, 0x0, 0x0, 0x0, 0x0, 0x7f, 0xf3,
    0x0, 0x0, 0xc, 0xf6, 0x0, 0x0, 0x0, 0x0,
    0x2, 0x6c, 0xe3, 0x0, 0x8, 0xfa, 0x0, 0x0,
    0x0, 0x2, 0xb7, 0x0, 0x3f, 0x90, 0x4, 0xfd,
    0x0, 0xa, 0xb6, 0x0, 0xf, 0xe5, 0x3a, 0xf7,
    0x1, 0xef, 0x30, 0x8, 0xff, 0x90, 0x0, 0x4e,
    0xff, 0xfa, 0x0, 0xbf, 0x70, 0x3, 0xfa, 0xf9,
    0x0, 0x0, 0x3, 0x41, 0x0, 0x7f, 0xb0, 0x0,
    0xdc, 0x3f, 0x90, 0x0, 0x0, 0x0, 0x0, 0x3f,
    0xe1, 0x0, 0x9f, 0x23, 0xf9, 0x0, 0x0, 0x0,
    0x0, 0x1e, 0xf4, 0x0, 0x4f, 0x81, 0x4f, 0xa1,
    0x0, 0x0, 0x0, 0xb, 0xf8, 0x0, 0x8, 0xff,
    0xff, 0xff, 0xf4, 0x0, 0x0, 0x6, 0xfc, 0x0,
    0x0, 0x24, 0x44, 0x7f, 0xb4, 0x10, 0x0, 0x3,
    0xfe, 0x10, 0x0, 0x0, 0x0, 0x3, 0xf9, 0x0,
    0x0, 0x0, 0x34, 0x20, 0x0, 0x0, 0x0, 0x0,
    0x14, 0x20, 0x0,

    /* U+00BF "¿" */
    0x0, 0x0, 0x6d, 0xd3, 0x0, 0x0, 0x0, 0x8,
    0xff, 0x40, 0x0, 0x0, 0x0, 0x8f, 0xf4, 0x0,
    0x0, 0x0, 0x0, 0x0, 0x0, 0x0, 0x0, 0x0,
    0x16, 0x60, 0x0, 0x0, 0x0, 0x5, 0xff, 0x0,
    0x0, 0x0, 0x0, 0xbf, 0xc0, 0x0, 0x0, 0x0,
    0x8f, 0xf5, 0x0, 0x0, 0x0, 0x9f, 0xf8, 0x0,
    0x0, 0x0, 0x8f, 0xf6, 0x0, 0x0, 0x0, 0x1f,
    0xf8, 0x0, 0x0, 0x22, 0x14, 0xff, 0x20, 0x0,
    0xd, 0xf8, 0x3f, 0xf2, 0x0, 0x2, 0xff, 0x50,
    0xef, 0xc2, 0x2, 0xcf, 0xe0, 0x4, 0xff, 0xff,
    0xff, 0xf4, 0x0, 0x2, 0xad, 0xfd, 0x91, 0x0,

    /* U+00C0 "À" */
    0x0, 0x0, 0x0, 0x0, 0x0, 0x0, 0x0, 0x0,
    0x0, 0x0, 0x1d, 0xfb, 0x0, 0x0, 0x0, 0x0,
    0x0, 0x0, 0x3, 0xff, 0x30, 0x0, 0x0, 0x0,
    0x0, 0x0, 0x0, 0x6f, 0xb0, 0x0, 0x0, 0x0,
    0x0, 0x0, 0x0, 0x0, 0x0, 0x0, 0x0, 0x0,
    0x0, 0x0, 0x0, 0x0, 0x0, 0x0, 0x0, 0x0,
    0x0, 0x0, 0x0, 0xef, 0xf5, 0x0, 0x0, 0x0,
    0x0, 0x0, 0x6, 0xff, 0xfb, 0x0, 0x0, 0x0,
    0x0, 0x0, 0xc, 0xfa, 0xff, 0x20, 0x0, 0x0,
    0x0, 0x0, 0x3f, 0xf1, 0xdf, 0x90, 0x0, 0x0,
    0x0, 0x0, 0xaf, 0xb0, 0x7f, 0xf0, 0x0, 0x0,
    0x0, 0x1, 0xff, 0x50, 0x1f, 0xf6, 0x0, 0x0,
    0x0, 0x7, 0xfe, 0x0, 0xb, 0xfd, 0x0, 0x0,
    0x0, 0xd, 0xf9, 0x0, 0x5, 0xff, 0x30, 0x0,
    0x0, 0x4f, 0xf3, 0x0, 0x1, 0xef, 0xa0, 0x0,
    0x0, 0xbf, 0xff, 0xff, 0xff, 0xff, 0xf1, 0x0,
    0x2, 0xff, 0xff, 0xff, 0xff, 0xff, 0xf7, 0x0,
    0x8, 0xff, 0x10, 0x0, 0x0, 0xc, 0xfe, 0x0,
    0xe, 0xfa, 0x0, 0x0, 0x0, 0x6, 0xff, 0x50,
    0x6f, 0xf3, 0x0, 0x0, 0x0, 0x0, 0xef, 0xb0,
    0xcf, 0xc0, 0x0, 0x0, 0x0, 0x0, 0x8f, 0xf2,

    /* U+00C1 "Á" */
    0x0, 0x0, 0x0, 0x0, 0x0, 0x0, 0x0, 0x0,
    0x0, 0x0, 0x0, 0x1, 0xff, 0x70, 0x0, 0x0,
    0x0, 0x0, 0x0, 0x9, 0xfb, 0x0, 0x0, 0x0,
    0x0, 0x0, 0x0, 0x2f, 0xd0, 0x0, 0x0, 0x0,
    0x0, 0x0, 0x0, 0x0, 0x0, 0x0, 0x0, 0x0,
    0x0, 0x0, 0x0, 0x0, 0x0, 0x0, 0x0, 0x0,
    0x0, 0x0, 0x0, 0xef, 0xf5, 0x0, 0x0, 0x0,
    0x0, 0x0, 0x6, 0xff, 0xfb, 0x0, 0x0, 0x0,
    0x0, 0x0, 0xc, 0xfa, 0xff, 0x20, 0x0, 0x0,
    0x0, 0x0, 0x3f, 0xf1, 0xdf, 0x90, 0x0, 0x0,
    0x0, 0x0, 0xaf, 0xb0, 0x7f, 0xf0, 0x0, 0x0,
    0x0, 0x1, 0xff, 0x50, 0x1f, 0xf6, 0x0, 0x0,
    0x0, 0x7, 0xfe, 0x0, 0xb, 0xfd, 0x0, 0x0,
    0x0, 0xd, 0xf9, 0x0, 0x5, 0xff, 0x30, 0x0,
    0x0, 0x4f, 0xf3, 0x0, 0x1, 0xef, 0xa0, 0x0,
    0x0, 0xbf, 0xff, 0xff, 0xff, 0xff, 0xf1, 0x0,
    0x2, 0xff, 0xff, 0xff, 0xff, 0xff, 0xf7, 0x0,
    0x8, 0xff, 0x10, 0x0, 0x0, 0xc, 0xfe, 0x0,
    0xe, 0xfa, 0x0, 0x0, 0x0, 0x6, 0xff, 0x50,
    0x6f, 0xf3, 0x0, 0x0, 0x0, 0x0, 0xef, 0xb0,
    0xcf, 0xc0, 0x0, 0x0, 0x0, 0x0, 0x8f, 0xf2,

    /* U+00C2 "Â" */
    0x0, 0x0, 0x2, 0xff, 0xf7, 0x0, 0x0, 0x0,
    0x0, 0x0, 0xc, 0xf9, 0xff, 0x30, 0x0, 0x0,
    0x0, 0x0, 0x8f, 0xb0, 0x6f, 0xd0, 0x0, 0x0,
    0x0, 0x0, 0x0, 0x0, 0x0, 0x0, 0x0, 0x0,
    0x0, 0x0, 0x0, 0x0, 0x0, 0x0, 0x0, 0x0,
    0x0, 0x0, 0x0, 0xef, 0xf5, 0x0, 0x0, 0x0,
    0x0, 0x0, 0x6, 0xff, 0xfb, 0x0, 0x0, 0x0,
    0x0, 0x0, 0xc, 0xfa, 0xff, 0x20, 0x0, 0x0,
    0x0, 0x0, 0x3f, 0xf1, 0xdf, 0x90, 0x0, 0x0,
    0x0, 0x0, 0xaf, 0xb0, 0x7f, 0xf0, 0x0, 0x0,
    0x0, 0x1, 0xff, 0x50, 0x1f, 0xf6, 0x0, 0x0,
    0x0, 0x7, 0xfe, 0x0, 0xb, 0xfd, 0x0, 0x0,
    0x0, 0xd, 0xf9, 0x0, 0x5, 0xff, 0x30, 0x0,
    0x0, 0x4f, 0xf3, 0x0, 0x1, 0xef, 0xa0, 0x0,
    0x0, 0xbf, 0xff, 0xff, 0xff, 0xff, 0xf1, 0x0,
    0x2, 0xff, 0xff, 0xff, 0xff, 0xff, 0xf7, 0x0,
    0x8, 0xff, 0x10, 0x0, 0x0, 0xc, 0xfe, 0x0,
    0xe, 0xfa, 0x0, 0x0, 0x0, 0x6, 0xff, 0x50,
    0x6f, 0xf3, 0x0, 0x0, 0x0, 0x0, 0xef, 0xb0,
    0xcf, 0xc0, 0x0, 0x0, 0x0, 0x0, 0x8f, 0xf2,

    /* U+00C3 "Ã" */
    0x0, 0x0, 0x3d, 0xe9, 0x38, 0xf6, 0x0, 0x0,
    0x0, 0x0, 0xdf, 0xdf, 0xff, 0xf2, 0x0, 0x0,
    0x0, 0x0, 0xca, 0x2, 0x8b, 0x50, 0x0, 0x0,
    0x0, 0x0, 0x0, 0x0, 0x0, 0x0, 0x0, 0x0,
    0x0, 0x0, 0x0, 0x0, 0x0, 0x0, 0x0, 0x0,
    0x0, 0x0, 0x0, 0xef, 0xf5, 0x0, 0x0, 0x0,
    0x0, 0x0, 0x6, 0xff, 0xfb, 0x0, 0x0, 0x0,
    0x0, 0x0, 0xc, 0xfa, 0xff, 0x20, 0x0, 0x0,
    0x0, 0x0, 0x3f, 0xf1, 0xdf, 0x90, 0x0, 0x0,
    0x0, 0x0, 0xaf, 0xb0, 0x7f, 0xf0, 0x0, 0x0,
    0x0, 0x1, 0xff, 0x50, 0x1f, 0xf6, 0x0, 0x0,
    0x0, 0x7, 0xfe, 0x0, 0xb, 0xfd, 0x0, 0x0,
    0x0, 0xd, 0xf9, 0x0, 0x5, 0xff, 0x30, 0x0,
    0x0, 0x4f, 0xf3, 0x0, 0x1, 0xef, 0xa0, 0x0,
    0x0, 0xbf, 0xff, 0xff, 0xff, 0xff, 0xf1, 0x0,
    0x2, 0xff, 0xff, 0xff, 0xff, 0xff, 0xf7, 0x0,
    0x8, 0xff, 0x10, 0x0, 0x0, 0xc, 0xfe, 0x0,
    0xe, 0xfa, 0x0, 0x0, 0x0, 0x6, 0xff, 0x50,
    0x6f, 0xf3, 0x0, 0x0, 0x0, 0x0, 0xef, 0xb0,
    0xcf, 0xc0, 0x0, 0x0, 0x0, 0x0, 0x8f, 0xf2,

    /* U+00C4 "Ä" */
    0x0, 0x0, 0x68, 0x60, 0x38, 0x80, 0x0, 0x0,
    0x0, 0x0, 0xbf, 0xb0, 0x5f, 0xf1, 0x0, 0x0,
    0x0, 0x0, 0xbf, 0xb0, 0x5f, 0xf1, 0x0, 0x0,
    0x0, 0x0, 0x0, 0x0, 0x0, 0x0, 0x0, 0x0,
    0x0, 0x0, 0x0, 0x0, 0x0, 0x0, 0x0, 0x0,
    0x0, 0x0, 0x0, 0xef, 0xf5, 0x0, 0x0, 0x0,
    0x0, 0x0, 0x6, 0xff, 0xfb, 0x0, 0x0, 0x0,
    0x0, 0x0, 0xc, 0xfa, 0xff, 0x20, 0x0, 0x0,
    0x0, 0x0, 0x3f, 0xf1, 0xdf, 0x90, 0x0, 0x0,
    0x0, 0x0, 0xaf, 0xb0, 0x7f, 0xf0, 0x0, 0x0,
    0x0, 0x1, 0xff, 0x50, 0x1f, 0xf6, 0x0, 0x0,
    0x0, 0x7, 0xfe, 0x0, 0xb, 0xfd, 0x0, 0x0,
    0x0, 0xd, 0xf9, 0x0, 0x5, 0xff, 0x30, 0x0,
    0x0, 0x4f, 0xf3, 0x0, 0x1, 0xef, 0xa0, 0x0,
    0x0, 0xbf, 0xff, 0xff, 0xff, 0xff, 0xf1, 0x0,
    0x2, 0xff, 0xff, 0xff, 0xff, 0xff, 0xf7, 0x0,
    0x8, 0xff, 0x10, 0x0, 0x0, 0xc, 0xfe, 0x0,
    0xe, 0xfa, 0x0, 0x0, 0x0, 0x6, 0xff, 0x50,
    0x6f, 0xf3, 0x0, 0x0, 0x0, 0x0, 0xef, 0xb0,
    0xcf, 0xc0, 0x0, 0x0, 0x0, 0x0, 0x8f, 0xf2,

    /* U+00C5 "Å" */
    0x0, 0x0, 0x0, 0x9e, 0xb3, 0x0, 0x0, 0x0,
    0x0, 0x0, 0x4, 0xf5, 0xca, 0x0, 0x0, 0x0,
    0x0, 0x0, 0x1, 0xcf, 0xe5, 0x0, 0x0, 0x0,
    0x0, 0x0, 0x0, 0x1, 0x0, 0x0, 0x0, 0x0,
    0x0, 0x0, 0x0, 0x0, 0x0, 0x0, 0x0, 0x0,
    0x0, 0x0, 0x0, 0xef, 0xf5, 0x0, 0x0, 0x0,
    0x0, 0x0, 0x6, 0xff, 0xfb, 0x0, 0x0, 0x0,
    0x0, 0x0, 0xc, 0xfa, 0xff, 0x20, 0x0, 0x0,
    0x0, 0x0, 0x3f, 0xf1, 0xdf, 0x90, 0x0, 0x0,
    0x0, 0x0, 0xaf, 0xb0, 0x7f, 0xf0, 0x0, 0x0,
    0x0, 0x1, 0xff, 0x50, 0x1f, 0xf6, 0x0, 0x0,
    0x0, 0x7, 0xfe, 0x0, 0xb, 0xfd, 0x0, 0x0,
    0x0, 0xd, 0xf9, 0x0, 0x5, 0xff, 0x30, 0x0,
    0x0, 0x4f, 0xf3, 0x0, 0x1, 0xef, 0xa0, 0x0,
    0x0, 0xbf, 0xff, 0xff, 0xff, 0xff, 0xf1, 0x0,
    0x2, 0xff, 0xff, 0xff, 0xff, 0xff, 0xf7, 0x0,
    0x8, 0xff, 0x10, 0x0, 0x0, 0xc, 0xfe, 0x0,
    0xe, 0xfa, 0x0, 0x0, 0x0, 0x6, 0xff, 0x50,
    0x6f, 0xf3, 0x0, 0x0, 0x0, 0x0, 0xef, 0xb0,
    0xcf, 0xc0, 0x0, 0x0, 0x0, 0x0, 0x8f, 0xf2,

    /* U+00C6 "Æ" */
    0x0, 0x0, 0x0, 0x0, 0x8f, 0xff, 0xff, 0xff,
    0xff, 0xff, 0x0, 0x0, 0x0, 0x0, 0x1f, 0xff,
    0xff, 0xff, 0xff, 0xff, 0xf0, 0x0, 0x0, 0x0,
    0x9, 0xfc, 0xff, 0x70, 0x0, 0x0, 0x0, 0x0,
    0x0, 0x0, 0x2, 0xff, 0x5f, 0xf7, 0x0, 0x0,
    0x0, 0x0, 0x0, 0x0, 0x0, 0xaf, 0xd0, 0xff,
    0x70, 0x0, 0x0, 0x0, 0x0, 0x0, 0x0, 0x3f,
    0xf5, 0xf, 0xf7, 0x0, 0x0, 0x0, 0x0, 0x0,
    0x0, 0xb, 0xfd, 0x0, 0xff, 0xff, 0xff, 0xff,
    0xfa, 0x0, 0x0, 0x4, 0xff, 0x50, 0xf, 0xff,
    0xff, 0xff, 0xff, 0xa0, 0x0, 0x0, 0xcf, 0xe1,
    0x0, 0xff, 0x80, 0x0, 0x0, 0x0, 0x0, 0x0,
    0x4f, 0xff, 0xff, 0xff, 0xf7, 0x0, 0x0, 0x0,
    0x0, 0x0, 0xd, 0xff, 0xff, 0xff, 0xff, 0x70,
    0x0, 0x0, 0x0, 0x0, 0x5, 0xff, 0x50, 0x0,
    0xf, 0xf7, 0x0, 0x0, 0x0, 0x0, 0x0, 0xdf,
    0xd0, 0x0, 0x0, 0xff, 0x80, 0x0, 0x0, 0x0,
    0x0, 0x6f, 0xf4, 0x0, 0x0, 0xf, 0xff, 0xff,
    0xff, 0xff, 0xf4, 0xe, 0xfc, 0x0, 0x0, 0x0,
    0xff, 0xff, 0xff, 0xff, 0xff, 0x40,

    /* U+00C7 "Ç" */
    0x0, 0x0, 0x6, 0xbe, 0xfd, 0xb5, 0x0, 0x0,
    0x0, 0x3, 0xdf, 0xff, 0xff, 0xff, 0xd2, 0x0,
    0x0, 0x3f, 0xff, 0x73, 0x13, 0x8f, 0xfd, 0x10,
    0x0, 0xdf, 0xd2, 0x0, 0x0, 0x4, 0xff, 0x90,
    0x7, 0xff, 0x40, 0x0, 0x0, 0x0, 0xbf, 0xe0,
    0xc, 0xfc, 0x0, 0x0, 0x0, 0x0, 0x25, 0x50,
    0xf, 0xfa, 0x0, 0x0, 0x0, 0x0, 0x0, 0x0,
    0xf, 0xf8, 0x0, 0x0, 0x0, 0x0, 0x0, 0x0,
    0xe, 0xf9, 0x0, 0x0, 0x0, 0x0, 0x0, 0x0,
    0xc, 0xfc, 0x0, 0x0, 0x0, 0x0, 0x0, 0x0,
    0x9, 0xff, 0x20, 0x0, 0x0, 0x0, 0x7f, 0xf1,
    0x2, 0xff, 0xb0, 0x0, 0x0, 0x0, 0xdf, 0xc0,
    0x0, 0x8f, 0xfb, 0x10, 0x0, 0x2c, 0xff, 0x30,
    0x0, 0x8, 0xff, 0xfd, 0xbd, 0xff, 0xf6, 0x0,
    0x0, 0x0, 0x4b, 0xff, 0xff, 0xfa, 0x20, 0x0,
    0x0, 0x0, 0x0, 0xc, 0xd2, 0x0, 0x0, 0x0,
    0x0, 0x0, 0x0, 0x1f, 0xfc, 0x10, 0x0, 0x0,
    0x0, 0x0, 0x0, 0x1, 0x2f, 0x90, 0x0, 0x0,
    0x0, 0x0, 0x1, 0xd7, 0x8f, 0x80, 0x0, 0x0,
    0x0, 0x0, 0x0, 0x8e, 0xfa, 0x0, 0x0, 0x0,

    /* U+00C8 "È" */
    0x0, 0x0, 0x0, 0x0, 0x0, 0x0, 0x0, 0x7,
    0xff, 0x30, 0x0, 0x0, 0x0, 0x0, 0xbf, 0xb0,
    0x0, 0x0, 0x0, 0x0, 0xd, 0xf3, 0x0, 0x0,
    0x0, 0x0, 0x0, 0x0, 0x0, 0x0, 0x0, 0x0,
    0x0, 0x0, 0x0, 0x0, 0x2f, 0xff, 0xff, 0xff,
    0xff, 0xf3, 0x2f, 0xff, 0xff, 0xff, 0xff, 0xf3,
    0x2f, 0xf5, 0x0, 0x0, 0x0, 0x0, 0x2f, 0xf4,
    0x0, 0x0, 0x0, 0x0, 0x2f, 0xf4, 0x0, 0x0,
    0x0, 0x0, 0x2f, 0xf4, 0x0, 0x0, 0x0, 0x0,
    0x2f, 0xff, 0xff, 0xff, 0xff, 0xd0, 0x2f, 0xff,
    0xff, 0xff, 0xff, 0xd0, 0x2f, 0xf5, 0x11, 0x11,
    0x11, 0x10, 0x2f, 0xf4, 0x0, 0x0, 0x0, 0x0,
    0x2f, 0xf4, 0x0, 0x0, 0x0, 0x0, 0x2f, 0xf4,
    0x0, 0x0, 0x0, 0x0, 0x2f, 0xf5, 0x0, 0x0,
    0x0, 0x0, 0x2f, 0xff, 0xff, 0xff, 0xff, 0xf7,
    0x2f, 0xff, 0xff, 0xff, 0xff, 0xf7,

    /* U+00C9 "É" */
    0x0, 0x0, 0x0, 0x0, 0x0, 0x0, 0x0, 0x0,
    0x0, 0x9f, 0xe1, 0x0, 0x0, 0x0, 0x2, 0xff,
    0x30, 0x0, 0x0, 0x0, 0xa, 0xf6, 0x0, 0x0,
    0x0, 0x0, 0x0, 0x0, 0x0, 0x0, 0x0, 0x0,
    0x0, 0x0, 0x0, 0x0, 0x2f, 0xff, 0xff, 0xff,
    0xff, 0xf3, 0x2f, 0xff, 0xff, 0xff, 0xff, 0xf3,
    0x2f, 0xf5, 0x0, 0x0, 0x0, 0x0, 0x2f, 0xf4,
    0x0, 0x0, 0x0, 0x0, 0x2f, 0xf4, 0x0, 0x0,
    0x0, 0x0, 0x2f, 0xf4, 0x0, 0x0, 0x0, 0x0,
    0x2f, 0xff, 0xff, 0xff, 0xff, 0xd0, 0x2f, 0xff,
    0xff, 0xff, 0xff, 0xd0, 0x2f, 0xf5, 0x11, 0x11,
    0x11, 0x10, 0x2f, 0xf4, 0x0, 0x0, 0x0, 0x0,
    0x2f, 0xf4, 0x0, 0x0, 0x0, 0x0, 0x2f, 0xf4,
    0x0, 0x0, 0x0, 0x0, 0x2f, 0xf5, 0x0, 0x0,
    0x0, 0x0, 0x2f, 0xff, 0xff, 0xff, 0xff, 0xf7,
    0x2f, 0xff, 0xff, 0xff, 0xff, 0xf7,

    /* U+00CA "Ê" */
    0x0, 0x0, 0xaf, 0xfd, 0x0, 0x0, 0x0, 0x5,
    0xfe, 0xaf, 0xa0, 0x0, 0x0, 0x1e, 0xf3, 0xd,
    0xf5, 0x0, 0x0, 0x0, 0x0, 0x0, 0x0, 0x0,
    0x0, 0x0, 0x0, 0x0, 0x0, 0x0, 0x2f, 0xff,
    0xff, 0xff, 0xff, 0xf3, 0x2f, 0xff, 0xff, 0xff,
    0xff, 0xf3, 0x2f, 0xf5, 0x0, 0x0, 0x0, 0x0,
    0x2f, 0xf4, 0x0, 0x0, 0x0, 0x0, 0x2f, 0xf4,
    0x0, 0x0, 0x0, 0x0, 0x2f, 0xf4, 0x0, 0x0,
    0x0, 0x0, 0x2f, 0xff, 0xff, 0xff, 0xff, 0xd0,
    0x2f, 0xff, 0xff, 0xff, 0xff, 0xd0, 0x2f, 0xf5,
    0x11, 0x11, 0x11, 0x10, 0x2f, 0xf4, 0x0, 0x0,
    0x0, 0x0, 0x2f, 0xf4, 0x0, 0x0, 0x0, 0x0,
    0x2f, 0xf4, 0x0, 0x0, 0x0, 0x0, 0x2f, 0xf5,
    0x0, 0x0, 0x0, 0x0, 0x2f, 0xff, 0xff, 0xff,
    0xff, 0xf7, 0x2f, 0xff, 0xff, 0xff, 0xff, 0xf7,

    /* U+00CB "Ë" */
    0x0, 0x28, 0x81, 0x7, 0x84, 0x0, 0x0, 0x4f,
    0xf3, 0xd, 0xf9, 0x0, 0x0, 0x4f, 0xf3, 0xd,
    0xf9, 0x0, 0x0, 0x0, 0x0, 0x0, 0x0, 0x0,
    0x0, 0x0, 0x0, 0x0, 0x0, 0x0, 0x2f, 0xff,
    0xff, 0xff, 0xff, 0xf3, 0x2f, 0xff, 0xff, 0xff,
    0xff, 0xf3, 0x2f, 0xf5, 0x0, 0x0, 0x0, 0x0,
    0x2f, 0xf4, 0x0, 0x0, 0x0, 0x0, 0x2f, 0xf4,
    0x0, 0x0, 0x0, 0x0, 0x2f, 0xf4, 0x0, 0x0,
    0x0, 0x0, 0x2f, 0xff, 0xff, 0xff, 0xff, 0xd0,
    0x2f, 0xff, 0xff, 0xff, 0xff, 0xd0, 0x2f, 0xf5,
    0x11, 0x11, 0x11, 0x10, 0x2f, 0xf4, 0x0, 0x0,
    0x0, 0x0, 0x2f, 0xf4, 0x0, 0x0, 0x0, 0x0,
    0x2f, 0xf4, 0x0, 0x0, 0x0, 0x0, 0x2f, 0xf5,
    0x0, 0x0, 0x0, 0x0, 0x2f, 0xff, 0xff, 0xff,
    0xff, 0xf7, 0x2f, 0xff, 0xff, 0xff, 0xff, 0xf7,

    /* U+00CC "Ì" */
    0x0, 0x0, 0x9, 0xff, 0x20, 0xc, 0xf9, 0x0,
    0x1e, 0xf2, 0x0, 0x0, 0x0, 0x0, 0x0, 0x2,
    0xff, 0x40, 0x2f, 0xf4, 0x2, 0xff, 0x40, 0x2f,
    0xf4, 0x2, 0xff, 0x40, 0x2f, 0xf4, 0x2, 0xff,
    0x40, 0x2f, 0xf4, 0x2, 0xff, 0x40, 0x2f, 0xf4,
    0x2, 0xff, 0x40, 0x2f, 0xf4, 0x2, 0xff, 0x40,
    0x2f, 0xf4, 0x2, 0xff, 0x40,

    /* U+00CD "Í" */
    0x0, 0x0, 0x0, 0x0, 0xbf, 0xd0, 0x3, 0xff,
    0x20, 0xc, 0xf4, 0x0, 0x0, 0x0, 0x0, 0x0,
    0x0, 0x0, 0x2f, 0xf4, 0x0, 0x2f, 0xf4, 0x0,
    0x2f, 0xf4, 0x0, 0x2f, 0xf4, 0x0, 0x2f, 0xf4,
    0x0, 0x2f, 0xf4, 0x0, 0x2f, 0xf4, 0x0, 0x2f,
    0xf4, 0x0, 0x2f, 0xf4, 0x0, 0x2f, 0xf4, 0x0,
    0x2f, 0xf4, 0x0, 0x2f, 0xf4, 0x0, 0x2f, 0xf4,
    0x0, 0x2f, 0xf4, 0x0, 0x2f, 0xf4, 0x0,

    /* U+00CE "Î" */
    0x0, 0xbf, 0xfc, 0x0, 0x6, 0xfd, 0xbf, 0x80,
    0x2f, 0xe2, 0x1e, 0xf4, 0x0, 0x0, 0x0, 0x0,
    0x0, 0x0, 0x0, 0x0, 0x0, 0x2f, 0xf4, 0x0,
    0x0, 0x2f, 0xf4, 0x0, 0x0, 0x2f, 0xf4, 0x0,
    0x0, 0x2f, 0xf4, 0x0, 0x0, 0x2f, 0xf4, 0x0,
    0x0, 0x2f, 0xf4, 0x0, 0x0, 0x2f, 0xf4, 0x0,
    0x0, 0x2f, 0xf4, 0x0, 0x0, 0x2f, 0xf4, 0x0,
    0x0, 0x2f, 0xf4, 0x0, 0x0, 0x2f, 0xf4, 0x0,
    0x0, 0x2f, 0xf4, 0x0, 0x0, 0x2f, 0xf4, 0x0,
    0x0, 0x2f, 0xf4, 0x0, 0x0, 0x2f, 0xf4, 0x0,

    /* U+00CF "Ï" */
    0x38, 0x81, 0x8, 0x84, 0x5f, 0xf2, 0xf, 0xf7,
    0x5f, 0xf2, 0xf, 0xf7, 0x0, 0x0, 0x0, 0x0,
    0x0, 0x0, 0x0, 0x0, 0x0, 0x2f, 0xf4, 0x0,
    0x0, 0x2f, 0xf4, 0x0, 0x0, 0x2f, 0xf4, 0x0,
    0x0, 0x2f, 0xf4, 0x0, 0x0, 0x2f, 0xf4, 0x0,
    0x0, 0x2f, 0xf4, 0x0, 0x0, 0x2f, 0xf4, 0x0,
    0x0, 0x2f, 0xf4, 0x0, 0x0, 0x2f, 0xf4, 0x0,
    0x0, 0x2f, 0xf4, 0x0, 0x0, 0x2f, 0xf4, 0x0,
    0x0, 0x2f, 0xf4, 0x0, 0x0, 0x2f, 0xf4, 0x0,
    0x0, 0x2f, 0xf4, 0x0, 0x0, 0x2f, 0xf4, 0x0,

    /* U+00D0 "Ð" */
    0x0, 0xff, 0xff, 0xff, 0xca, 0x71, 0x0, 0x0,
    0x0, 0xff, 0xff, 0xff, 0xff, 0xfe, 0x70, 0x0,
    0x0, 0xff, 0x70, 0x1, 0x47, 0xef, 0xfa, 0x0,
    0x0, 0xff, 0x70, 0x0, 0x0, 0xa, 0xff, 0x50,
    0x0, 0xff, 0x70, 0x0, 0x0, 0x1, 0xef, 0xc0,
    0x0, 0xff, 0x70, 0x0, 0x0, 0x0, 0x8f, 0xf1,
    0x6c, 0xff, 0xec, 0xa0, 0x0, 0x0, 0x6f, 0xf2,
    0x8f, 0xff, 0xff, 0xc0, 0x0, 0x0, 0x4f, 0xf3,
    0x0, 0xff, 0x70, 0x0, 0x0, 0x0, 0x6f, 0xf2,
    0x0, 0xff, 0x70, 0x0, 0x0, 0x0, 0x8f, 0xf0,
    0x0, 0xff, 0x70, 0x0, 0x0, 0x1, 0xef, 0xb0,
    0x0, 0xff, 0x70, 0x0, 0x0, 0xb, 0xff, 0x30,
    0x0, 0xff, 0x80, 0x1, 0x37, 0xef, 0xf8, 0x0,
    0x0, 0xff, 0xff, 0xff, 0xff, 0xfe, 0x60, 0x0,
    0x0, 0xff, 0xff, 0xff, 0xec, 0x81, 0x0, 0x0,

    /* U+00D1 "Ñ" */
    0x0, 0x0, 0x4d, 0xe9, 0x28, 0xf6, 0x0, 0x0,
    0x0, 0xd, 0xfe, 0xff, 0xff, 0x20, 0x0, 0x0,
    0x0, 0xca, 0x2, 0x8b, 0x50, 0x0, 0x0, 0x0,
    0x0, 0x0, 0x0, 0x0, 0x0, 0x0, 0x0, 0x0,
    0x0, 0x0, 0x0, 0x0, 0x0, 0x2, 0xff, 0xfc,
    0x0, 0x0, 0x0, 0x4f, 0xf2, 0x2f, 0xff, 0xf6,
    0x0, 0x0, 0x4, 0xff, 0x22, 0xff, 0xdf, 0xe1,
    0x0, 0x0, 0x4f, 0xf2, 0x2f, 0xf5, 0xff, 0x90,
    0x0, 0x4, 0xff, 0x22, 0xff, 0x47, 0xff, 0x30,
    0x0, 0x4f, 0xf2, 0x2f, 0xf4, 0xd, 0xfc, 0x0,
    0x4, 0xff, 0x22, 0xff, 0x40, 0x3f, 0xf6, 0x0,
    0x4f, 0xf2, 0x2f, 0xf4, 0x0, 0xaf, 0xe1, 0x4,
    0xff, 0x22, 0xff, 0x40, 0x1, 0xff, 0x90, 0x4f,
    0xf2, 0x2f, 0xf4, 0x0, 0x7, 0xff, 0x34, 0xff,
    0x22, 0xff, 0x40, 0x0, 0xd, 0xfc, 0x4f, 0xf2,
    0x2f, 0xf4, 0x0, 0x0, 0x3f, 0xfa, 0xff, 0x22,
    0xff, 0x40, 0x0, 0x0, 0xaf, 0xff, 0xf2, 0x2f,
    0xf4, 0x0, 0x0, 0x1, 0xff, 0xff, 0x22, 0xff,
    0x40, 0x0, 0x0, 0x7, 0xff, 0xf2,

    /* U+00D2 "Ò" */
    0x0, 0x0, 0x0, 0x0, 0x0, 0x0, 0x0, 0x0,
    0x0, 0x0, 0x4, 0xff, 0x60, 0x0, 0x0, 0x0,
    0x0, 0x0, 0x0, 0x7f, 0xe0, 0x0, 0x0, 0x0,
    0x0, 0x0, 0x0, 0xa, 0xf6, 0x0, 0x0, 0x0,
    0x0, 0x0, 0x0, 0x0, 0x0, 0x0, 0x0, 0x0,
    0x0, 0x0, 0x0, 0x0, 0x0, 0x0, 0x0, 0x0,
    0x0, 0x0, 0x7, 0xce, 0xfe, 0xa5, 0x0, 0x0,
    0x0, 0x3, 0xdf, 0xff, 0xff, 0xff, 0xb1, 0x0,
    0x0, 0x3f, 0xfe, 0x73, 0x14, 0x9f, 0xfe, 0x10,
    0x0, 0xdf, 0xd1, 0x0, 0x0, 0x4, 0xff, 0xa0,
    0x7, 0xff, 0x40, 0x0, 0x0, 0x0, 0x8f, 0xf3,
    0xc, 0xfc, 0x0, 0x0, 0x0, 0x0, 0xf, 0xf8,
    0xf, 0xf9, 0x0, 0x0, 0x0, 0x0, 0xe, 0xfb,
    0xf, 0xf8, 0x0, 0x0, 0x0, 0x0, 0xc, 0xfc,
    0xf, 0xf9, 0x0, 0x0, 0x0, 0x0, 0xd, 0xfb,
    0xc, 0xfc, 0x0, 0x0, 0x0, 0x0, 0xf, 0xf9,
    0x8, 0xff, 0x30, 0x0, 0x0, 0x0, 0x7f, 0xf4,
    0x0, 0xdf, 0xd1, 0x0, 0x0, 0x3, 0xff, 0xa0,
    0x0, 0x4f, 0xfe, 0x63, 0x13, 0x8f, 0xfe, 0x10,
    0x0, 0x4, 0xdf, 0xff, 0xff, 0xff, 0xb2, 0x0,
    0x0, 0x0, 0x7, 0xce, 0xfe, 0xb5, 0x0, 0x0,

    /* U+00D3 "Ó" */
    0x0, 0x0, 0x0, 0x0, 0x0, 0x0, 0x0, 0x0,
    0x0, 0x0, 0x0, 0x0, 0x6f, 0xf3, 0x0, 0x0,
    0x0, 0x0, 0x0, 0x0, 0xef, 0x60, 0x0, 0x0,
    0x0, 0x0, 0x0, 0x7, 0xf9, 0x0, 0x0, 0x0,
    0x0, 0x0, 0x0, 0x0, 0x0, 0x0, 0x0, 0x0,
    0x0, 0x0, 0x0, 0x0, 0x0, 0x0, 0x0, 0x0,
    0x0, 0x0, 0x7, 0xce, 0xfe, 0xa5, 0x0, 0x0,
    0x0, 0x3, 0xdf, 0xff, 0xff, 0xff, 0xb1, 0x0,
    0x0, 0x3f, 0xfe, 0x73, 0x14, 0x9f, 0xfe, 0x10,
    0x0, 0xdf, 0xd1, 0x0, 0x0, 0x4, 0xff, 0xa0,
    0x7, 0xff, 0x40, 0x0, 0x0, 0x0, 0x8f, 0xf3,
    0xc, 0xfc, 0x0, 0x0, 0x0, 0x0, 0xf, 0xf8,
    0xf, 0xf9, 0x0, 0x0, 0x0, 0x0, 0xe, 0xfb,
    0xf, 0xf8, 0x0, 0x0, 0x0, 0x0, 0xc, 0xfc,
    0xf, 0xf9, 0x0, 0x0, 0x0, 0x0, 0xd, 0xfb,
    0xc, 0xfc, 0x0, 0x0, 0x0, 0x0, 0xf, 0xf9,
    0x8, 0xff, 0x30, 0x0, 0x0, 0x0, 0x7f, 0xf4,
    0x0, 0xdf, 0xd1, 0x0, 0x0, 0x3, 0xff, 0xa0,
    0x0, 0x4f, 0xfe, 0x63, 0x13, 0x8f, 0xfe, 0x10,
    0x0, 0x4, 0xdf, 0xff, 0xff, 0xff, 0xb2, 0x0,
    0x0, 0x0, 0x7, 0xce, 0xfe, 0xb5, 0x0, 0x0,

    /* U+00D4 "Ô" */
    0x0, 0x0, 0x0, 0x6f, 0xff, 0x20, 0x0, 0x0,
    0x0, 0x0, 0x2, 0xff, 0x9f, 0xd0, 0x0, 0x0,
    0x0, 0x0, 0xc, 0xf6, 0xa, 0xf8, 0x0, 0x0,
    0x0, 0x0, 0x0, 0x0, 0x0, 0x0, 0x0, 0x0,
    0x0, 0x0, 0x0, 0x0, 0x0, 0x0, 0x0, 0x0,
    0x0, 0x0, 0x7, 0xce, 0xfe, 0xa5, 0x0, 0x0,
    0x0, 0x3, 0xdf, 0xff, 0xff, 0xff, 0xb1, 0x0,
    0x0, 0x3f, 0xfe, 0x73, 0x14, 0x9f, 0xfe, 0x10,
    0x0, 0xdf, 0xd1, 0x0, 0x0, 0x4, 0xff, 0xa0,
    0x7, 0xff, 0x40, 0x0, 0x0, 0x0, 0x8f, 0xf3,
    0xc, 0xfc, 0x0, 0x0, 0x0, 0x0, 0xf, 0xf8,
    0xf, 0xf9, 0x0, 0x0, 0x0, 0x0, 0xe, 0xfb,
    0xf, 0xf8, 0x0, 0x0, 0x0, 0x0, 0xc, 0xfc,
    0xf, 0xf9, 0x0, 0x0, 0x0, 0x0, 0xd, 0xfb,
    0xc, 0xfc, 0x0, 0x0, 0x0, 0x0, 0xf, 0xf9,
    0x8, 0xff, 0x30, 0x0, 0x0, 0x0, 0x7f, 0xf4,
    0x0, 0xdf, 0xd1, 0x0, 0x0, 0x3, 0xff, 0xa0,
    0x0, 0x4f, 0xfe, 0x63, 0x13, 0x8f, 0xfe, 0x10,
    0x0, 0x4, 0xdf, 0xff, 0xff, 0xff, 0xb2, 0x0,
    0x0, 0x0, 0x7, 0xce, 0xfe, 0xb5, 0x0, 0x0,

    /* U+00D5 "Õ" */
    0x0, 0x0, 0x8, 0xef, 0xdc, 0xff, 0x0, 0x0,
    0x0, 0x0, 0x4f, 0xec, 0xef, 0xd6, 0x0, 0x0,
    0x0, 0x0, 0x0, 0x0, 0x0, 0x0, 0x0, 0x0,
    0x0, 0x0, 0x0, 0x0, 0x0, 0x0, 0x0, 0x0,
    0x0, 0x0, 0x0, 0x0, 0x0, 0x0, 0x0, 0x0,
    0x0, 0x0, 0x7, 0xce, 0xfe, 0xa5, 0x0, 0x0,
    0x0, 0x3, 0xdf, 0xff, 0xff, 0xff, 0xb1, 0x0,
    0x0, 0x3f, 0xfe, 0x73, 0x14, 0x9f, 0xfe, 0x10,
    0x0, 0xdf, 0xd1, 0x0, 0x0, 0x4, 0xff, 0xa0,
    0x7, 0xff, 0x40, 0x0, 0x0, 0x0, 0x8f, 0xf3,
    0xc, 0xfc, 0x0, 0x0, 0x0, 0x0, 0xf, 0xf8,
    0xf, 0xf9, 0x0, 0x0, 0x0, 0x0, 0xe, 0xfb,
    0xf, 0xf8, 0x0, 0x0, 0x0, 0x0, 0xc, 0xfc,
    0xf, 0xf9, 0x0, 0x0, 0x0, 0x0, 0xd, 0xfb,
    0xc, 0xfc, 0x0, 0x0, 0x0, 0x0, 0xf, 0xf9,
    0x8, 0xff, 0x30, 0x0, 0x0, 0x0, 0x7f, 0xf4,
    0x0, 0xdf, 0xd1, 0x0, 0x0, 0x3, 0xff, 0xa0,
    0x0, 0x4f, 0xfe, 0x63, 0x13, 0x8f, 0xfe, 0x10,
    0x0, 0x4, 0xdf, 0xff, 0xff, 0xff, 0xb2, 0x0,
    0x0, 0x0, 0x7, 0xce, 0xfe, 0xb5, 0x0, 0x0,

    /* U+00D6 "Ö" */
    0x0, 0x0, 0xf, 0xf6, 0xa, 0xfc, 0x0, 0x0,
    0x0, 0x0, 0xf, 0xf6, 0xa, 0xfc, 0x0, 0x0,
    0x0, 0x0, 0x8, 0x83, 0x5, 0x86, 0x0, 0x0,
    0x0, 0x0, 0x0, 0x0, 0x0, 0x0, 0x0, 0x0,
    0x0, 0x0, 0x0, 0x0, 0x0, 0x0, 0x0, 0x0,
    0x0, 0x0, 0x7, 0xce, 0xfe, 0xa5, 0x0, 0x0,
    0x0, 0x3, 0xdf, 0xff, 0xff, 0xff, 0xb1, 0x0,
    0x0, 0x3f, 0xfe, 0x73, 0x14, 0x9f, 0xfe, 0x10,
    0x0, 0xdf, 0xd1, 0x0, 0x0, 0x4, 0xff, 0xa0,
    0x7, 0xff, 0x40, 0x0, 0x0, 0x0, 0x8f, 0xf3,
    0xc, 0xfc, 0x0, 0x0, 0x0, 0x0, 0xf, 0xf8,
    0xf, 0xf9, 0x0, 0x0, 0x0, 0x0, 0xe, 0xfb,
    0xf, 0xf8, 0x0, 0x0, 0x0, 0x0, 0xc, 0xfc,
    0xf, 0xf9, 0x0, 0x0, 0x0, 0x0, 0xd, 0xfb,
    0xc, 0xfc, 0x0, 0x0, 0x0, 0x0, 0xf, 0xf9,
    0x8, 0xff, 0x30, 0x0, 0x0, 0x0, 0x7f, 0xf4,
    0x0, 0xdf, 0xd1, 0x0, 0x0, 0x3, 0xff, 0xa0,
    0x0, 0x4f, 0xfe, 0x63, 0x13, 0x8f, 0xfe, 0x10,
    0x0, 0x4, 0xdf, 0xff, 0xff, 0xff, 0xb2, 0x0,
    0x0, 0x0, 0x7, 0xce, 0xfe, 0xb5, 0x0, 0x0,

    /* U+00D7 "×" */
    0x0, 0x60, 0x0, 0x0, 0x6, 0x0, 0xb, 0xf8,
    0x0, 0x0, 0x8f, 0xb0, 0x5, 0xff, 0x80, 0x8,
    0xff, 0x50, 0x0, 0x5f, 0xf8, 0x8f, 0xf5, 0x0,
    0x0, 0x5, 0xff, 0xff, 0x50, 0x0, 0x0, 0x0,
    0xaf, 0xfb, 0x0, 0x0, 0x0, 0x8, 0xff, 0xff,
    0x80, 0x0, 0x0, 0x8f, 0xf5, 0x5f, 0xf8, 0x0,
    0x8, 0xff, 0x50, 0x5, 0xff, 0x80, 0xa, 0xf5,
    0x0, 0x0, 0x5f, 0xa0, 0x0, 0x30, 0x0, 0x0,
    0x3, 0x0,

    /* U+00D8 "Ø" */
    0x0, 0x0, 0x0, 0x0, 0x0, 0x0, 0x3, 0x0,
    0x0, 0x0, 0x7, 0xce, 0xfd, 0xa3, 0x1e, 0xd1,
    0x0, 0x4, 0xdf, 0xff, 0xff, 0xff, 0xff, 0x90,
    0x0, 0x4f, 0xfe, 0x73, 0x13, 0x9f, 0xff, 0x10,
    0x0, 0xdf, 0xd1, 0x0, 0x0, 0x7f, 0xff, 0x90,
    0x7, 0xff, 0x40, 0x0, 0x4, 0xff, 0xaf, 0xf2,
    0xc, 0xfc, 0x0, 0x0, 0x2f, 0xf5, 0x1f, 0xf8,
    0xf, 0xf9, 0x0, 0x1, 0xdf, 0x70, 0xd, 0xfb,
    0xf, 0xf8, 0x0, 0xc, 0xfa, 0x0, 0xc, 0xfc,
    0xf, 0xf9, 0x0, 0xaf, 0xc0, 0x0, 0xd, 0xfb,
    0xc, 0xfc, 0x7, 0xfe, 0x10, 0x0, 0xf, 0xf9,
    0x7, 0xff, 0x7f, 0xf2, 0x0, 0x0, 0x7f, 0xf4,
    0x0, 0xdf, 0xff, 0x40, 0x0, 0x3, 0xff, 0xb0,
    0x0, 0x4f, 0xfe, 0x62, 0x13, 0x8f, 0xfe, 0x10,
    0x0, 0xbf, 0xff, 0xff, 0xff, 0xff, 0xb2, 0x0,
    0x3, 0xfd, 0x16, 0xce, 0xfe, 0xb5, 0x0, 0x0,
    0x0, 0x22, 0x0, 0x0, 0x0, 0x0, 0x0, 0x0,

    /* U+00D9 "Ù" */
    0x0, 0x0, 0x0, 0x0, 0x0, 0x0, 0x0, 0x0,
    0x1d, 0xfc, 0x0, 0x0, 0x0, 0x0, 0x0, 0x2f,
    0xf4, 0x0, 0x0, 0x0, 0x0, 0x0, 0x5f, 0xc0,
    0x0, 0x0, 0x0, 0x0, 0x0, 0x0, 0x0, 0x0,
    0x0, 0x0, 0x0, 0x0, 0x0, 0x0, 0x0, 0x4f,
    0xf2, 0x0, 0x0, 0x0, 0xaf, 0xb4, 0xff, 0x20,
    0x0, 0x0, 0xa, 0xfb, 0x4f, 0xf2, 0x0, 0x0,
    0x0, 0xaf, 0xb4, 0xff, 0x20, 0x0, 0x0, 0xa,
    0xfb, 0x4f, 0xf2, 0x0, 0x0, 0x0, 0xaf, 0xb4,
    0xff, 0x20, 0x0, 0x0, 0xa, 0xfb, 0x4f, 0xf2,
    0x0, 0x0, 0x0, 0xaf, 0xb4, 0xff, 0x20, 0x0,
    0x0, 0xa, 0xfb, 0x4f, 0xf2, 0x0, 0x0, 0x0,
    0xbf, 0xb3, 0xff, 0x30, 0x0, 0x0, 0xc, 0xfa,
    0x1f, 0xf6, 0x0, 0x0, 0x0, 0xef, 0x80, 0xef,
    0xd0, 0x0, 0x0, 0x6f, 0xf5, 0x5, 0xff, 0xc3,
    0x12, 0x7f, 0xfc, 0x0, 0x9, 0xff, 0xff, 0xff,
    0xfd, 0x20, 0x0, 0x3, 0xad, 0xfe, 0xb7, 0x0,
    0x0,

    /* U+00DA "Ú" */
    0x0, 0x0, 0x0, 0x0, 0x0, 0x0, 0x0, 0x0,
    0x0, 0x1, 0xff, 0x80, 0x0, 0x0, 0x0, 0x0,
    0x9f, 0xb0, 0x0, 0x0, 0x0, 0x0, 0x2f, 0xd1,
    0x0, 0x0, 0x0, 0x0, 0x0, 0x0, 0x0, 0x0,
    0x0, 0x0, 0x0, 0x0, 0x0, 0x0, 0x0, 0x4f,
    0xf2, 0x0, 0x0, 0x0, 0xaf, 0xb4, 0xff, 0x20,
    0x0, 0x0, 0xa, 0xfb, 0x4f, 0xf2, 0x0, 0x0,
    0x0, 0xaf, 0xb4, 0xff, 0x20, 0x0, 0x0, 0xa,
    0xfb, 0x4f, 0xf2, 0x0, 0x0, 0x0, 0xaf, 0xb4,
    0xff, 0x20, 0x0, 0x0, 0xa, 0xfb, 0x4f, 0xf2,
    0x0, 0x0, 0x0, 0xaf, 0xb4, 0xff, 0x20, 0x0,
    0x0, 0xa, 0xfb, 0x4f, 0xf2, 0x0, 0x0, 0x0,
    0xbf, 0xb3, 0xff, 0x30, 0x0, 0x0, 0xc, 0xfa,
    0x1f, 0xf6, 0x0, 0x0, 0x0, 0xef, 0x80, 0xef,
    0xd0, 0x0, 0x0, 0x6f, 0xf5, 0x5, 0xff, 0xc3,
    0x12, 0x7f, 0xfc, 0x0, 0x9, 0xff, 0xff, 0xff,
    0xfd, 0x20, 0x0, 0x3, 0xad, 0xfe, 0xb7, 0x0,
    0x0,

    /* U+00DB "Û" */
    0x0, 0x0, 0x2f, 0xff, 0x70, 0x0, 0x0, 0x0,
    0xc, 0xf9, 0xff, 0x30, 0x0, 0x0, 0x7, 0xfb,
    0x5, 0xfd, 0x0, 0x0, 0x0, 0x0, 0x0, 0x0,
    0x0, 0x0, 0x0, 0x0, 0x0, 0x0, 0x0, 0x0,
    0x4, 0xff, 0x20, 0x0, 0x0, 0xa, 0xfb, 0x4f,
    0xf2, 0x0, 0x0, 0x0, 0xaf, 0xb4, 0xff, 0x20,
    0x0, 0x0, 0xa, 0xfb, 0x4f, 0xf2, 0x0, 0x0,
    0x0, 0xaf, 0xb4, 0xff, 0x20, 0x0, 0x0, 0xa,
    0xfb, 0x4f, 0xf2, 0x0, 0x0, 0x0, 0xaf, 0xb4,
    0xff, 0x20, 0x0, 0x0, 0xa, 0xfb, 0x4f, 0xf2,
    0x0, 0x0, 0x0, 0xaf, 0xb4, 0xff, 0x20, 0x0,
    0x0, 0xb, 0xfb, 0x3f, 0xf3, 0x0, 0x0, 0x0,
    0xcf, 0xa1, 0xff, 0x60, 0x0, 0x0, 0xe, 0xf8,
    0xe, 0xfd, 0x0, 0x0, 0x6, 0xff, 0x50, 0x5f,
    0xfc, 0x31, 0x27, 0xff, 0xc0, 0x0, 0x9f, 0xff,
    0xff, 0xff, 0xd2, 0x0, 0x0, 0x3a, 0xdf, 0xeb,
    0x70, 0x0,

    /* U+00DC "Ü" */
    0x0, 0xb, 0xfc, 0x5, 0xff, 0x10, 0x0, 0x0,
    0xbf, 0xc0, 0x5f, 0xf1, 0x0, 0x0, 0x5, 0x86,
    0x2, 0x88, 0x10, 0x0, 0x0, 0x0, 0x0, 0x0,
    0x0, 0x0, 0x0, 0x0, 0x0, 0x0, 0x0, 0x0,
    0x4, 0xff, 0x20, 0x0, 0x0, 0xa, 0xfb, 0x4f,
    0xf2, 0x0, 0x0, 0x0, 0xaf, 0xb4, 0xff, 0x20,
    0x0, 0x0, 0xa, 0xfb, 0x4f, 0xf2, 0x0, 0x0,
    0x0, 0xaf, 0xb4, 0xff, 0x20, 0x0, 0x0, 0xa,
    0xfb, 0x4f, 0xf2, 0x0, 0x0, 0x0, 0xaf, 0xb4,
    0xff, 0x20, 0x0, 0x0, 0xa, 0xfb, 0x4f, 0xf2,
    0x0, 0x0, 0x0, 0xaf, 0xb4, 0xff, 0x20, 0x0,
    0x0, 0xb, 0xfb, 0x3f, 0xf3, 0x0, 0x0, 0x0,
    0xcf, 0xa1, 0xff, 0x60, 0x0, 0x0, 0xe, 0xf8,
    0xe, 0xfd, 0x0, 0x0, 0x6, 0xff, 0x50, 0x5f,
    0xfc, 0x31, 0x27, 0xff, 0xc0, 0x0, 0x9f, 0xff,
    0xff, 0xff, 0xd2, 0x0, 0x0, 0x3a, 0xdf, 0xeb,
    0x70, 0x0,

    /* U+00DD "Ý" */
    0x0, 0x0, 0x0, 0x0, 0x0, 0x0, 0x0, 0x0,
    0x0, 0x0, 0xd, 0xfb, 0x0, 0x0, 0x0, 0x0,
    0x0, 0x5f, 0xd1, 0x0, 0x0, 0x0, 0x0, 0x0,
    0xdf, 0x30, 0x0, 0x0, 0x0, 0x0, 0x0, 0x0,
    0x0, 0x0, 0x0, 0x0, 0x0, 0x0, 0x0, 0x0,
    0x0, 0x0, 0x9f, 0xf3, 0x0, 0x0, 0x0, 0x5f,
    0xf5, 0xe, 0xfc, 0x0, 0x0, 0x1, 0xef, 0xb0,
    0x5, 0xff, 0x60, 0x0, 0x9, 0xff, 0x20, 0x0,
    0xbf, 0xe1, 0x0, 0x3f, 0xf7, 0x0, 0x0, 0x1f,
    0xf9, 0x0, 0xcf, 0xc0, 0x0, 0x0, 0x6, 0xff,
    0x36, 0xff, 0x20, 0x0, 0x0, 0x0, 0xcf, 0xce,
    0xf8, 0x0, 0x0, 0x0, 0x0, 0x2f, 0xff, 0xd0,
    0x0, 0x0, 0x0, 0x0, 0x8, 0xff, 0x40, 0x0,
    0x0, 0x0, 0x0, 0x5, 0xff, 0x10, 0x0, 0x0,
    0x0, 0x0, 0x5, 0xff, 0x10, 0x0, 0x0, 0x0,
    0x0, 0x5, 0xff, 0x10, 0x0, 0x0, 0x0, 0x0,
    0x5, 0xff, 0x10, 0x0, 0x0, 0x0, 0x0, 0x5,
    0xff, 0x10, 0x0, 0x0, 0x0, 0x0, 0x5, 0xff,
    0x10, 0x0, 0x0,

    /* U+00DE "Þ" */
    0x2f, 0xf4, 0x0, 0x0, 0x0, 0x0, 0x2, 0xff,
    0x40, 0x0, 0x0, 0x0, 0x0, 0x2f, 0xf5, 0x0,
    0x0, 0x0, 0x0, 0x2, 0xff, 0xff, 0xff, 0xfe,
    0xa3, 0x0, 0x2f, 0xff, 0xff, 0xff, 0xff, 0xf5,
    0x2, 0xff, 0x40, 0x0, 0x14, 0xdf, 0xf0, 0x2f,
    0xf4, 0x0, 0x0, 0x4, 0xff, 0x32, 0xff, 0x40,
    0x0, 0x0, 0x4f, 0xf3, 0x2f, 0xf4, 0x0, 0x1,
    0x4d, 0xff, 0x2, 0xff, 0xff, 0xff, 0xff, 0xff,
    0x50, 0x2f, 0xff, 0xff, 0xff, 0xea, 0x30, 0x2,
    0xff, 0x50, 0x0, 0x0, 0x0, 0x0, 0x2f, 0xf4,
    0x0, 0x0, 0x0, 0x0, 0x2, 0xff, 0x40, 0x0,
    0x0, 0x0, 0x0, 0x2f, 0xf4, 0x0, 0x0, 0x0,
    0x0, 0x0,

    /* U+00DF "ß" */
    0x0, 0x8, 0xce, 0xec, 0x71, 0x0, 0x3, 0xef,
    0xfd, 0xef, 0xfd, 0x10, 0xd, 0xfc, 0x10, 0x3,
    0xef, 0x90, 0x3f, 0xf2, 0x0, 0x0, 0x8f, 0xc0,
    0x6f, 0xd0, 0x0, 0x0, 0xaf, 0xa0, 0x7f, 0xc0,
    0x0, 0x28, 0xff, 0x20, 0x7f, 0xc0, 0x7f, 0xff,
    0xa2, 0x0, 0x7f, 0xc0, 0x5d, 0xff, 0xe5, 0x0,
    0x7f, 0xc0, 0x0, 0x5, 0xff, 0x50, 0x7f, 0xc0,
    0x0, 0x0, 0x7f, 0xd0, 0x7f, 0xc0, 0x0, 0x0,
    0x4f, 0xf0, 0x7f, 0xc0, 0x0, 0x0, 0x7f, 0xe0,
    0x7f, 0xc0, 0x0, 0x6, 0xff, 0xa0, 0x7f, 0xc0,
    0x9f, 0xff, 0xfd, 0x10, 0x7f, 0xc0, 0x9f, 0xec,
    0x70, 0x0,

    /* U+00E0 "à" */
    0x0, 0xd, 0xfc, 0x0, 0x0, 0x0, 0x0, 0x2f,
    0xf4, 0x0, 0x0, 0x0, 0x0, 0x5f, 0xc0, 0x0,
    0x0, 0x0, 0x0, 0x0, 0x0, 0x0, 0x0, 0x8,
    0xdf, 0xda, 0x20, 0x0, 0xd, 0xff, 0xce, 0xff,
    0x20, 0x8, 0xfe, 0x10, 0x8, 0xfb, 0x0, 0x7a,
    0x60, 0x0, 0x5f, 0xe0, 0x0, 0x2, 0x68, 0xbf,
    0xff, 0x0, 0x1b, 0xff, 0xfd, 0xaf, 0xf0, 0xb,
    0xfe, 0x61, 0x2, 0xff, 0x0, 0xff, 0x50, 0x0,
    0x5f, 0xf0, 0xf, 0xf8, 0x0, 0x2d, 0xff, 0x0,
    0x8f, 0xfe, 0xcf, 0xbf, 0xf0, 0x0, 0x6d, 0xfc,
    0x81, 0xff, 0x0,

    /* U+00E1 "á" */
    0x0, 0x0, 0x1, 0xef, 0x90, 0x0, 0x0, 0x0,
    0x8f, 0xc0, 0x0, 0x0, 0x0, 0x1f, 0xe1, 0x0,
    0x0, 0x0, 0x0, 0x0, 0x0, 0x0, 0x0, 0x8,
    0xdf, 0xda, 0x20, 0x0, 0xd, 0xff, 0xce, 0xff,
    0x20, 0x8, 0xfe, 0x10, 0x8, 0xfb, 0x0, 0x7a,
    0x60, 0x0, 0x5f, 0xe0, 0x0, 0x2, 0x68, 0xbf,
    0xff, 0x0, 0x1b, 0xff, 0xfd, 0xaf, 0xf0, 0xb,
    0xfe, 0x61, 0x2, 0xff, 0x0, 0xff, 0x50, 0x0,
    0x5f, 0xf0, 0xf, 0xf8, 0x0, 0x2d, 0xff, 0x0,
    0x8f, 0xfe, 0xcf, 0xbf, 0xf0, 0x0, 0x6d, 0xfc,
    0x81, 0xff, 0x0,

    /* U+00E2 "â" */
    0x0, 0x1, 0xef, 0xf8, 0x0, 0x0, 0x0, 0xcf,
    0x9e, 0xf4, 0x0, 0x0, 0x7f, 0xc0, 0x4f, 0xd1,
    0x0, 0x0, 0x0, 0x0, 0x0, 0x0, 0x0, 0x8,
    0xdf, 0xda, 0x20, 0x0, 0xd, 0xff, 0xce, 0xff,
    0x20, 0x8, 0xfe, 0x10, 0x8, 0xfb, 0x0, 0x7a,
    0x60, 0x0, 0x5f, 0xe0, 0x0, 0x2, 0x68, 0xbf,
    0xff, 0x0, 0x1b, 0xff, 0xfd, 0xaf, 0xf0, 0xb,
    0xfe, 0x61, 0x2, 0xff, 0x0, 0xff, 0x50, 0x0,
    0x5f, 0xf0, 0xf, 0xf8, 0x0, 0x2d, 0xff, 0x0,
    0x8f, 0xfe, 0xcf, 0xbf, 0xf0, 0x0, 0x6d, 0xfc,
    0x81, 0xff, 0x0,

    /* U+00E3 "ã" */
    0x0, 0x5e, 0xfe, 0xcd, 0xf7, 0x0, 0xe, 0xfc,
    0xde, 0xea, 0x10, 0x0, 0x0, 0x0, 0x0, 0x0,
    0x0, 0x0, 0x0, 0x0, 0x0, 0x0, 0x0, 0x8,
    0xdf, 0xda, 0x20, 0x0, 0xd, 0xff, 0xce, 0xff,
    0x20, 0x8, 0xfe, 0x10, 0x8, 0xfb, 0x0, 0x7a,
    0x60, 0x0, 0x5f, 0xe0, 0x0, 0x2, 0x68, 0xbf,
    0xff, 0x0, 0x1b, 0xff, 0xfd, 0xaf, 0xf0, 0xb,
    0xfe, 0x61, 0x2, 0xff, 0x0, 0xff, 0x50, 0x0,
    0x5f, 0xf0, 0xf, 0xf8, 0x0, 0x2d, 0xff, 0x0,
    0x8f, 0xfe, 0xcf, 0xbf, 0xf0, 0x0, 0x6d, 0xfc,
    0x81, 0xff, 0x0,

    /* U+00E4 "ä" */
    0x0, 0xaf, 0xc0, 0x4f, 0xf2, 0x0, 0xa, 0xfc,
    0x4, 0xff, 0x20, 0x0, 0x58, 0x60, 0x28, 0x81,
    0x0, 0x0, 0x0, 0x0, 0x0, 0x0, 0x0, 0x8,
    0xdf, 0xda, 0x20, 0x0, 0xd, 0xff, 0xce, 0xff,
    0x20, 0x8, 0xfe, 0x10, 0x8, 0xfb, 0x0, 0x7a,
    0x60, 0x0, 0x5f, 0xe0, 0x0, 0x2, 0x68, 0xbf,
    0xff, 0x0, 0x1b, 0xff, 0xfd, 0xaf, 0xf0, 0xb,
    0xfe, 0x61, 0x2, 0xff, 0x0, 0xff, 0x50, 0x0,
    0x5f, 0xf0, 0xf, 0xf8, 0x0, 0x2d, 0xff, 0x0,
    0x8f, 0xfe, 0xcf, 0xbf, 0xf0, 0x0, 0x6d, 0xfc,
    0x81, 0xff, 0x0,

    /* U+00E5 "å" */
    0x0, 0x0, 0x9e, 0xc3, 0x0, 0x0, 0x0, 0x3f,
    0x6c, 0xb0, 0x0, 0x0, 0x0, 0xcf, 0xf6, 0x0,
    0x0, 0x0, 0x0, 0x10, 0x0, 0x0, 0x0, 0x8,
    0xdf, 0xda, 0x20, 0x0, 0xd, 0xff, 0xce, 0xff,
    0x20, 0x8, 0xfe, 0x10, 0x8, 0xfb, 0x0, 0x7a,
    0x60, 0x0, 0x5f, 0xe0, 0x0, 0x2, 0x68, 0xbf,
    0xff, 0x0, 0x1b, 0xff, 0xfd, 0xaf, 0xf0, 0xb,
    0xfe, 0x61, 0x2, 0xff, 0x0, 0xff, 0x50, 0x0,
    0x5f, 0xf0, 0xf, 0xf8, 0x0, 0x2d, 0xff, 0x0,
    0x8f, 0xfe, 0xcf, 0xbf, 0xf0, 0x0, 0x6d, 0xfc,
    0x81, 0xff, 0x0,

    /* U+00E6 "æ" */
    0x0, 0x8, 0xdf, 0xd9, 0x10, 0x3a, 0xde, 0xb6,
    0x0, 0x0, 0xd, 0xff, 0xce, 0xfe, 0x7f, 0xfd,
    0xcf, 0xfa, 0x0, 0x8, 0xfe, 0x10, 0x8, 0xff,
    0xf3, 0x0, 0x2e, 0xf5, 0x0, 0x79, 0x50, 0x0,
    0x4f, 0xf7, 0x0, 0x0, 0x7f, 0xc0, 0x0, 0x2,
    0x68, 0xbf, 0xff, 0xb9, 0x99, 0x9b, 0xff, 0x0,
    0x1b, 0xff, 0xfd, 0x9f, 0xff, 0xff, 0xff, 0xff,
    0xf1, 0xb, 0xfd, 0x50, 0x2, 0xff, 0x40, 0x0,
    0x0, 0x0, 0x0, 0xff, 0x50, 0x0, 0x5f, 0xf8,
    0x0, 0x0, 0x3a, 0x90, 0xf, 0xf8, 0x0, 0x2d,
    0xef, 0xf5, 0x0, 0x2d, 0xfa, 0x0, 0x8f, 0xfe,
    0xdf, 0xf4, 0x8f, 0xfe, 0xdf, 0xfe, 0x10, 0x0,
    0x6d, 0xfe, 0xa2, 0x0, 0x5b, 0xef, 0xc8, 0x10,
    0x0,

    /* U+00E7 "ç" */
    0x0, 0x3, 0xad, 0xfc, 0x80, 0x0, 0x0, 0x7f,
    0xff, 0xdf, 0xfe, 0x10, 0x3, 0xff, 0x80, 0x2,
    0xdf, 0xa0, 0xb, 0xfb, 0x0, 0x0, 0x5f, 0xf0,
    0xf, 0xf5, 0x0, 0x0, 0x1, 0x10, 0x1f, 0xf3,
    0x0, 0x0, 0x0, 0x0, 0xf, 0xf4, 0x0, 0x0,
    0x0, 0x0, 0xd, 0xf9, 0x0, 0x0, 0x2e, 0xe1,
    0x7, 0xff, 0x30, 0x0, 0xaf, 0xd0, 0x0, 0xcf,
    0xfa, 0x9c, 0xff, 0x30, 0x0, 0x8, 0xef, 0xff,
    0xc3, 0x0, 0x0, 0x0, 0x1f, 0x91, 0x0, 0x0,
    0x0, 0x0, 0x5f, 0xf9, 0x0, 0x0, 0x0, 0x0,
    0x1, 0x7f, 0x40, 0x0, 0x0, 0x4, 0xd6, 0xbf,
    0x30, 0x0, 0x0, 0x2, 0xbe, 0xe7, 0x0, 0x0,

    /* U+00E8 "è" */
    0x0, 0x9, 0xff, 0x20, 0x0, 0x0, 0x0, 0x0,
    0xcf, 0x90, 0x0, 0x0, 0x0, 0x0, 0x1e, 0xf2,
    0x0, 0x0, 0x0, 0x0, 0x0, 0x0, 0x0, 0x0,
    0x0, 0x4, 0xbe, 0xeb, 0x60, 0x0, 0x0, 0x8f,
    0xfd, 0xdf, 0xfa, 0x0, 0x4, 0xff, 0x30, 0x2,
    0xef, 0x50, 0xc, 0xf7, 0x0, 0x0, 0x7f, 0xc0,
    0xf, 0xfb, 0x99, 0x99, 0xbf, 0xf0, 0x1f, 0xff,
    0xff, 0xff, 0xff, 0xf1, 0xf, 0xf4, 0x0, 0x0,
    0x0, 0x0, 0xc, 0xf8, 0x0, 0x0, 0x4a, 0x90,
    0x5, 0xff, 0x50, 0x2, 0xdf, 0xa0, 0x0, 0xaf,
    0xfe, 0xdf, 0xfe, 0x10, 0x0, 0x5, 0xbe, 0xfc,
    0x80, 0x0,

    /* U+00E9 "é" */
    0x0, 0x0, 0x0, 0xaf, 0xd0, 0x0, 0x0, 0x0,
    0x3, 0xff, 0x20, 0x0, 0x0, 0x0, 0xb, 0xf5,
    0x0, 0x0, 0x0, 0x0, 0x0, 0x0, 0x0, 0x0,
    0x0, 0x4, 0xbe, 0xeb, 0x60, 0x0, 0x0, 0x8f,
    0xfd, 0xdf, 0xfa, 0x0, 0x4, 0xff, 0x30, 0x2,
    0xef, 0x50, 0xc, 0xf7, 0x0, 0x0, 0x7f, 0xc0,
    0xf, 0xfb, 0x99, 0x99, 0xbf, 0xf0, 0x1f, 0xff,
    0xff, 0xff, 0xff, 0xf1, 0xf, 0xf4, 0x0, 0x0,
    0x0, 0x0, 0xc, 0xf8, 0x0, 0x0, 0x4a, 0x90,
    0x5, 0xff, 0x50, 0x2, 0xdf, 0xa0, 0x0, 0xaf,
    0xfe, 0xdf, 0xfe, 0x10, 0x0, 0x5, 0xbe, 0xfc,
    0x80, 0x0,

    /* U+00EA "ê" */
    0x0, 0x0, 0xbf, 0xfd, 0x0, 0x0, 0x0, 0x6,
    0xfd, 0xbf, 0x90, 0x0, 0x0, 0x2e, 0xe2, 0x1d,
    0xf4, 0x0, 0x0, 0x0, 0x0, 0x0, 0x0, 0x0,
    0x0, 0x4, 0xbe, 0xeb, 0x60, 0x0, 0x0, 0x8f,
    0xfd, 0xdf, 0xfa, 0x0, 0x4, 0xff, 0x30, 0x2,
    0xef, 0x50, 0xc, 0xf7, 0x0, 0x0, 0x7f, 0xc0,
    0xf, 0xfb, 0x99, 0x99, 0xbf, 0xf0, 0x1f, 0xff,
    0xff, 0xff, 0xff, 0xf1, 0xf, 0xf4, 0x0, 0x0,
    0x0, 0x0, 0xc, 0xf8, 0x0, 0x0, 0x4a, 0x90,
    0x5, 0xff, 0x50, 0x2, 0xdf, 0xa0, 0x0, 0xaf,
    0xfe, 0xdf, 0xfe, 0x10, 0x0, 0x5, 0xbe, 0xfc,
    0x80, 0x0,

    /* U+00EB "ë" */
    0x0, 0x5f, 0xf2, 0xf, 0xf7, 0x0, 0x0, 0x5f,
    0xf2, 0xf, 0xf7, 0x0, 0x0, 0x28, 0x81, 0x7,
    0x84, 0x0, 0x0, 0x0, 0x0, 0x0, 0x0, 0x0,
    0x0, 0x4, 0xbe, 0xeb, 0x60, 0x0, 0x0, 0x8f,
    0xfd, 0xdf, 0xfa, 0x0, 0x4, 0xff, 0x30, 0x2,
    0xef, 0x50, 0xc, 0xf7, 0x0, 0x0, 0x7f, 0xc0,
    0xf, 0xfb, 0x99, 0x99, 0xbf, 0xf0, 0x1f, 0xff,
    0xff, 0xff, 0xff, 0xf1, 0xf, 0xf4, 0x0, 0x0,
    0x0, 0x0, 0xc, 0xf8, 0x0, 0x0, 0x4a, 0x90,
    0x5, 0xff, 0x50, 0x2, 0xdf, 0xa0, 0x0, 0xaf,
    0xfe, 0xdf, 0xfe, 0x10, 0x0, 0x5, 0xbe, 0xfc,
    0x80, 0x0,

    /* U+00EC "ì" */
    0x1e, 0xfa, 0x0, 0x3f, 0xf2, 0x0, 0x6f, 0xa0,
    0x0, 0x0, 0x0, 0x7f, 0xc0, 0x7, 0xfc, 0x0,
    0x7f, 0xc0, 0x7, 0xfc, 0x0, 0x7f, 0xc0, 0x7,
    0xfc, 0x0, 0x7f, 0xc0, 0x7, 0xfc, 0x0, 0x7f,
    0xc0, 0x7, 0xfc, 0x0, 0x7f, 0xc0,

    /* U+00ED "í" */
    0x1, 0xff, 0x70, 0x9f, 0xa0, 0x2f, 0xd0, 0x0,
    0x0, 0x0, 0x7f, 0xc0, 0x7, 0xfc, 0x0, 0x7f,
    0xc0, 0x7, 0xfc, 0x0, 0x7f, 0xc0, 0x7, 0xfc,
    0x0, 0x7f, 0xc0, 0x7, 0xfc, 0x0, 0x7f, 0xc0,
    0x7, 0xfc, 0x0, 0x7f, 0xc0, 0x0,

    /* U+00EE "î" */
    0x2, 0xff, 0xf6, 0x0, 0xd, 0xf9, 0xff, 0x20,
    0x8f, 0xa0, 0x6f, 0xc0, 0x0, 0x0, 0x0, 0x0,
    0x0, 0x7f, 0xc0, 0x0, 0x0, 0x7f, 0xc0, 0x0,
    0x0, 0x7f, 0xc0, 0x0, 0x0, 0x7f, 0xc0, 0x0,
    0x0, 0x7f, 0xc0, 0x0, 0x0, 0x7f, 0xc0, 0x0,
    0x0, 0x7f, 0xc0, 0x0, 0x0, 0x7f, 0xc0, 0x0,
    0x0, 0x7f, 0xc0, 0x0, 0x0, 0x7f, 0xc0, 0x0,
    0x0, 0x7f, 0xc0, 0x0,

    /* U+00EF "ï" */
    0xcf, 0xb0, 0x6f, 0xf1, 0xcf, 0xb0, 0x6f, 0xf1,
    0x68, 0x50, 0x38, 0x80, 0x0, 0x0, 0x0, 0x0,
    0x0, 0x7f, 0xc0, 0x0, 0x0, 0x7f, 0xc0, 0x0,
    0x0, 0x7f, 0xc0, 0x0, 0x0, 0x7f, 0xc0, 0x0,
    0x0, 0x7f, 0xc0, 0x0, 0x0, 0x7f, 0xc0, 0x0,
    0x0, 0x7f, 0xc0, 0x0, 0x0, 0x7f, 0xc0, 0x0,
    0x0, 0x7f, 0xc0, 0x0, 0x0, 0x7f, 0xc0, 0x0,
    0x0, 0x7f, 0xc0, 0x0,

    /* U+00F0 "ð" */
    0x0, 0x0, 0x2a, 0x30, 0x0, 0x0, 0x0, 0x0,
    0xdf, 0xf8, 0x37, 0x60, 0x0, 0x0, 0x1d, 0xff,
    0xff, 0xc0, 0x0, 0x0, 0xff, 0xff, 0xfa, 0x0,
    0x0, 0x0, 0x75, 0x18, 0xff, 0x20, 0x0, 0x5,
    0xbe, 0xe9, 0xdf, 0x90, 0x0, 0x9f, 0xff, 0xdf,
    0xff, 0xf0, 0x4, 0xff, 0x60, 0x2, 0xdf, 0xf3,
    0xc, 0xfa, 0x0, 0x0, 0x3f, 0xf7, 0xf, 0xf5,
    0x0, 0x0, 0xe, 0xf8, 0x1f, 0xf3, 0x0, 0x0,
    0xc, 0xf8, 0xf, 0xf5, 0x0, 0x0, 0xe, 0xf5,
    0xc, 0xfa, 0x0, 0x0, 0x3f, 0xf2, 0x4, 0xff,
    0x60, 0x2, 0xdf, 0xa0, 0x0, 0x8f, 0xfe, 0xdf,
    0xfc, 0x10, 0x0, 0x4, 0xbe, 0xfc, 0x70, 0x0,

    /* U+00F1 "ñ" */
    0x0, 0xaf, 0xfd, 0xcf, 0xf0, 0x4, 0xfe, 0xce,
    0xfd, 0x60, 0x0, 0x0, 0x0, 0x0, 0x0, 0x0,
    0x0, 0x0, 0x0, 0x0, 0x7f, 0xc1, 0xae, 0xeb,
    0x20, 0x7f, 0xdd, 0xfd, 0xff, 0xf1, 0x7f, 0xfb,
    0x0, 0x2e, 0xf9, 0x7f, 0xf1, 0x0, 0x9, 0xfc,
    0x7f, 0xd0, 0x0, 0x7, 0xfd, 0x7f, 0xc0, 0x0,
    0x6, 0xfd, 0x7f, 0xc0, 0x0, 0x6, 0xfd, 0x7f,
    0xc0, 0x0, 0x6, 0xfd, 0x7f, 0xc0, 0x0, 0x6,
    0xfd, 0x7f, 0xc0, 0x0, 0x6, 0xfd, 0x7f, 0xc0,
    0x0, 0x6, 0xfd,

    /* U+00F2 "ò" */
    0x0, 0x7, 0xff, 0x30, 0x0, 0x0, 0x0, 0x0,
    0xaf, 0xb0, 0x0, 0x0, 0x0, 0x0, 0xd, 0xf3,
    0x0, 0x0, 0x0, 0x0, 0x0, 0x0, 0x0, 0x0,
    0x0, 0x3, 0xad, 0xec, 0x70, 0x0, 0x0, 0x8f,
    0xff, 0xdf, 0xfd, 0x10, 0x4, 0xff, 0x60, 0x2,
    0xdf, 0xa0, 0xc, 0xfa, 0x0, 0x0, 0x3f, 0xf3,
    0xf, 0xf5, 0x0, 0x0, 0xe, 0xf6, 0x1f, 0xf3,
    0x0, 0x0, 0xc, 0xf8, 0xf, 0xf5, 0x0, 0x0,
    0xe, 0xf6, 0xc, 0xfa, 0x0, 0x0, 0x3f, 0xf3,
    0x4, 0xff, 0x60, 0x2, 0xdf, 0xb0, 0x0, 0x8f,
    0xfe, 0xdf, 0xfd, 0x10, 0x0, 0x4, 0xbe, 0xfc,
    0x80, 0x0,

    /* U+00F3 "ó" */
    0x0, 0x0, 0x0, 0x8f, 0xe1, 0x0, 0x0, 0x0,
    0x1, 0xff, 0x40, 0x0, 0x0, 0x0, 0x9, 0xf7,
    0x0, 0x0, 0x0, 0x0, 0x0, 0x0, 0x0, 0x0,
    0x0, 0x3, 0xad, 0xec, 0x70, 0x0, 0x0, 0x8f,
    0xff, 0xdf, 0xfd, 0x10, 0x4, 0xff, 0x60, 0x2,
    0xdf, 0xa0, 0xc, 0xfa, 0x0, 0x0, 0x3f, 0xf3,
    0xf, 0xf5, 0x0, 0x0, 0xe, 0xf6, 0x1f, 0xf3,
    0x0, 0x0, 0xc, 0xf8, 0xf, 0xf5, 0x0, 0x0,
    0xe, 0xf6, 0xc, 0xfa, 0x0, 0x0, 0x3f, 0xf3,
    0x4, 0xff, 0x60, 0x2, 0xdf, 0xb0, 0x0, 0x8f,
    0xfe, 0xdf, 0xfd, 0x10, 0x0, 0x4, 0xbe, 0xfc,
    0x80, 0x0,

    /* U+00F4 "ô" */
    0x0, 0x0, 0x9f, 0xfe, 0x10, 0x0, 0x0, 0x4,
    0xfe, 0xaf, 0xb0, 0x0, 0x0, 0x1e, 0xf4, 0xc,
    0xf6, 0x0, 0x0, 0x0, 0x0, 0x0, 0x0, 0x0,
    0x0, 0x3, 0xad, 0xec, 0x70, 0x0, 0x0, 0x8f,
    0xff, 0xdf, 0xfd, 0x10, 0x4, 0xff, 0x60, 0x2,
    0xdf, 0xa0, 0xc, 0xfa, 0x0, 0x0, 0x3f, 0xf3,
    0xf, 0xf5, 0x0, 0x0, 0xe, 0xf6, 0x1f, 0xf3,
    0x0, 0x0, 0xc, 0xf8, 0xf, 0xf5, 0x0, 0x0,
    0xe, 0xf6, 0xc, 0xfa, 0x0, 0x0, 0x3f, 0xf3,
    0x4, 0xff, 0x60, 0x2, 0xdf, 0xb0, 0x0, 0x8f,
    0xfe, 0xdf, 0xfd, 0x10, 0x0, 0x4, 0xbe, 0xfc,
    0x80, 0x0,

    /* U+00F5 "õ" */
    0x0, 0xb, 0xfe, 0xdc, 0xfe, 0x0, 0x0, 0x6f,
    0xdc, 0xef, 0xc5, 0x0, 0x0, 0x0, 0x0, 0x0,
    0x0, 0x0, 0x0, 0x0, 0x0, 0x0, 0x0, 0x0,
    0x0, 0x3, 0xad, 0xec, 0x70, 0x0, 0x0, 0x8f,
    0xff, 0xdf, 0xfd, 0x10, 0x4, 0xff, 0x60, 0x2,
    0xdf, 0xa0, 0xc, 0xfa, 0x0, 0x0, 0x3f, 0xf3,
    0xf, 0xf5, 0x0, 0x0, 0xe, 0xf6, 0x1f, 0xf3,
    0x0, 0x0, 0xc, 0xf8, 0xf, 0xf5, 0x0, 0x0,
    0xe, 0xf6, 0xc, 0xfa, 0x0, 0x0, 0x3f, 0xf3,
    0x4, 0xff, 0x60, 0x2, 0xdf, 0xb0, 0x0, 0x8f,
    0xfe, 0xdf, 0xfd, 0x10, 0x0, 0x4, 0xbe, 0xfc,
    0x80, 0x0,

    /* U+00F6 "ö" */
    0x0, 0x3f, 0xf4, 0xd, 0xfa, 0x0, 0x0, 0x3f,
    0xf4, 0xd, 0xfa, 0x0, 0x0, 0x18, 0x82, 0x6,
    0x85, 0x0, 0x0, 0x0, 0x0, 0x0, 0x0, 0x0,
    0x0, 0x3, 0xad, 0xec, 0x70, 0x0, 0x0, 0x8f,
    0xff, 0xdf, 0xfd, 0x10, 0x4, 0xff, 0x60, 0x2,
    0xdf, 0xa0, 0xc, 0xfa, 0x0, 0x0, 0x3f, 0xf3,
    0xf, 0xf5, 0x0, 0x0, 0xe, 0xf6, 0x1f, 0xf3,
    0x0, 0x0, 0xc, 0xf8, 0xf, 0xf5, 0x0, 0x0,
    0xe, 0xf6, 0xc, 0xfa, 0x0, 0x0, 0x3f, 0xf3,
    0x4, 0xff, 0x60, 0x2, 0xdf, 0xb0, 0x0, 0x8f,
    0xfe, 0xdf, 0xfd, 0x10, 0x0, 0x4, 0xbe, 0xfc,
    0x80, 0x0,

    /* U+00F7 "÷" */
    0x0, 0x0, 0x45, 0x20, 0x0, 0x0, 0x0, 0xc,
    0xf7, 0x0, 0x0, 0x0, 0x0, 0xcf, 0x70, 0x0,
    0x0, 0x0, 0x0, 0x0, 0x0, 0x0, 0x0, 0x0,
    0x0, 0x0, 0x0, 0xc, 0xff, 0xff, 0xff, 0xff,
    0xf9, 0xcf, 0xff, 0xff, 0xff, 0xff, 0x90, 0x0,
    0x0, 0x0, 0x0, 0x0, 0x0, 0x0, 0x45, 0x20,
    0x0, 0x0, 0x0, 0xc, 0xf7, 0x0, 0x0, 0x0,
    0x0, 0xcf, 0x70, 0x0, 0x0,

    /* U+00F8 "ø" */
    0x0, 0x0, 0x0, 0x0, 0x3, 0x40, 0x0, 0x3,
    0xad, 0xfd, 0x7e, 0xf2, 0x0, 0x8f, 0xff, 0xef,
    0xff, 0x80, 0x4, 0xff, 0x60, 0x9, 0xff, 0xa0,
    0xc, 0xfa, 0x0, 0x5f, 0xef, 0xf3, 0xf, 0xf5,
    0x2, 0xff, 0x3f, 0xf6, 0x1f, 0xf3, 0xd, 0xf5,
    0xc, 0xf8, 0xf, 0xf5, 0xbf, 0x80, 0xe, 0xf6,
    0xc, 0xfe, 0xfb, 0x0, 0x3f, 0xf3, 0x4, 0xff,
    0xe1, 0x2, 0xdf, 0xb0, 0x2, 0xff, 0xff, 0xdf,
    0xfd, 0x20, 0xa, 0xf9, 0xbe, 0xfc, 0x80, 0x0,
    0x0, 0x60, 0x0, 0x0, 0x0, 0x0,

    /* U+00F9 "ù" */
    0x0, 0x8f, 0xf2, 0x0, 0x0, 0x0, 0xb, 0xfa,
    0x0, 0x0, 0x0, 0x1, 0xef, 0x20, 0x0, 0x0,
    0x0, 0x0, 0x0, 0x0, 0x9f, 0xa0, 0x0, 0x9,
    0xfa, 0x9f, 0xa0, 0x0, 0x9, 0xfa, 0x9f, 0xa0,
    0x0, 0x9, 0xfa, 0x9f, 0xa0, 0x0, 0x9, 0xfa,
    0x9f, 0xa0, 0x0, 0x9, 0xfa, 0x9f, 0xa0, 0x0,
    0x9, 0xfa, 0x9f, 0xb0, 0x0, 0xa, 0xfa, 0x8f,
    0xd0, 0x0, 0xd, 0xfa, 0x5f, 0xf5, 0x0, 0x8f,
    0xfa, 0xc, 0xff, 0xde, 0xfc, 0xfa, 0x1, 0x9e,
    0xea, 0x39, 0xfa,

    /* U+00FA "ú" */
    0x0, 0x0, 0xa, 0xfd, 0x10, 0x0, 0x0, 0x2f,
    0xf3, 0x0, 0x0, 0x0, 0xaf, 0x50, 0x0, 0x0,
    0x0, 0x0, 0x0, 0x0, 0x9f, 0xa0, 0x0, 0x9,
    0xfa, 0x9f, 0xa0, 0x0, 0x9, 0xfa, 0x9f, 0xa0,
    0x0, 0x9, 0xfa, 0x9f, 0xa0, 0x0, 0x9, 0xfa,
    0x9f, 0xa0, 0x0, 0x9, 0xfa, 0x9f, 0xa0, 0x0,
    0x9, 0xfa, 0x9f, 0xb0, 0x0, 0xa, 0xfa, 0x8f,
    0xd0, 0x0, 0xd, 0xfa, 0x5f, 0xf5, 0x0, 0x8f,
    0xfa, 0xc, 0xff, 0xde, 0xfc, 0xfa, 0x1, 0x9e,
    0xea, 0x39, 0xfa,

    /* U+00FB "û" */
    0x0, 0xa, 0xff, 0xd0, 0x0, 0x0, 0x6f, 0xda,
    0xf9, 0x0, 0x2, 0xee, 0x31, 0xdf, 0x50, 0x0,
    0x0, 0x0, 0x0, 0x0, 0x9f, 0xa0, 0x0, 0x9,
    0xfa, 0x9f, 0xa0, 0x0, 0x9, 0xfa, 0x9f, 0xa0,
    0x0, 0x9, 0xfa, 0x9f, 0xa0, 0x0, 0x9, 0xfa,
    0x9f, 0xa0, 0x0, 0x9, 0xfa, 0x9f, 0xa0, 0x0,
    0x9, 0xfa, 0x9f, 0xb0, 0x0, 0xa, 0xfa, 0x8f,
    0xd0, 0x0, 0xd, 0xfa, 0x5f, 0xf5, 0x0, 0x8f,
    0xfa, 0xc, 0xff, 0xde, 0xfc, 0xfa, 0x1, 0x9e,
    0xea, 0x39, 0xfa,

    /* U+00FC "ü" */
    0x4, 0xff, 0x20, 0xef, 0x80, 0x4, 0xff, 0x20,
    0xef, 0x80, 0x2, 0x88, 0x10, 0x78, 0x40, 0x0,
    0x0, 0x0, 0x0, 0x0, 0x9f, 0xa0, 0x0, 0x9,
    0xfa, 0x9f, 0xa0, 0x0, 0x9, 0xfa, 0x9f, 0xa0,
    0x0, 0x9, 0xfa, 0x9f, 0xa0, 0x0, 0x9, 0xfa,
    0x9f, 0xa0, 0x0, 0x9, 0xfa, 0x9f, 0xa0, 0x0,
    0x9, 0xfa, 0x9f, 0xb0, 0x0, 0xa, 0xfa, 0x8f,
    0xd0, 0x0, 0xd, 0xfa, 0x5f, 0xf5, 0x0, 0x8f,
    0xfa, 0xc, 0xff, 0xde, 0xfc, 0xfa, 0x1, 0x9e,
    0xea, 0x39, 0xfa,

    /* U+00FD "ý" */
    0x0, 0x0, 0x3, 0xff, 0x60, 0x0, 0x0, 0x0,
    0xbf, 0x90, 0x0, 0x0, 0x0, 0x3f, 0xc0, 0x0,
    0x0, 0x0, 0x0, 0x0, 0x0, 0x0, 0x9f, 0xe0,
    0x0, 0x0, 0xdf, 0x83, 0xff, 0x40, 0x0, 0x2f,
    0xf2, 0xd, 0xf9, 0x0, 0x7, 0xfd, 0x0, 0x6f,
    0xe0, 0x0, 0xcf, 0x70, 0x1, 0xff, 0x40, 0x1f,
    0xf1, 0x0, 0xa, 0xfa, 0x6, 0xfc, 0x0, 0x0,
    0x4f, 0xf0, 0xbf, 0x60, 0x0, 0x0, 0xef, 0x6f,
    0xf1, 0x0, 0x0, 0x8, 0xfe, 0xfb, 0x0, 0x0,
    0x0, 0x2f, 0xff, 0x50, 0x0, 0x0, 0x0, 0xbf,
    0xf0, 0x0, 0x0, 0x0, 0xc, 0xfa, 0x0, 0x0,
    0x0, 0x2, 0xff, 0x40, 0x0, 0x0, 0x0, 0x7f,
    0xe0, 0x0, 0x0, 0x0, 0xd, 0xf8, 0x0, 0x0,
    0x0, 0x3, 0xff, 0x30, 0x0, 0x0,

    /* U+00FE "þ" */
    0x7f, 0xc0, 0x0, 0x0, 0x0, 0x0, 0x7f, 0xc0,
    0x0, 0x0, 0x0, 0x0, 0x7f, 0xc0, 0x0, 0x0,
    0x0, 0x0, 0x7f, 0xc0, 0x0, 0x0, 0x0, 0x0,
    0x7f, 0xc1, 0x9e, 0xfb, 0x60, 0x0, 0x7f, 0xdd,
    0xfd, 0xff, 0xf9, 0x0, 0x7f, 0xfc, 0x20, 0x8,
    0xff, 0x40, 0x7f, 0xf2, 0x0, 0x0, 0xcf, 0xb0,
    0x7f, 0xd0, 0x0, 0x0, 0x7f, 0xe0, 0x7f, 0xb0,
    0x0, 0x0, 0x5f, 0xf0, 0x7f, 0xd0, 0x0, 0x0,
    0x7f, 0xe0, 0x7f, 0xf2, 0x0, 0x0, 0xcf, 0xb0,
    0x7f, 0xfc, 0x10, 0x8, 0xff, 0x40, 0x7f, 0xdd,
    0xfd, 0xef, 0xf9, 0x0, 0x7f, 0xc1, 0x9d, 0xeb,
    0x50, 0x0, 0x7f, 0xc0, 0x0, 0x0, 0x0, 0x0,
    0x7f, 0xc0, 0x0, 0x0, 0x0, 0x0, 0x7f, 0xc0,
    0x0, 0x0, 0x0, 0x0, 0x7f, 0xc0, 0x0, 0x0,
    0x0, 0x0, 0x7f, 0xc0, 0x0, 0x0, 0x0, 0x0,

    /* U+00FF "ÿ" */
    0x0, 0xdf, 0x90, 0x7f, 0xf0, 0x0, 0xd, 0xf9,
    0x7, 0xff, 0x0, 0x0, 0x78, 0x50, 0x38, 0x70,
    0x0, 0x0, 0x0, 0x0, 0x0, 0x0, 0x9f, 0xe0,
    0x0, 0x0, 0xdf, 0x83, 0xff, 0x40, 0x0, 0x2f,
    0xf2, 0xd, 0xf9, 0x0, 0x7, 0xfd, 0x0, 0x6f,
    0xe0, 0x0, 0xcf, 0x70, 0x1, 0xff, 0x40, 0x1f,
    0xf1, 0x0, 0xa, 0xfa, 0x6, 0xfc, 0x0, 0x0,
    0x4f, 0xf0, 0xbf, 0x60, 0x0, 0x0, 0xef, 0x6f,
    0xf1, 0x0, 0x0, 0x8, 0xfe, 0xfb, 0x0, 0x0,
    0x0, 0x2f, 0xff, 0x50, 0x0, 0x0, 0x0, 0xbf,
    0xf0, 0x0, 0x0, 0x0, 0xc, 0xfa, 0x0, 0x0,
    0x0, 0x2, 0xff, 0x40, 0x0, 0x0, 0x0, 0x7f,
    0xe0, 0x0, 0x0, 0x0, 0xd, 0xf8, 0x0, 0x0,
    0x0, 0x3, 0xff, 0x30, 0x0, 0x0,

    /* U+2013 "–" */
    0x12, 0x22, 0x22, 0x22, 0x22, 0xaf, 0xff, 0xff,
    0xff, 0xfe, 0xaf, 0xff, 0xff, 0xff, 0xfe,

    /* U+2014 "—" */
    0x12, 0x22, 0x22, 0x22, 0x22, 0x22, 0x22, 0x22,
    0xaf, 0xff, 0xff, 0xff, 0xff, 0xff, 0xff, 0xfe,
    0xaf, 0xff, 0xff, 0xff, 0xff, 0xff, 0xff, 0xfe,

    /* U+2018 "‘" */
    0x0, 0x10, 0xae, 0x7f, 0x4b, 0xc0, 0xce, 0xbc,
    0xfe, 0xcf, 0xe0,

    /* U+2019 "’" */
    0xaf, 0xf0, 0xaf, 0xf0, 0x8d, 0xf0, 0x8, 0xf0,
    0x2d, 0xb0, 0xbd, 0x20, 0x10, 0x0,

    /* U+201C "“" */
    0x0, 0x10, 0x0, 0x10, 0xb, 0xe0, 0x8, 0xf1,
    0x7f, 0x40, 0x4f, 0x60, 0xbb, 0x0, 0x8e, 0x0,
    0xde, 0xa0, 0xaf, 0xc0, 0xdf, 0xe0, 0xaf, 0xf1,
    0xdf, 0xe0, 0xaf, 0xf1,

    /* U+201D "”" */
    0xaf, 0xf0, 0x7f, 0xf3, 0xaf, 0xf0, 0x7f, 0xf3,
    0x8d, 0xf0, 0x6d, 0xf3, 0x8, 0xf0, 0x5, 0xf2,
    0x2d, 0xb0, 0x1c, 0xd0, 0xbd, 0x20, 0x8e, 0x30,
    0x10, 0x0, 0x10, 0x0,

    /* U+2026 "…" */
    0xae, 0xe2, 0x3, 0xee, 0x80, 0xc, 0xee, 0xb,
    0xff, 0x20, 0x4f, 0xf9, 0x0, 0xdf, 0xf0, 0xbf,
    0xf2, 0x4, 0xff, 0x90, 0xd, 0xff, 0x0,

    /* U+2039 "‹" */
    0x0, 0x0, 0x11, 0x0, 0x2, 0xe2, 0x0, 0x3e,
    0xf2, 0x4, 0xff, 0xb0, 0x1f, 0xf8, 0x0, 0x1f,
    0xc0, 0x0, 0xf, 0xfb, 0x10, 0x2, 0xef, 0xd1,
    0x0, 0x1d, 0xf2, 0x0, 0x1, 0xc2, 0x0, 0x0,
    0x0,

    /* U+203A "›" */
    0x30, 0x0, 0xd, 0x60, 0x0, 0xdf, 0x80, 0x6,
    0xff, 0xa0, 0x4, 0xef, 0x60, 0x7, 0xf6, 0x7,
    0xff, 0x59, 0xff, 0x60, 0xdf, 0x50, 0xc, 0x30,
    0x0, 0x10, 0x0, 0x0
};


/*---------------------
 *  GLYPH DESCRIPTION
 *--------------------*/

static const lv_font_fmt_txt_glyph_dsc_t glyph_dsc[] = {
    {.bitmap_index = 0, .adv_w = 0, .box_w = 0, .box_h = 0, .ofs_x = 0, .ofs_y = 0} /* id = 0 reserved */,
    {.bitmap_index = 0, .adv_w = 79, .box_w = 0, .box_h = 0, .ofs_x = 0, .ofs_y = 0},
    {.bitmap_index = 0, .adv_w = 90, .box_w = 4, .box_h = 15, .ofs_x = 1, .ofs_y = 0},
    {.bitmap_index = 30, .adv_w = 130, .box_w = 7, .box_h = 6, .ofs_x = 1, .ofs_y = 9},
    {.bitmap_index = 51, .adv_w = 222, .box_w = 14, .box_h = 15, .ofs_x = 0, .ofs_y = 0},
    {.bitmap_index = 156, .adv_w = 212, .box_w = 13, .box_h = 21, .ofs_x = 0, .ofs_y = -2},
    {.bitmap_index = 293, .adv_w = 272, .box_w = 17, .box_h = 15, .ofs_x = 0, .ofs_y = 0},
    {.bitmap_index = 421, .adv_w = 233, .box_w = 15, .box_h = 15, .ofs_x = 0, .ofs_y = 0},
    {.bitmap_index = 534, .adv_w = 71, .box_w = 3, .box_h = 6, .ofs_x = 1, .ofs_y = 9},
    {.bitmap_index = 543, .adv_w = 102, .box_w = 6, .box_h = 19, .ofs_x = 0, .ofs_y = -3},
    {.bitmap_index = 600, .adv_w = 102, .box_w = 6, .box_h = 19, .ofs_x = 0, .ofs_y = -3},
    {.bitmap_index = 657, .adv_w = 139, .box_w = 8, .box_h = 8, .ofs_x = 0, .ofs_y = 8},
    {.bitmap_index = 689, .adv_w = 190, .box_w = 12, .box_h = 11, .ofs_x = 0, .ofs_y = 1},
    {.bitmap_index = 755, .adv_w = 89, .box_w = 4, .box_h = 7, .ofs_x = 1, .ofs_y = -4},
    {.bitmap_index = 769, .adv_w = 133, .box_w = 7, .box_h = 3, .ofs_x = 1, .ofs_y = 5},
    {.bitmap_index = 780, .adv_w = 88, .box_w = 4, .box_h = 3, .ofs_x = 1, .ofs_y = 0},
    {.bitmap_index = 786, .adv_w = 148, .box_w = 9, .box_h = 15, .ofs_x = 0, .ofs_y = 0},
    {.bitmap_index = 854, .adv_w = 220, .box_w = 12, .box_h = 15, .ofs_x = 1, .ofs_y = 0},
    {.bitmap_index = 944, .adv_w = 133, .box_w = 7, .box_h = 15, .ofs_x = 0, .ofs_y = 0},
    {.bitmap_index = 997, .adv_w = 204, .box_w = 12, .box_h = 15, .ofs_x = 0, .ofs_y = 0},
    {.bitmap_index = 1087, .adv_w = 210, .box_w = 13, .box_h = 15, .ofs_x = 0, .ofs_y = 0},
    {.bitmap_index = 1185, .adv_w = 215, .box_w = 13, .box_h = 15, .ofs_x = 0, .ofs_y = 0},
    {.bitmap_index = 1283, .adv_w = 203, .box_w = 12, .box_h = 15, .ofs_x = 0, .ofs_y = 0},
    {.bitmap_index = 1373, .adv_w = 214, .box_w = 12, .box_h = 15, .ofs_x = 1, .ofs_y = 0},
    {.bitmap_index = 1463, .adv_w = 187, .box_w = 12, .box_h = 15, .ofs_x = 0, .ofs_y = 0},
    {.bitmap_index = 1553, .adv_w = 214, .box_w = 12, .box_h = 15, .ofs_x = 1, .ofs_y = 0},
    {.bitmap_index = 1643, .adv_w = 211, .box_w = 13, .box_h = 15, .ofs_x = 0, .ofs_y = 0},
    {.bitmap_index = 1741, .adv_w = 88, .box_w = 4, .box_h = 10, .ofs_x = 1, .ofs_y = 0},
    {.bitmap_index = 1761, .adv_w = 88, .box_w = 4, .box_h = 14, .ofs_x = 1, .ofs_y = -4},
    {.bitmap_index = 1789, .adv_w = 190, .box_w = 11, .box_h = 11, .ofs_x = 0, .ofs_y = 1},
    {.bitmap_index = 1850, .adv_w = 211, .box_w = 11, .box_h = 6, .ofs_x = 1, .ofs_y = 4},
    {.bitmap_index = 1883, .adv_w = 190, .box_w = 11, .box_h = 11, .ofs_x = 1, .ofs_y = 1},
    {.bitmap_index = 1944, .adv_w = 182, .box_w = 11, .box_h = 15, .ofs_x = 0, .ofs_y = 0},
    {.bitmap_index = 2027, .adv_w = 274, .box_w = 16, .box_h = 16, .ofs_x = 1, .ofs_y = -2},
    {.bitmap_index = 2155, .adv_w = 246, .box_w = 16, .box_h = 15, .ofs_x = 0, .ofs_y = 0},
    {.bitmap_index = 2275, .adv_w = 233, .box_w = 13, .box_h = 15, .ofs_x = 1, .ofs_y = 0},
    {.bitmap_index = 2373, .adv_w = 255, .box_w = 16, .box_h = 15, .ofs_x = 0, .ofs_y = 0},
    {.bitmap_index = 2493, .adv_w = 257, .box_w = 15, .box_h = 15, .ofs_x = 1, .ofs_y = 0},
    {.bitmap_index = 2606, .adv_w = 216, .box_w = 12, .box_h = 15, .ofs_x = 1, .ofs_y = 0},
    {.bitmap_index = 2696, .adv_w = 207, .box_w = 12, .box_h = 15, .ofs_x = 1, .ofs_y = 0},
    {.bitmap_index = 2786, .adv_w = 261, .box_w = 16, .box_h = 15, .ofs_x = 0, .ofs_y = 0},
    {.bitmap_index = 2906, .adv_w = 259, .box_w = 14, .box_h = 15, .ofs_x = 1, .ofs_y = 0},
    {.bitmap_index = 3011, .adv_w = 98, .box_w = 4, .box_h = 15, .ofs_x = 1, .ofs_y = 0},
    {.bitmap_index = 3041, .adv_w = 192, .box_w = 11, .box_h = 15, .ofs_x = 0, .ofs_y = 0},
    {.bitmap_index = 3124, .adv_w = 226, .box_w = 14, .box_h = 15, .ofs_x = 1, .ofs_y = 0},
    {.bitmap_index = 3229, .adv_w = 198, .box_w = 12, .box_h = 15, .ofs_x = 1, .ofs_y = 0},
    {.bitmap_index = 3319, .adv_w = 333, .box_w = 19, .box_h = 15, .ofs_x = 1, .ofs_y = 0},
    {.bitmap_index = 3462, .adv_w = 272, .box_w = 15, .box_h = 15, .ofs_x = 1, .ofs_y = 0},
    {.bitmap_index = 3575, .adv_w = 268, .box_w = 16, .box_h = 15, .ofs_x = 0, .ofs_y = 0},
    {.bitmap_index = 3695, .adv_w = 225, .box_w = 13, .box_h = 15, .ofs_x = 1, .ofs_y = 0},
    {.bitmap_index = 3793, .adv_w = 268, .box_w = 16, .box_h = 17, .ofs_x = 0, .ofs_y = -2},
    {.bitmap_index = 3929, .adv_w = 233, .box_w = 13, .box_h = 15, .ofs_x = 1, .ofs_y = 0},
    {.bitmap_index = 4027, .adv_w = 227, .box_w = 14, .box_h = 15, .ofs_x = 0, .ofs_y = 0},
    {.bitmap_index = 4132, .adv_w = 212, .box_w = 14, .box_h = 15, .ofs_x = 0, .ofs_y = 0},
    {.bitmap_index = 4237, .adv_w = 247, .box_w = 13, .box_h = 15, .ofs_x = 1, .ofs_y = 0},
    {.bitmap_index = 4335, .adv_w = 239, .box_w = 15, .box_h = 15, .ofs_x = 0, .ofs_y = 0},
    {.bitmap_index = 4448, .adv_w = 352, .box_w = 22, .box_h = 15, .ofs_x = 0, .ofs_y = 0},
    {.bitmap_index = 4613, .adv_w = 226, .box_w = 16, .box_h = 15, .ofs_x = -1, .ofs_y = 0},
    {.bitmap_index = 4733, .adv_w = 220, .box_w = 14, .box_h = 15, .ofs_x = 0, .ofs_y = 0},
    {.bitmap_index = 4838, .adv_w = 214, .box_w = 13, .box_h = 15, .ofs_x = 0, .ofs_y = 0},
    {.bitmap_index = 4936, .adv_w = 109, .box_w = 6, .box_h = 19, .ofs_x = 1, .ofs_y = -3},
    {.bitmap_index = 4993, .adv_w = 149, .box_w = 9, .box_h = 15, .ofs_x = 0, .ofs_y = 0},
    {.bitmap_index = 5061, .adv_w = 106, .box_w = 5, .box_h = 19, .ofs_x = 0, .ofs_y = -3},
    {.bitmap_index = 5109, .adv_w = 174, .box_w = 11, .box_h = 8, .ofs_x = 0, .ofs_y = 8},
    {.bitmap_index = 5153, .adv_w = 207, .box_w = 11, .box_h = 3, .ofs_x = 1, .ofs_y = -3},
    {.bitmap_index = 5170, .adv_w = 102, .box_w = 5, .box_h = 4, .ofs_x = 1, .ofs_y = 12},
    {.bitmap_index = 5180, .adv_w = 183, .box_w = 11, .box_h = 11, .ofs_x = 0, .ofs_y = 0},
    {.bitmap_index = 5241, .adv_w = 206, .box_w = 12, .box_h = 15, .ofs_x = 1, .ofs_y = 0},
    {.bitmap_index = 5331, .adv_w = 191, .box_w = 12, .box_h = 11, .ofs_x = 0, .ofs_y = 0},
    {.bitmap_index = 5397, .adv_w = 207, .box_w = 12, .box_h = 15, .ofs_x = 0, .ofs_y = 0},
    {.bitmap_index = 5487, .adv_w = 192, .box_w = 12, .box_h = 11, .ofs_x = 0, .ofs_y = 0},
    {.bitmap_index = 5553, .adv_w = 117, .box_w = 7, .box_h = 15, .ofs_x = 0, .ofs_y = 0},
    {.bitmap_index = 5606, .adv_w = 206, .box_w = 12, .box_h = 16, .ofs_x = 0, .ofs_y = -5},
    {.bitmap_index = 5702, .adv_w = 196, .box_w = 10, .box_h = 15, .ofs_x = 1, .ofs_y = 0},
    {.bitmap_index = 5777, .adv_w = 84, .box_w = 3, .box_h = 15, .ofs_x = 1, .ofs_y = 0},
    {.bitmap_index = 5800, .adv_w = 86, .box_w = 5, .box_h = 20, .ofs_x = -1, .ofs_y = -5},
    {.bitmap_index = 5850, .adv_w = 178, .box_w = 11, .box_h = 15, .ofs_x = 1, .ofs_y = 0},
    {.bitmap_index = 5933, .adv_w = 84, .box_w = 3, .box_h = 15, .ofs_x = 1, .ofs_y = 0},
    {.bitmap_index = 5956, .adv_w = 295, .box_w = 17, .box_h = 11, .ofs_x = 1, .ofs_y = 0},
    {.bitmap_index = 6050, .adv_w = 196, .box_w = 10, .box_h = 11, .ofs_x = 1, .ofs_y = 0},
    {.bitmap_index = 6105, .adv_w = 199, .box_w = 12, .box_h = 11, .ofs_x = 0, .ofs_y = 0},
    {.bitmap_index = 6171, .adv_w = 206, .box_w = 12, .box_h = 16, .ofs_x = 1, .ofs_y = -5},
    {.bitmap_index = 6267, .adv_w = 207, .box_w = 12, .box_h = 16, .ofs_x = 0, .ofs_y = -5},
    {.bitmap_index = 6363, .adv_w = 125, .box_w = 7, .box_h = 11, .ofs_x = 1, .ofs_y = 0},
    {.bitmap_index = 6402, .adv_w = 173, .box_w = 10, .box_h = 11, .ofs_x = 0, .ofs_y = 0},
    {.bitmap_index = 6457, .adv_w = 125, .box_w = 8, .box_h = 15, .ofs_x = 0, .ofs_y = 0},
    {.bitmap_index = 6517, .adv_w = 195, .box_w = 10, .box_h = 11, .ofs_x = 1, .ofs_y = 0},
    {.bitmap_index = 6572, .adv_w = 177, .box_w = 11, .box_h = 11, .ofs_x = 0, .ofs_y = 0},
    {.bitmap_index = 6633, .adv_w = 281, .box_w = 18, .box_h = 11, .ofs_x = 0, .ofs_y = 0},
    {.bitmap_index = 6732, .adv_w = 172, .box_w = 11, .box_h = 11, .ofs_x = 0, .ofs_y = 0},
    {.bitmap_index = 6793, .adv_w = 174, .box_w = 11, .box_h = 16, .ofs_x = 0, .ofs_y = -5},
    {.bitmap_index = 6881, .adv_w = 166, .box_w = 10, .box_h = 11, .ofs_x = 0, .ofs_y = 0},
    {.bitmap_index = 6936, .adv_w = 116, .box_w = 7, .box_h = 19, .ofs_x = 0, .ofs_y = -4},
    {.bitmap_index = 7003, .adv_w = 90, .box_w = 3, .box_h = 19, .ofs_x = 1, .ofs_y = -3},
    {.bitmap_index = 7032, .adv_w = 116, .box_w = 7, .box_h = 19, .ofs_x = 0, .ofs_y = -4},
    {.bitmap_index = 7099, .adv_w = 206, .box_w = 11, .box_h = 4, .ofs_x = 1, .ofs_y = 5},
    {.bitmap_index = 7121, .adv_w = 79, .box_w = 0, .box_h = 0, .ofs_x = 0, .ofs_y = 0},
    {.bitmap_index = 7121, .adv_w = 85, .box_w = 4, .box_h = 15, .ofs_x = 1, .ofs_y = -4},
    {.bitmap_index = 7151, .adv_w = 215, .box_w = 13, .box_h = 18, .ofs_x = 0, .ofs_y = -1},
    {.bitmap_index = 7268, .adv_w = 230, .box_w = 14, .box_h = 15, .ofs_x = 0, .ofs_y = 0},
    {.bitmap_index = 7373, .adv_w = 231, .box_w = 13, .box_h = 14, .ofs_x = 1, .ofs_y = 1},
    {.bitmap_index = 7464, .adv_w = 224, .box_w = 14, .box_h = 15, .ofs_x = 0, .ofs_y = 0},
    {.bitmap_index = 7569, .adv_w = 90, .box_w = 3, .box_h = 19, .ofs_x = 1, .ofs_y = -3},
    {.bitmap_index = 7598, .adv_w = 192, .box_w = 12, .box_h = 19, .ofs_x = 0, .ofs_y = -4},
    {.bitmap_index = 7712, .adv_w = 142, .box_w = 7, .box_h = 3, .ofs_x = 1, .ofs_y = 12},
    {.bitmap_index = 7723, .adv_w = 287, .box_w = 17, .box_h = 16, .ofs_x = 0, .ofs_y = 0},
    {.bitmap_index = 7859, .adv_w = 140, .box_w = 8, .box_h = 9, .ofs_x = 0, .ofs_y = 8},
    {.bitmap_index = 7895, .adv_w = 175, .box_w = 11, .box_h = 11, .ofs_x = 0, .ofs_y = 0},
    {.bitmap_index = 7956, .adv_w = 212, .box_w = 11, .box_h = 6, .ofs_x = 1, .ofs_y = 2},
    {.bitmap_index = 7989, .adv_w = 133, .box_w = 7, .box_h = 3, .ofs_x = 1, .ofs_y = 5},
    {.bitmap_index = 8000, .adv_w = 224, .box_w = 13, .box_h = 14, .ofs_x = 0, .ofs_y = 3},
    {.bitmap_index = 8091, .adv_w = 141, .box_w = 7, .box_h = 2, .ofs_x = 1, .ofs_y = 13},
    {.bitmap_index = 8098, .adv_w = 132, .box_w = 8, .box_h = 7, .ofs_x = 0, .ofs_y = 9},
    {.bitmap_index = 8126, .adv_w = 214, .box_w = 11, .box_h = 11, .ofs_x = 1, .ofs_y = 1},
    {.bitmap_index = 8187, .adv_w = 144, .box_w = 9, .box_h = 10, .ofs_x = 0, .ofs_y = 8},
    {.bitmap_index = 8232, .adv_w = 149, .box_w = 9, .box_h = 10, .ofs_x = 0, .ofs_y = 8},
    {.bitmap_index = 8277, .adv_w = 102, .box_w = 5, .box_h = 4, .ofs_x = 1, .ofs_y = 12},
    {.bitmap_index = 8287, .adv_w = 202, .box_w = 10, .box_h = 16, .ofs_x = 1, .ofs_y = -5},
    {.bitmap_index = 8367, .adv_w = 202, .box_w = 11, .box_h = 19, .ofs_x = 0, .ofs_y = -4},
    {.bitmap_index = 8472, .adv_w = 89, .box_w = 4, .box_h = 3, .ofs_x = 1, .ofs_y = 5},
    {.bitmap_index = 8478, .adv_w = 113, .box_w = 6, .box_h = 6, .ofs_x = 1, .ofs_y = -5},
    {.bitmap_index = 8496, .adv_w = 103, .box_w = 6, .box_h = 10, .ofs_x = 0, .ofs_y = 8},
    {.bitmap_index = 8526, .adv_w = 145, .box_w = 9, .box_h = 9, .ofs_x = 0, .ofs_y = 8},
    {.bitmap_index = 8567, .adv_w = 175, .box_w = 10, .box_h = 11, .ofs_x = 1, .ofs_y = 0},
    {.bitmap_index = 8622, .adv_w = 304, .box_w = 19, .box_h = 16, .ofs_x = 0, .ofs_y = 0},
    {.bitmap_index = 8774, .adv_w = 317, .box_w = 19, .box_h = 16, .ofs_x = 0, .ofs_y = 0},
    {.bitmap_index = 8926, .adv_w = 334, .box_w = 21, .box_h = 17, .ofs_x = 0, .ofs_y = 0},
    {.bitmap_index = 9105, .adv_w = 180, .box_w = 11, .box_h = 16, .ofs_x = 0, .ofs_y = -5},
    {.bitmap_index = 9193, .adv_w = 246, .box_w = 16, .box_h = 21, .ofs_x = 0, .ofs_y = 0},
    {.bitmap_index = 9361, .adv_w = 246, .box_w = 16, .box_h = 21, .ofs_x = 0, .ofs_y = 0},
    {.bitmap_index = 9529, .adv_w = 246, .box_w = 16, .box_h = 20, .ofs_x = 0, .ofs_y = 0},
    {.bitmap_index = 9689, .adv_w = 246, .box_w = 16, .box_h = 20, .ofs_x = 0, .ofs_y = 0},
    {.bitmap_index = 9849, .adv_w = 246, .box_w = 16, .box_h = 20, .ofs_x = 0, .ofs_y = 0},
    {.bitmap_index = 10009, .adv_w = 246, .box_w = 16, .box_h = 20, .ofs_x = 0, .ofs_y = 0},
    {.bitmap_index = 10169, .adv_w = 325, .box_w = 21, .box_h = 15, .ofs_x = -1, .ofs_y = 0},
    {.bitmap_index = 10327, .adv_w = 255, .box_w = 16, .box_h = 20, .ofs_x = 0, .ofs_y = -5},
    {.bitmap_index = 10487, .adv_w = 216, .box_w = 12, .box_h = 21, .ofs_x = 1, .ofs_y = 0},
    {.bitmap_index = 10613, .adv_w = 216, .box_w = 12, .box_h = 21, .ofs_x = 1, .ofs_y = 0},
    {.bitmap_index = 10739, .adv_w = 216, .box_w = 12, .box_h = 20, .ofs_x = 1, .ofs_y = 0},
    {.bitmap_index = 10859, .adv_w = 216, .box_w = 12, .box_h = 20, .ofs_x = 1, .ofs_y = 0},
    {.bitmap_index = 10979, .adv_w = 98, .box_w = 5, .box_h = 21, .ofs_x = 0, .ofs_y = 0},
    {.bitmap_index = 11032, .adv_w = 98, .box_w = 6, .box_h = 21, .ofs_x = 1, .ofs_y = 0},
    {.bitmap_index = 11095, .adv_w = 98, .box_w = 8, .box_h = 20, .ofs_x = -1, .ofs_y = 0},
    {.bitmap_index = 11175, .adv_w = 98, .box_w = 8, .box_h = 20, .ofs_x = -1, .ofs_y = 0},
    {.bitmap_index = 11255, .adv_w = 259, .box_w = 16, .box_h = 15, .ofs_x = 0, .ofs_y = 0},
    {.bitmap_index = 11375, .adv_w = 272, .box_w = 15, .box_h = 20, .ofs_x = 1, .ofs_y = 0},
    {.bitmap_index = 11525, .adv_w = 268, .box_w = 16, .box_h = 21, .ofs_x = 0, .ofs_y = 0},
    {.bitmap_index = 11693, .adv_w = 268, .box_w = 16, .box_h = 21, .ofs_x = 0, .ofs_y = 0},
    {.bitmap_index = 11861, .adv_w = 268, .box_w = 16, .box_h = 20, .ofs_x = 0, .ofs_y = 0},
    {.bitmap_index = 12021, .adv_w = 268, .box_w = 16, .box_h = 20, .ofs_x = 0, .ofs_y = 0},
    {.bitmap_index = 12181, .adv_w = 268, .box_w = 16, .box_h = 20, .ofs_x = 0, .ofs_y = 0},
    {.bitmap_index = 12341, .adv_w = 192, .box_w = 12, .box_h = 11, .ofs_x = 0, .ofs_y = 1},
    {.bitmap_index = 12407, .adv_w = 268, .box_w = 16, .box_h = 17, .ofs_x = 0, .ofs_y = -1},
    {.bitmap_index = 12543, .adv_w = 247, .box_w = 13, .box_h = 21, .ofs_x = 1, .ofs_y = 0},
    {.bitmap_index = 12680, .adv_w = 247, .box_w = 13, .box_h = 21, .ofs_x = 1, .ofs_y = 0},
    {.bitmap_index = 12817, .adv_w = 247, .box_w = 13, .box_h = 20, .ofs_x = 1, .ofs_y = 0},
    {.bitmap_index = 12947, .adv_w = 247, .box_w = 13, .box_h = 20, .ofs_x = 1, .ofs_y = 0},
    {.bitmap_index = 13077, .adv_w = 220, .box_w = 14, .box_h = 21, .ofs_x = 0, .ofs_y = 0},
    {.bitmap_index = 13224, .adv_w = 226, .box_w = 13, .box_h = 15, .ofs_x = 1, .ofs_y = 0},
    {.bitmap_index = 13322, .adv_w = 207, .box_w = 12, .box_h = 15, .ofs_x = 1, .ofs_y = 0},
    {.bitmap_index = 13412, .adv_w = 183, .box_w = 11, .box_h = 15, .ofs_x = 0, .ofs_y = 0},
    {.bitmap_index = 13495, .adv_w = 183, .box_w = 11, .box_h = 15, .ofs_x = 0, .ofs_y = 0},
    {.bitmap_index = 13578, .adv_w = 183, .box_w = 11, .box_h = 15, .ofs_x = 0, .ofs_y = 0},
    {.bitmap_index = 13661, .adv_w = 183, .box_w = 11, .box_h = 15, .ofs_x = 0, .ofs_y = 0},
    {.bitmap_index = 13744, .adv_w = 183, .box_w = 11, .box_h = 15, .ofs_x = 0, .ofs_y = 0},
    {.bitmap_index = 13827, .adv_w = 183, .box_w = 11, .box_h = 15, .ofs_x = 0, .ofs_y = 0},
    {.bitmap_index = 13910, .adv_w = 304, .box_w = 19, .box_h = 11, .ofs_x = 0, .ofs_y = 0},
    {.bitmap_index = 14015, .adv_w = 191, .box_w = 12, .box_h = 16, .ofs_x = 0, .ofs_y = -5},
    {.bitmap_index = 14111, .adv_w = 192, .box_w = 12, .box_h = 15, .ofs_x = 0, .ofs_y = 0},
    {.bitmap_index = 14201, .adv_w = 192, .box_w = 12, .box_h = 15, .ofs_x = 0, .ofs_y = 0},
    {.bitmap_index = 14291, .adv_w = 192, .box_w = 12, .box_h = 15, .ofs_x = 0, .ofs_y = 0},
    {.bitmap_index = 14381, .adv_w = 192, .box_w = 12, .box_h = 15, .ofs_x = 0, .ofs_y = 0},
    {.bitmap_index = 14471, .adv_w = 84, .box_w = 5, .box_h = 15, .ofs_x = -1, .ofs_y = 0},
    {.bitmap_index = 14509, .adv_w = 84, .box_w = 5, .box_h = 15, .ofs_x = 1, .ofs_y = 0},
    {.bitmap_index = 14547, .adv_w = 84, .box_w = 8, .box_h = 15, .ofs_x = -1, .ofs_y = 0},
    {.bitmap_index = 14607, .adv_w = 84, .box_w = 8, .box_h = 15, .ofs_x = -1, .ofs_y = 0},
    {.bitmap_index = 14667, .adv_w = 200, .box_w = 12, .box_h = 16, .ofs_x = 0, .ofs_y = 0},
    {.bitmap_index = 14763, .adv_w = 196, .box_w = 10, .box_h = 15, .ofs_x = 1, .ofs_y = 0},
    {.bitmap_index = 14838, .adv_w = 199, .box_w = 12, .box_h = 15, .ofs_x = 0, .ofs_y = 0},
    {.bitmap_index = 14928, .adv_w = 199, .box_w = 12, .box_h = 15, .ofs_x = 0, .ofs_y = 0},
    {.bitmap_index = 15018, .adv_w = 199, .box_w = 12, .box_h = 15, .ofs_x = 0, .ofs_y = 0},
    {.bitmap_index = 15108, .adv_w = 199, .box_w = 12, .box_h = 15, .ofs_x = 0, .ofs_y = 0},
    {.bitmap_index = 15198, .adv_w = 199, .box_w = 12, .box_h = 15, .ofs_x = 0, .ofs_y = 0},
    {.bitmap_index = 15288, .adv_w = 202, .box_w = 11, .box_h = 11, .ofs_x = 1, .ofs_y = 1},
    {.bitmap_index = 15349, .adv_w = 199, .box_w = 12, .box_h = 13, .ofs_x = 0, .ofs_y = -1},
    {.bitmap_index = 15427, .adv_w = 195, .box_w = 10, .box_h = 15, .ofs_x = 1, .ofs_y = 0},
    {.bitmap_index = 15502, .adv_w = 195, .box_w = 10, .box_h = 15, .ofs_x = 1, .ofs_y = 0},
    {.bitmap_index = 15577, .adv_w = 195, .box_w = 10, .box_h = 15, .ofs_x = 1, .ofs_y = 0},
    {.bitmap_index = 15652, .adv_w = 195, .box_w = 10, .box_h = 15, .ofs_x = 1, .ofs_y = 0},
    {.bitmap_index = 15727, .adv_w = 174, .box_w = 11, .box_h = 20, .ofs_x = 0, .ofs_y = -5},
    {.bitmap_index = 15837, .adv_w = 206, .box_w = 12, .box_h = 20, .ofs_x = 1, .ofs_y = -5},
    {.bitmap_index = 15957, .adv_w = 174, .box_w = 11, .box_h = 20, .ofs_x = 0, .ofs_y = -5},
    {.bitmap_index = 16067, .adv_w = 195, .box_w = 10, .box_h = 3, .ofs_x = 1, .ofs_y = 5},
    {.bitmap_index = 16082, .adv_w = 292, .box_w = 16, .box_h = 3, .ofs_x = 1, .ofs_y = 5},
    {.bitmap_index = 16106, .adv_w = 83, .box_w = 3, .box_h = 7, .ofs_x = 1, .ofs_y = 9},
    {.bitmap_index = 16117, .adv_w = 81, .box_w = 4, .box_h = 7, .ofs_x = 1, .ofs_y = 8},
    {.bitmap_index = 16131, .adv_w = 150, .box_w = 8, .box_h = 7, .ofs_x = 1, .ofs_y = 9},
    {.bitmap_index = 16159, .adv_w = 147, .box_w = 8, .box_h = 7, .ofs_x = 1, .ofs_y = 8},
    {.bitmap_index = 16187, .adv_w = 261, .box_w = 15, .box_h = 3, .ofs_x = 1, .ofs_y = 0},
    {.bitmap_index = 16210, .adv_w = 103, .box_w = 6, .box_h = 11, .ofs_x = 0, .ofs_y = 0},
    {.bitmap_index = 16243, .adv_w = 101, .box_w = 5, .box_h = 11, .ofs_x = 1, .ofs_y = 0}
};

/*---------------------
 *  CHARACTER MAPPING
 *--------------------*/

static const uint16_t unicode_list_2[] = {
    0x0, 0x1, 0x5, 0x6, 0x9, 0xa, 0x13, 0x26,
    0x27
};

/*Collect the unicode lists and glyph_id offsets*/
static const lv_font_fmt_txt_cmap_t cmaps[] =
{
    {
        .range_start = 32, .range_length = 95, .glyph_id_start = 1,
        .unicode_list = NULL, .glyph_id_ofs_list = NULL, .list_length = 0, .type = LV_FONT_FMT_TXT_CMAP_FORMAT0_TINY
    },
    {
        .range_start = 160, .range_length = 96, .glyph_id_start = 96,
        .unicode_list = NULL, .glyph_id_ofs_list = NULL, .list_length = 0, .type = LV_FONT_FMT_TXT_CMAP_FORMAT0_TINY
    },
    {
        .range_start = 8211, .range_length = 40, .glyph_id_start = 192,
        .unicode_list = unicode_list_2, .glyph_id_ofs_list = NULL, .list_length = 9, .type = LV_FONT_FMT_TXT_CMAP_SPARSE_TINY
    }
};



/*--------------------
 *  ALL CUSTOM DATA
 *--------------------*/

#if LVGL_VERSION_MAJOR == 8
/*Store all the custom data of the font*/
static  lv_font_fmt_txt_glyph_cache_t cache;
#endif

#if LVGL_VERSION_MAJOR >= 8
static const lv_font_fmt_txt_dsc_t font_dsc = {
#else
static lv_font_fmt_txt_dsc_t font_dsc = {
#endif
    .glyph_bitmap = glyph_bitmap,
    .glyph_dsc = glyph_dsc,
    .cmaps = cmaps,
    .kern_dsc = NULL,
    .kern_scale = 0,
    .cmap_num = 3,
    .bpp = 4,
    .kern_classes = 0,
    .bitmap_format = 0,
#if LVGL_VERSION_MAJOR == 8
    .cache = &cache
#endif
};



/*-----------------
 *  PUBLIC FONT
 *----------------*/

/*Initialize a public general font descriptor*/
#if LVGL_VERSION_MAJOR >= 8
const lv_font_t diatype_medium_22 = {
#else
lv_font_t diatype_medium_22 = {
#endif
    .get_glyph_dsc = lv_font_get_glyph_dsc_fmt_txt,    /*Function pointer to get glyph's data*/
    .get_glyph_bitmap = lv_font_get_bitmap_fmt_txt,    /*Function pointer to get glyph's bitmap*/
    .line_height = 26,          /*The maximum line height required by the font*/
    .base_line = 5,             /*Baseline measured from the bottom of the line*/
#if !(LVGL_VERSION_MAJOR == 6 && LVGL_VERSION_MINOR == 0)
    .subpx = LV_FONT_SUBPX_NONE,
#endif
#if LV_VERSION_CHECK(7, 4, 0) || LVGL_VERSION_MAJOR >= 8
    .underline_position = -2,
    .underline_thickness = 1,
#endif
    .dsc = &font_dsc,          /*The custom font data. Will be accessed by `get_glyph_bitmap/dsc` */
#if LV_VERSION_CHECK(8, 2, 0) || LVGL_VERSION_MAJOR >= 9
    .fallback = NULL,
#endif
    .user_data = NULL,
};



#endif /*#if DIATYPE_MEDIUM_22*/

